object/tangible/ship/components/armor/arm_corellian_cheap_durasteel.iff,Corellian Engineering Corporation Cheap Durasteel Plating,A1,59,144.8,900.9,,,,,,,,0.38,0.24,,,,,,,,
object/tangible/ship/components/armor/arm_gallofree_mk1.iff,Gallofree Mark I Starfighter Armor,A1,16,164.8,882.9,,,,,,,,0.38,0.24,,,,,,,,
object/tangible/ship/components/armor/arm_incom_light_plate.iff,Incom Light Starship Plating,A1,19,164.8,864.9,,,,,,,,0.38,0.2,,,,,,,,
object/tangible/ship/components/armor/arm_mission_reward_rebel_incom_ultralight.iff,Incom Ultralight Armor Plating,A1,279,160,585,,,,,,,,0.0001,0.0001,,,,,,,,
object/tangible/ship/components/armor/arm_koensayr_b5_durasteel.iff,Koensayr B5 Durasteel Armor,A1,58,168.8,882.9,,,,,,,,0.39,0.24,,,,,,,,
object/tangible/ship/components/armor/arm_koensayr_b9_durasteel.iff,Koensayr B9 Durasteel Armor,A1,74,164.8,873.9,,,,,,,,0.38,0.25,,,,,,,,
object/tangible/ship/components/armor/arm_mandal_composite_j5.iff,MandalMotors J5 Composite Armor,A1,68,164.8,864.9,,,,,,,,0.38,0.24,,,,,,,,
object/tangible/ship/components/armor/arm_moncal_light_weave.iff,Mon Calamari Light Durasteel Weave,A1,95,124.8,702.9,,,,,,,,0.38,0.14,,,,,,,,
object/tangible/ship/components/armor/arm_rss_light_plastisteel.iff,Republic Sienar Systems Light Plastisteel Armor,A1,40,164.8,882.9,,,,,,,,0.3,0.24,,,,,,,,
object/tangible/ship/components/armor/armor_seinar_coated_plasteel.iff,Sienar Coated Plastisteel Armor,A1,41,166.8,882.9,,,,,,,,0.38,0.24,,,,,,,,
object/tangible/ship/components/armor/armor_seinar_enhanced_plasteel.iff,Sienar Enhanced Plastisteel Armor,A1,47,164.8,882.9,,,,,,,,0.38,0.24,,,,,,,,
object/tangible/ship/components/armor/arm_sfs_light_durasteel.iff,Sienar Fleet Systems Light Durasteel Armor,A1,34,164.8,882.9,,,,,,,,0.2,0.24,,,,,,,,
object/tangible/ship/components/armor/arm_subpro_bargain_plastisteel.iff,Subpro Bargain Plastisteel Armor,A1,34,124.8,882.9,,,,,,,,0.4,0.14,,,,,,,,
object/tangible/ship/components/armor/armor_baktoid_spider_shell_g2.iff,Baktoid G2 Spider Shell Armor,A2,49,211,1545.075,,,,,,,,0.39,0.24,,,,,,,,
object/tangible/ship/components/armor/armor_baktoid_mtt_prototype.iff,Baktoid MTT Prototype Armor,A2,58,206,1529.325,,,,,,,,0.38,0.25,,,,,,,,
object/tangible/ship/components/armor/armor_baktoid_shock_armor.iff,Baktoid Shock Armor,A2,57,206,1513.575,,,,,,,,0.38,0.24,,,,,,,,
object/tangible/ship/components/armor/arm_corellian_light_durasteel.iff,Corellian Engineering Corporation Light Durasteel,A2,53,206,1545.075,,,,,,,,0.38,0.24,,,,,,,,
object/tangible/ship/components/armor/arm_cygnus_light_weave.iff,Cygnus Light Armor Weave,A2,43,206,1545.075,,,,,,,,0.38,0.24,,,,,,,,
object/tangible/ship/components/armor/arm_freitek_deluxe_light.iff,FreiTek Inc. Deluxe Light Durasteel,A2,9,181,1387.575,,,,,,,,0.38,0.24,,,,,,,,
object/tangible/ship/components/armor/arm_koensayr_reinforced_b5_durasteel.iff,Koensayr Reinforced B5 Durasteel Armor,A2,64,206,1513.575,,,,,,,,0.38,0.2,,,,,,,,
object/tangible/ship/components/armor/arm_kse_modified_light_durasteel.iff,Kuat Systems Engineering Modified Light Durasteel,A2,96,206,1545.075,,,,,,,,0.3,0.24,,,,,,,,
object/tangible/ship/components/armor/arm_kse_intermediate_durasteel.iff,Kuat Systems Engineering Intermediate Durasteel Plating,A2,49,206,1545.075,,,,,,,,0.2,0.24,,,,,,,,
object/tangible/ship/components/armor/arm_mandal_modifier_composite_j5.iff,MandalMotors Modified J5 Composite Armor,A2,49,156,1545.075,,,,,,,,0.38,0.14,,,,,,,,
object/tangible/ship/components/armor/arm_moncal_improved_light_weave.iff,Mon Calamari Improved Light Durasteel Weave,A2,79,206,1214.325,,,,,,,,0.38,0.25,,,,,,,,
object/tangible/ship/components/armor/arm_rendili_tough_plate.iff,Rendili Tough Starship Plating,A2,56,208.5,1545.075,,,,,,,,0.38,0.24,,,,,,,,
object/tangible/ship/components/armor/arm_slayn_tech_weave.iff,Slayn and Korpil Light Tech Weave,A2,8,206,1545.075,,,,,,,,0.38,0.24,,,,,,,,
object/tangible/ship/components/armor/arm_sorosuub_improved_light_plastisteel.iff,SoroSuub Improved Light Plastisteel Armor,A2,69,206,1513.575,,,,,,,,0.38,0.24,,,,,,,,
object/tangible/ship/components/armor/arm_corellian_reinforced_light_durasteel.iff,Corellian Engineering Corp. Reinforced Light Durasteel,A3,38,287.04,1757.25,,,,,,,,0.38,0.318,,,,,,,,
object/tangible/ship/components/armor/arm_cygnus_standard_weave.iff,Cygnus Standard Durasteel Weave,A3,30,379.04,2207.25,,,,,,,,0.38,0.318,,,,,,,,
object/tangible/ship/components/armor/armor_freitek_es4_durasteel.iff,Freitek ES-4 Durasteel Armor,A3,3,383.64,2207.25,,,,,,,,0.38,0.316,,,,,,,,
object/tangible/ship/components/armor/armor_freitek_ew6_prototype.iff,Freitek EW6 Prototype Armor,A3,5,379.04,2207.25,,,,,,,,0.38,0.317,,,,,,,,
object/tangible/ship/components/armor/arm_gallofree_mk2.iff,Gallofree Mark II Starfighter Armor,A3,10,379.04,2207.25,,,,,,,,0.3,0.318,,,,,,,,
object/tangible/ship/components/armor/arm_incom_standard_plate.iff,Incom Standard Plating,A3,8,379.04,2207.25,,,,,,,,0.2,0.318,,,,,,,,
object/tangible/ship/components/armor/arm_koensayr_promotional_b9_durasteel.iff,Koensayr Promotional Edition B9 Durasteel,A3,22,379.04,2162.25,,,,,,,,0.38,0.318,,,,,,,,
object/tangible/ship/components/armor/arm_koensayr_standard_durasteel.iff,Koensayr Standard Durasteel Plating,A3,26,379.04,2207.25,,,,,,,,0.38,0.31,,,,,,,,
object/tangible/ship/components/armor/arm_kse_standard_durasteel.iff,Kuat Systems Engineering Standard Durasteel,A3,50,379.04,2207.25,,,,,,,,0.38,0.318,,,,,,,,
object/tangible/ship/components/armor/armor_mandal_composite_j14.iff,MandalMotors J-14 Composite Armor,A3,23,333.04,1982.25,,,,,,,,0.38,0.315,,,,,,,,
object/tangible/ship/components/armor/arm_mandal_composite_j7.iff,MandalMotors J7 Composite Armor,A3,30,379.04,2184.75,,,,,,,,0.38,0.318,,,,,,,,
object/tangible/ship/components/armor/arm_sfs_standard_durasteel.iff,Sienar Fleet Systems Standard Durasteel,A3,25,379.04,2162.25,,,,,,,,0.38,0.318,,,,,,,,
object/tangible/ship/components/armor/arm_sorosuub_intemediate_plastisteel.iff,Sorosuub Intermediate Plastisteel,A3,28,388.24,2207.25,,,,,,,,0.39,0.318,,,,,,,,
object/tangible/ship/components/armor/arm_subpro_improved_light_plastisteel.iff,SubPro Improved Light Plastisteel,A3,28,379.04,2252.25,,,,,,,,0.38,0.318,,,,,,,,
object/tangible/ship/components/armor/arm_corellian_standard_durasteel.iff,Corellian Engineering Corp. Standard Durasteel Plating,A4,46,473.8,3783.938,,,,,,,,0.38,0.318,,,,,,,,
object/tangible/ship/components/armor/arm_freitek_standard.iff,FreiTek Inc. Standard Armor,A4,8,473.8,3862.688,,,,,,,,0.3,0.318,,,,,,,,
object/tangible/ship/components/armor/arm_incom_modified_standard_plate.iff,Incom Modified Standard Plate,A4,10,473.8,3862.688,,,,,,,,0.2,0.318,,,,,,,,
object/tangible/ship/components/armor/arm_koensayr_enhanced_standard_durasteel.iff,Koensayr Enhanced Standard Durasteel,A4,45,473.8,3862.688,,,,,,,,0.38,0.31,,,,,,,,
object/tangible/ship/components/armor/arm_koensayr_heavy_durasteel.iff,Koensayr Heavy Durasteel Armor,A4,59,358.8,3075.188,,,,,,,,0.38,0.318,,,,,,,,
object/tangible/ship/components/armor/arm_kse_heavy_durasteel.iff,Kuat Systems Engineering Heavy Durasteel,A4,80,473.8,3862.688,,,,,,,,0.38,0.318,,,,,,,,
object/tangible/ship/components/armor/arm_mandal_double_plated_composite_j7.iff,MandalMotors Double Plated J7 Composite Armor,A4,45,473.8,3823.313,,,,,,,,0.38,0.318,,,,,,,,
object/tangible/ship/components/armor/arm_mission_reward_imperial_sfs_light_military.iff,Sienar Fleet Systems Light Military Grade Durasteel,A4,188,460,2047.5,,,,,,,,0.0001,0.0001,,,,,,,,
object/tangible/ship/components/armor/arm_sds_triplate_system.iff,Sienar Design Systems Tri-Plate Armor System,A4,30,473.8,3862.688,,,,,,,,0.38,0.318,,,,,,,,
object/tangible/ship/components/armor/arm_sfs_enhanced_standard_durasteel.iff,Sienar Fleet Systems Enhanced Standard Durasteel,A4,22,473.8,3783.938,,,,,,,,0.38,0.318,,,,,,,,
object/tangible/ship/components/armor/arm_sorosuub_special_intermediate_durasteel.iff,SoroSuub Special Edition Intermediate Durasteel,A4,42,485.3,3862.688,,,,,,,,0.39,0.318,,,,,,,,
object/tangible/ship/components/armor/arm_subpro_standard_plastisteel.iff,SubPro Standard Plastisteel Armor,A4,49,473.8,3941.437,,,,,,,,0.38,0.318,,,,,,,,
object/tangible/ship/components/armor/armor_alderaan_royal_plate.iff,Alderaan Royal Plate Armor,A4,50,479.55,3862.688,,,,,,,,0.38,0.316,,,,,,,,
object/tangible/ship/components/armor/armor_alderaan_royal_weave.iff,Alderaan Royal Weave Armor,A4,38,416.3,3468.938,,,,,,,,0.38,0.315,,,,,,,,
object/tangible/ship/components/armor/armor_mandal_insulated_i5.iff,MandalMotors I5 Insulated Armor,A4,34,473.8,3862.688,,,,,,,,0.38,0.317,,,,,,,,
object/tangible/ship/components/armor/armor_trilon_custom.iff,Customized Trilon Armor,A5,70,612.794,5518.125,,,,,,,,0.38,0.375,,,,,,,,
object/tangible/ship/components/armor/arm_koensayr_enhanced_heavy_durasteel.iff,Koensayr Enhanced Heavy Durasteel,A5,88,697.434,5518.125,,,,,,,,0.38,0.375,,,,,,,,
object/tangible/ship/components/armor/arm_koensayr_light_advanced_durasteel.iff,Koensayr Light Advanced Durasteel,A5,118,528.154,4955.625,,,,,,,,0.38,0.375,,,,,,,,
object/tangible/ship/components/armor/arm_kse_modified_heavy_durasteel.iff,Kuat Systems Engineering Modified Heavy Durasteel,A5,94,697.434,5518.125,,,,,,,,0.38,0.375,,,,,,,,
object/tangible/ship/components/armor/arm_mandal_custom_heavy_composite.iff,MandalMotors Custom Heavy Composite,A5,108,697.434,5518.125,,,,,,,,0.38,0.375,,,,,,,,
object/tangible/ship/components/armor/arm_mandal_heavy_composite.iff,MandalMotors Heavy Composite,A5,91,714.362,5518.125,,,,,,,,0.39,0.375,,,,,,,,
object/tangible/ship/components/armor/arm_sorosuub_heavy_plastisteel.iff,SoroSuub Heavy Plastisteel,A5,99,697.434,5518.125,,,,,,,,0.38,0.378,,,,,,,,
object/tangible/ship/components/armor/arm_subpro_improved_standard_durasteel.iff,SubPro Improved Standard Durasteel,A5,79,697.434,5518.125,,,,,,,,0.2,0.375,,,,,,,,
object/tangible/ship/components/armor/armor_subpro_light_plasteel.iff,SubPro Light Plastisteel Armor,A5,99,697.434,4955.625,,,,,,,,0.38,0.375,,,,,,,,
object/tangible/ship/components/armor/armor_trilon_unknown.iff,Unknown Trilon Armor,A5,106,705.898,5518.125,,,,,,,,0.38,0.375,,,,,,,,
object/tangible/ship/components/armor/arm_corellian_heavy_durasteel.iff,Corellian Heavy Durasteel,A6,92,871.792,9645.683,,,,,,,,0.38,0.355,,,,,,,,
object/tangible/ship/components/armor/arm_corellian_special_standard_durasteel.iff,Corellian Special Standard Durasteel,A6,90,892.952,9645.683,,,,,,,,0.39,0.375,,,,,,,,
object/tangible/ship/components/armor/arm_koensayr_advanced_durasteel.iff,Koensayr Advanced Durasteel,A6,90,871.792,9449.033,,,,,,,,0.38,0.375,,,,,,,,
object/tangible/ship/components/armor/arm_koensayr_limited_heavy_durasteel.iff,Koensayr Limited Heavy Durasteel,A6,91,871.792,9645.683,,,,,,,,0.38,0.345,,,,,,,,
object/tangible/ship/components/armor/arm_kse_advanced_durasteel.iff,Kuat Systems Engineering Advanced Durasteel,A6,92,882.372,9842.332,,,,,,,,0.38,0.375,,,,,,,,
object/tangible/ship/components/armor/arm_kse_limited_heavy_durasteel.iff,Kuat Systems Engineering Limited Heavy Durasteel,A6,106,765.992,7679.182,,,,,,,,0.38,0.375,,,,,,,,
object/tangible/ship/components/armor/arm_mandal_double_insulated_i5.iff,MandalMotors Double Insulated I5,A6,98,871.792,9645.683,,,,,,,,0.38,0.375,,,,,,,,
object/tangible/ship/components/armor/arm_mandal_enhanced_heavy_composite.iff,MandalMotors Enhanced Heavy Composite,A6,101,871.792,9449.033,,,,,,,,0.38,0.375,,,,,,,,
object/tangible/ship/components/armor/arm_mission_reward_neutral_kse_handcrafted.iff,Kuat Systems Engineering Handcrafted Durasteel Plating,A6,271,1269.6,9180,,,,,,,,0.0001,0.0001,,,,,,,,
object/tangible/ship/components/armor/arm_mission_reward_rebel_corellian_triplate.iff,Corellian Engineering Corp. Triplate Armor,A6,199,1269.6,9180,,,,,,,,0.0001,0.0001,,,,,,,,
object/tangible/ship/components/armor/armor_subpro_corrugated_durasteel.iff,SubPro Corrugated Durasteel Armor,A6,90,871.792,9547.358,,,,,,,,0.38,0.375,,,,,,,,
object/tangible/ship/components/armor/armor_subpro_reinforced_plasteel.iff,SubPro Reinforced Plastisteel Armor,A6,99,871.792,9645.683,,,,,,,,0.3,0.375,,,,,,,,
object/tangible/ship/components/armor/arm_corellian_advanced_durasteel.iff,Corellian Advanced Durasteel,A7,70,902.032,13773.24,,,,,,,,0.38,0.433,,,,,,,,
object/tangible/ship/components/armor/arm_corellian_modified_heavy_durasteel.iff,Corellian Modified Heavy Durasteel,A7,96,1039.081,13492.44,,,,,,,,0.38,0.433,,,,,,,,
object/tangible/ship/components/armor/arm_koensayr_supreme_durasteel.iff,Koensayr Supreme Durasteel,A7,93,1026.622,13632.84,,,,,,,,0.38,0.433,,,,,,,,
object/tangible/ship/components/armor/arm_koensayr_thick_advanced_durasteel.iff,Koensayr Thick Advanced Durasteel,A7,86,1026.622,13773.24,,,,,,,,0.38,0.433,,,,,,,,
object/tangible/ship/components/armor/arm_kse_customized_advanced_durasteel.iff,Kuat Systems Engineering Customized Advanced Durasteel,A7,80,1026.622,13773.24,,,,,,,,0.38,0.4,,,,,,,,
object/tangible/ship/components/armor/arm_kse_supreme_durasteel.iff,Kuat Systems Engineering Supreme Durasteel,A7,98,1051.54,13773.24,,,,,,,,0.39,0.433,,,,,,,,
object/tangible/ship/components/armor/arm_mandal_advanced_composite.iff,MandalMotors Advanced Composite Armor,A7,92,777.442,13773.24,,,,,,,,0.38,0.433,,,,,,,,
object/tangible/ship/components/armor/arm_mandal_insulated_i7.iff,MandalMotors Insulated I7,A7,65,1026.622,13773.24,,,,,,,,0.2,0.433,,,,,,,,
object/tangible/ship/components/armor/arm_subpro_heavy_plastisteel.iff,SubPro Heavy Plastisteel,A7,75,1026.622,12369.24,,,,,,,,0.3,0.433,,,,,,,,
object/tangible/ship/components/armor/arm_subpro_limited_heavy_plastisteel.iff,SubPro Limited Heavy Plastisteel,A7,87,1026.622,13773.24,,,,,,,,0.38,0.3,,,,,,,,
object/tangible/ship/components/armor/arm_corellian_improved_advanced_durasteel.iff,Corellian Improved Advanced Durasteel,A8,48,1283.277,24594.57,,,,,,,,0.3,0.433,,,,,,,,
object/tangible/ship/components/armor/arm_corellian_supreme_durasteel.iff,Corellian Supreme Durasteel,A8,61,1283.277,19189.17,,,,,,,,0.38,0.4,,,,,,,,
object/tangible/ship/components/armor/arm_fibertech_steel_plating.iff,Fibertech Steel Plating,A8,44,1920,25000,,,,,,,,0.0001,0.0001,,,,,,,,
object/tangible/ship/components/armor/arm_koensayr_limited_supreme_durasteel.iff,Koensayr Limited Supreme Durasteel,A8,62,971.802,23611.77,,,,,,,,0.38,0.433,,,,,,,,
object/tangible/ship/components/armor/arm_koensayr_special_supreme_durasteel.iff,Koensayr Special Supreme Durasteel,A8,57,1283.277,24103.17,,,,,,,,0.2,0.433,,,,,,,,
object/tangible/ship/components/armor/arm_kse_elite_durasteel.iff,Kuat Systems Engineering Elite Durasteel,A8,68,1283.277,24103.17,,,,,,,,0.38,0.39,,,,,,,,
object/tangible/ship/components/armor/arm_kse_modified_supreme_durasteel.iff,Kuat Systems Engineering Modified Supreme Durasteel,A8,60,1283.277,24103.17,,,,,,,,0.38,0.433,,,,,,,,
object/tangible/ship/components/armor/arm_mandal_double_insulated_i7.iff,MandalMotors Double Insulated I7,A8,59,1283.277,24103.17,,,,,,,,0.38,0.2,,,,,,,,
object/tangible/ship/components/armor/arm_mandal_reinforced_advanced_composite.iff,MandalMotors Reinforced Advanced Composite,A8,44,1283.277,21646.17,,,,,,,,0.38,0.433,,,,,,,,
object/tangible/ship/components/armor/arm_mission_reward_imperial_rss_special_durasteel.iff,Republic Sienar Systems Special Durasteel,A8,51,1868.85,24840,,,,,,,,0.0001,0.0001,,,,,,,,
object/tangible/ship/components/armor/arm_subpro_advanced_plasisteel.iff,SubPro Advanced Plastisteel,A8,90,1283.277,24103.17,,,,,,,,0.38,0.433,,,,,,,,
object/tangible/ship/components/armor/arm_subpro_experimental_advanced_plastisteel.iff,SubPro Experimental Advanced Plastisteel,A8,68,1283.277,23857.47,,,,,,,,0.38,0.433,,,,,,,,
object/tangible/ship/components/armor/arm_corellian_elite_durasteel.iff,Corellian Elite Durasteel,A9,37,915.514,27413.1,,,,,,,,0.38,0.483,,,,,,,,
object/tangible/ship/components/armor/arm_corellian_reinforced_supreme_durasteel.iff,Corellian Reinforced Supreme Durasteel,A9,73,1208.948,35135.1,,,,,,,,0.38,0.483,,,,,,,,
object/tangible/ship/components/armor/arm_koensayr_elite_plastisteel.iff,Koensayr Elite Plastisteel,A9,123,1208.948,33731.1,,,,,,,,0.38,0.3,,,,,,,,
object/tangible/ship/components/armor/arm_koensayr_improved_elite_plastisteel.iff,Koensayr Improved Elite Plastisteel,A9,67,1208.948,34433.1,,,,,,,,0.38,0.483,,,,,,,,
object/tangible/ship/components/armor/arm_kessel_rebel_mandal_corrugated_plastisteel.iff,MandalMotors Corrugated Plastisteel,A9,19,1540.529,42120,,,,,,,,0.38,0.25,,,,,,,,
object/tangible/ship/components/armor/arm_mandal_modified_supreme_composite.iff,MandalMotors Modified Supreme Composite,A9,51,1208.948,34433.1,,,,,,,,0.38,0.4,,,,,,,,
object/tangible/ship/components/armor/arm_mandal_supreme_composite.iff,MandalMotors Supreme Composite,A9,64,1062.231,34433.1,,,,,,,,0.38,0.483,,,,,,,,
object/tangible/ship/components/armor/arm_kessel_imperial_rendili_crystalline_durasteel.iff,Rendili Crystalline Durasteel Plating,A9,266,1540.529,42120,,,,,,,,0.38,0.483,,,,,,,,
object/tangible/ship/components/armor/arm_kessel_imperial_sfs_imperial_finest.iff,"Sienar Fleet Systems ""Imperial Finest"" Durasteel",A9,23,1467.17,38610,,,,,,,,0.38,0.1,,,,,,,,
object/tangible/ship/components/armor/arm_kessel_rebel_sorosuub_spidershell_plating.iff,"SoroSuub ""Spider-Shell"" Armor Plating",A9,8,1467.17,38610,,,,,,,,0.38,0.1,,,,,,,,
object/tangible/ship/components/armor/arm_sorosuub_advanced_plastisteel.iff,SoroSuub Advanced Plastisteel,A9,63,1208.948,34433.1,,,,,,,,0.2,0.4,,,,,,,,
object/tangible/ship/components/armor/arm_sorosuub_enhanced_advanced_plastisteel.iff,SoroSuub Enhanced Advanced Plastisteel,A9,69,1208.948,34433.1,,,,,,,,0.3,0.483,,,,,,,,
object/tangible/ship/components/armor/arm_subpro_enhanced_supreme_plastisteel.iff,SubPro Enhanced Supreme Plastisteel,A9,66,1208.948,34082.1,,,,,,,,0.38,0.483,,,,,,,,
object/tangible/ship/components/armor/arm_subpro_supreme_plastisteel.iff,SubPro Supreme Plastisteel,A9,60,1238.291,34433.1,,,,,,,,0.39,0.483,,,,,,,,
object/tangible/ship/components/armor/arm_corellian_enhanced_elite_plastisteel.iff,Corellian Enhanced Elite Plastisteel,A0,47,1529.525,40650.3,,,,,,,,0.38,0.483,,,,,,,,
object/tangible/ship/components/armor/arm_mandal_elite_composite.iff,MandalMotors Elite Composite,A0,52,1144.393,41496.3,,,,,,,,0.38,0.483,,,,,,,,
object/tangible/ship/components/armor/arm_mandal_enhanced_elite_composite.iff,MandalMotors Enhanced Elite Composite,A0,41,1511.185,41073.3,,,,,,,,0.2,0.4,,,,,,,,
object/tangible/ship/components/armor/arm_moncal_advanced_weave.iff,Mon Calamari Advanced Weave,A0,62,1547.864,33036.3,,,,,,,,0.39,0.483,,,,,,,,
object/tangible/ship/components/armor/arm_moncal_elite_weave.iff,Mon Calamari Elite Weave,A0,312,1327.789,41496.3,,,,,,,,0.38,0.483,,,,,,,,
object/tangible/ship/components/armor/arm_moncal_supreme_weave.iff,Mon Calamari Supreme Weave,A0,45,1511.185,42342.3,,,,,,,,0.38,0.4,,,,,,,,
object/tangible/ship/components/armor/arm_kessel_imperial_sds_imperial_impervious.iff,"Sienar Design Systems ""Impervious"" Imperial Durasteel",A0,86,2310.963,46530,,,,,,,,0.3,0.1,,,,,,,,
object/tangible/ship/components/armor/arm_kessel_rebel_slayn_flexsteel_multilayer.iff,Slayn and Korpil Flexsteel Multi-Layer Armor,A0,150,2310.963,46530,,,,,,,,0.38,0.25,,,,,,,,
object/tangible/ship/components/armor/arm_sorosuub_elite_plastisteel.iff,SoroSuub Elite Plastisteel,A0,45,1511.185,41496.3,,,,,,,,0.38,0.3,,,,,,,,
object/tangible/ship/components/armor/arm_sorosuub_modified_elite_plastisteel.iff,SoroSuub Modified Elite Plastisteel,A0,38,1511.185,41073.3,,,,,,,,0.38,0.483,,,,,,,,
object/tangible/ship/components/armor/arm_subpro_elite_plastisteel.iff,SubPro Elite Plastisteel,A0,61,1511.185,41496.3,,,,,,,,0.3,0.483,,,,,,,,
object/tangible/ship/components/armor/arm_subpro_special_elite_plastisteel.iff,SubPro Special Elite Plastisteel,A0,58,1511.185,41073.3,,,,,,,,0.38,0.483,,,,,,,,
object/tangible/ship/components/booster/bst_corellian_tjh3.iff,Corellian Engineering Corp. TJH-3 Starship Boosters,B1,20,75,500,800,1000,25,100,20,15,,0.05,0.15,0.15,0.1,0.1,0.1,0.04,0.03,,
object/tangible/ship/components/booster/bst_gallofree_light.iff,Gallofree Light Starship Boosters,B1,12,75,500,800,1000,25,100,20,15,,0.05,0.15,0.15,0.1,0.1,0.1,0.04,0.03,,
object/tangible/ship/components/booster/bst_incom_intimidator_mk1.iff,Incom Intimidator Mark I Booster,B1,14,75,500,800,1000,25,100,20,15,,0.05,0.15,0.15,0.1,0.1,0.1,0.04,0.03,,
object/tangible/ship/components/booster/bst_incom_nkj31.iff,Incom NKJ-31 Starship Boosters,B1,18,75,500,800,1000,25,100,20,15,,0.05,0.15,0.15,0.1,0.1,0.1,0.04,0.03,,
object/tangible/ship/components/booster/bst_koensayr_evh12.iff,Koensayr EVH-12 Starship Boosters,B1,30,75,500,800,1000,25,100,20,15,,0.05,0.15,0.15,0.1,0.1,0.1,0.04,0.03,,
object/tangible/ship/components/booster/bst_kuat_military_mk1.iff,Kuat Drive Yards Mark I Military Grade Boosters,B1,40,75,500,800,1000,25,100,20,15,,0.05,0.15,0.15,0.1,0.1,0.1,0.04,0.03,,
object/tangible/ship/components/booster/bst_kse_cb6.iff,Kuat Systems Engineering CB-6 Boosters,B1,45,75,500,800,1000,25,100,20,15,,0.05,0.15,0.15,0.1,0.1,0.1,0.04,0.03,,
object/tangible/ship/components/booster/bst_mandal_jbj_mk1.iff,MandalMotors JBJ Mark I Starship Boosters,B1,18,75,500,800,1000,25,100,20,15,,0.05,0.15,0.15,0.1,0.1,0.1,0.04,0.03,,
object/tangible/ship/components/booster/bst_moncal_jlc37.iff,Mon Calamari JLC-37 Starship Boosters,B1,28,75,500,800,1000,25,100,20,15,,0.05,0.15,0.15,0.1,0.1,0.1,0.04,0.03,,
object/tangible/ship/components/booster/bst_sfs_imperial_1.iff,Sienar Fleet Systems Imperial-1 Boosters,B1,10,75,500,800,1000,25,100,20,15,,0.05,0.15,0.15,0.1,0.1,0.1,0.04,0.03,,
object/tangible/ship/components/booster/bst_slayn_ion_booster_mk1.iff,Slayn and Korpil Mark I Ion-Booster,B1,7,75,500,800,1000,25,100,20,15,,0.05,0.15,0.15,0.1,0.1,0.1,0.04,0.03,,
object/tangible/ship/components/booster/bst_sorosuub_liberator_mk1.iff,SoroSuub Mark I Liberator Boosters,B1,39,75,500,800,1000,25,100,20,15,,0.05,0.15,0.15,0.1,0.1,0.1,0.04,0.03,,
object/tangible/ship/components/booster/bst_subpro_accelatron_mk1.iff,"SubPro Mark I ""Accelatron"" Boosters",B1,34,75,500,800,1000,25,100,20,15,,0.05,0.15,0.15,0.1,0.1,0.1,0.04,0.03,,
object/tangible/ship/components/booster/bst_corellian_experimental_tjh3.iff,Corellian Engineering Corp. Experimental TJH-3 Starship Boosters,B2,51,112.5,500,1400,1500,37.5,150,30,22.5,,0.05,0.15,0.15,0.1,0.1,0.1,0.04,0.03,,
object/tangible/ship/components/booster/bst_cygnus_flashboost3.iff,"Cygnus ""Flash-Booster 3"" Starship Boosters",B2,20,112.5,500,1400,1500,37.5,150,30,22.5,,0.05,0.15,0.15,0.1,0.1,0.1,0.04,0.03,,
object/tangible/ship/components/booster/bst_freitek_outrunner_x1.iff,FreiTek Inc. Outrunner X1 Boosters,B2,10,112.5,500,1400,1500,37.5,150,30,22.5,,0.05,0.15,0.15,0.1,0.1,0.1,0.04,0.03,,
object/tangible/ship/components/booster/bst_incom_performance_nkj31.iff,Incom Performance NKJ-31 Boosters,B2,5,112.5,500,1400,1500,37.5,150,30,22.5,,0.05,0.15,0.15,0.1,0.1,0.1,0.04,0.03,,
object/tangible/ship/components/booster/bst_koensayr_special_evh12.iff,Koensayr Special Edition EVH-12 Starship Boosters,B2,42,112.5,500,1400,1500,37.5,150,30,22.5,,0.05,0.15,0.15,0.1,0.1,0.1,0.04,0.03,,
object/tangible/ship/components/booster/bst_kse_performance_cb6.iff,Kuat Systems Engineering Performance CB-6 Boosters,B2,44,112.5,500,1400,1500,37.5,150,30,22.5,,0.05,0.15,0.15,0.1,0.1,0.1,0.04,0.03,,
object/tangible/ship/components/booster/bst_mandal_enhanced_jbj_mk1.iff,MandalMotors Enhanced JBJ Mark I Starship Boosters,B2,43,112.5,500,1400,1500,37.5,150,30,22.5,,0.05,0.15,0.15,0.1,0.1,0.1,0.04,0.03,,
object/tangible/ship/components/booster/bst_moncal_limited_jlc37.iff,Mon Calamari Limited Edition JLC-37 Starship Boosters,B2,56,112.5,500,1400,1500,37.5,150,30,22.5,,0.05,0.15,0.15,0.1,0.1,0.1,0.04,0.03,,
object/tangible/ship/components/booster/bst_qualdex_xboost_mk1.iff,"Qualdex ""X-Boost"" Mark I Boosters",B2,40,112.5,500,1400,1500,37.5,150,30,22.5,,0.05,0.15,0.15,0.1,0.1,0.1,0.04,0.03,,
object/tangible/ship/components/booster/bst_sap_imperial_1.iff,Sienar Advanced Projects Imperial-1 Boosters,B2,21,112.5,500,1400,1500,37.5,150,30,22.5,,0.05,0.15,0.15,0.1,0.1,0.1,0.04,0.03,,
object/tangible/ship/components/booster/bst_sorosuub_prized_liberator_mk1.iff,SoroSuub Prized Mark I Liberator Boosters,B2,20,112.5,500,1400,1500,37.5,150,30,22.5,,0.05,0.15,0.15,0.1,0.1,0.1,0.04,0.03,,
object/tangible/ship/components/booster/bst_subpro_tuned_accelatron_mk1.iff,"SubPro Tuned Mark I ""Accelatron"" Boosters",B2,39,112.5,500,1400,1500,37.5,150,30,22.5,,0.05,0.15,0.15,0.1,0.1,0.1,0.04,0.03,,
object/tangible/ship/components/booster/bst_surronian_nomad_x4.iff,"Surronian ""Nomad X-4"" Boosters",B2,39,112.5,500,1400,1500,37.5,150,30,22.5,,0.05,0.15,0.15,0.1,0.1,0.1,0.04,0.03,,
object/tangible/ship/components/booster/bst_corellian_standard_thrust_enhancer.iff,Corellian Engineering Corp. Standard Thrust Enhancer,B3,28,172.5,525,2100,1100,27.5,110,22,16.65,,0.05,0.15,0.15,0.1,0.1,0.1,0.04,0.03,,
object/tangible/ship/components/booster/bst_cygnus_flashboost4.iff,"Cygnus ""Flashboost 4"" Boosters",B3,6,172.5,525,2100,1100,27.5,110,22,16.65,,0.05,0.15,0.15,0.1,0.1,0.1,0.04,0.03,,
object/tangible/ship/components/booster/bst_incom_mynock.iff,"Incom ""Mynock"" Starship Boosters",B3,1,172.5,525,2100,1100,27.5,110,22,16.65,,0.05,0.15,0.15,0.1,0.1,0.1,0.04,0.03,,
object/tangible/ship/components/booster/bst_incom_intimidator_mk2.iff,Incom Intimidator Mark II Boosters,B3,19,172.5,525,2100,1100,27.5,110,22,16.65,,0.05,0.15,0.15,0.1,0.1,0.1,0.04,0.03,,
object/tangible/ship/components/booster/bst_koensayr_standard.iff,Koensayr Standard Booster,B3,24,172.5,525,2100,1100,27.5,110,22,16.65,,0.05,0.15,0.15,0.1,0.1,0.1,0.04,0.03,,
object/tangible/ship/components/booster/bst_kse_bti1.iff,Kuat Systems Engineering BTI-1 Boosters,B3,21,172.5,525,2100,1100,27.5,110,22,16.65,,0.05,0.15,0.15,0.1,0.1,0.1,0.04,0.03,,
object/tangible/ship/components/booster/bst_mandal_jbj_mk2.iff,MandalMotors JBJ Mark II Starship Boosters,B3,26,172.5,525,2100,1100,27.5,110,22,16.65,,0.05,0.15,0.15,0.1,0.1,0.1,0.04,0.03,,
object/tangible/ship/components/booster/bst_moncal_standard.iff,Mon Calamari Standard Boosters,B3,31,172.5,525,2100,1100,27.5,110,22,16.65,,0.05,0.15,0.15,0.1,0.1,0.1,0.04,0.03,,
object/tangible/ship/components/booster/bst_sap_imperial_2.iff,Sienar Advanced Projects Imperial-2 Boosters,B3,13,172.5,525,2100,1100,27.5,110,22,16.65,,0.05,0.15,0.15,0.1,0.1,0.1,0.04,0.03,,
object/tangible/ship/components/booster/bst_sfs_imperial_2.iff,Sienar Fleet Systems Imperial-2 Boosters,B3,9,172.5,525,2100,1100,27.5,110,22,16.65,,0.05,0.15,0.15,0.1,0.1,0.1,0.04,0.03,,
object/tangible/ship/components/booster/bst_sorosuub_liberator_mk2.iff,SoroSuub Mark II Liberator Boosters,B3,25,172.5,525,2100,1100,27.5,110,22,16.65,,0.05,0.15,0.15,0.1,0.1,0.1,0.04,0.03,,
object/tangible/ship/components/booster/bst_subpro_accelatron_mk2.iff,"SubPro Mark II ""Accelatron"" Boosters",B3,25,172.5,525,2100,1100,27.5,110,22,16.65,,0.05,0.15,0.15,0.1,0.1,0.1,0.04,0.03,,
object/tangible/ship/components/booster/bst_corellian_promotional_standard_thrust_enhancer.iff,Corellian Engineering Corp. Promotional Edition Standard Thrust Enhancer,B4,20,258.75,525,3675,1650,41.25,165,33,24.975,,0.05,0.15,0.15,0.1,0.1,0.1,0.04,0.03,,
object/tangible/ship/components/booster/bst_incom_enhanced_mynock.iff,"Incom Enhanced ""Mynock"" Boosters",B4,8,258.75,525,3675,1650,41.25,165,33,24.975,,0.05,0.15,0.15,0.1,0.1,0.1,0.04,0.03,,
object/tangible/ship/components/booster/bst_koensayr_improved_standard.iff,Koensayr Improved Standard Booster,B4,15,258.75,525,3675,1650,41.25,165,33,24.975,,0.05,0.15,0.15,0.1,0.1,0.1,0.04,0.03,,
object/tangible/ship/components/booster/bst_kde_br12.iff,Kuat Drive Yard BR-12 Booster,B4,26,258.75,525,3675,1650,41.25,165,33,24.975,,0.05,0.15,0.15,0.1,0.1,0.1,0.04,0.03,,
object/tangible/ship/components/booster/bst_kuat_military_mk2.iff,Kuat Drive Yards Mark II Military Grade Boosters,B4,14,258.75,525,3675,1650,41.25,165,33,24.975,,0.05,0.15,0.15,0.1,0.1,0.1,0.04,0.03,,
object/tangible/ship/components/booster/bst_kse_performance_bti1.iff,Kuat Systems Engineering Performance BTI-1 Boosters,B4,25,258.75,525,3675,1650,41.25,165,33,24.975,,0.05,0.15,0.15,0.1,0.1,0.1,0.04,0.03,,
object/tangible/ship/components/booster/bst_mission_reward_neutral_mandal_m_series.iff,"MandalMotors ""M Series"" Booster",B4,50,336.375,450,3150,1980,49.5,198,36.3,24.975,,0.0001,0.0001,0.0001,0.0001,0.0001,0.0001,0.0001,0.0001,,
object/tangible/ship/components/booster/bst_mandal_modified_jbj_mk2.iff,MandalMotors Modified JBJ Mark II Boosters,B4,28,258.75,525,3675,1650,41.25,165,33,24.975,,0.05,0.15,0.15,0.1,0.1,0.1,0.04,0.03,,
object/tangible/ship/components/booster/bst_moncal_deluxe_standard.iff,Mon Calamari Deluxe Standard Boosters,B4,48,258.75,525,3675,1650,41.25,165,33,24.975,,0.05,0.15,0.15,0.1,0.1,0.1,0.04,0.03,,
object/tangible/ship/components/booster/bst_mission_reward_rebel_novaldex_hypernova.iff,"Novaldex ""Hypernova"" Starship Booster",B4,25,336.375,450,3150,1980,49.5,198,36.3,24.975,,0.0001,0.0001,0.0001,0.0001,0.0001,0.0001,0.0001,0.0001,,
object/tangible/ship/components/booster/bst_qualdex_xboost_mk2.iff,"Qualdex ""X-Boost"" Mark II Boosters",B4,29,258.75,525,3675,1650,41.25,165,33,24.975,,0.05,0.15,0.15,0.1,0.1,0.1,0.04,0.03,,
object/tangible/ship/components/booster/bst_mission_reward_imperial_rss_ion_booster.iff,Republic Sienar Systems Ion Booster,B4,54,336.375,450,3150,1980,49.5,198,36.3,24.975,,0.0001,0.0001,0.0001,0.0001,0.0001,0.0001,0.0001,0.0001,,
object/tangible/ship/components/booster/bst_rss_special.iff,Republic Sienar Systems Special Booster,B4,17,258.75,525,3675,1650,41.25,165,33,24.975,,0.05,0.15,0.15,0.1,0.1,0.1,0.04,0.03,,
object/tangible/ship/components/booster/bst_sds_enhanced_imperial_2.iff,Sienar Design Systems Enhanced Imperial-2 Boosters,B4,9,258.75,525,3675,1650,41.25,165,33,24.975,,0.05,0.15,0.15,0.1,0.1,0.1,0.04,0.03,,
object/tangible/ship/components/booster/bst_sorosuub_improved_liberator_mk2.iff,"SoroSuub Improved Mark II ""Liberator""",B4,44,258.75,525,3675,1650,41.25,165,33,24.975,,0.05,0.15,0.15,0.1,0.1,0.1,0.04,0.03,,
object/tangible/ship/components/booster/bst_subpro_enhanced_accelatron_mk2.iff,"SubPro Enhanced Mark II ""Accelatron"" Boosters",B4,42,258.75,525,3675,1650,41.25,165,33,24.975,,0.05,0.15,0.15,0.1,0.1,0.1,0.04,0.03,,
object/tangible/ship/components/booster/bst_surronian_nomad_x8.iff,"Surronian ""Nomad X-8"" Boosters",B4,24,258.75,525,3675,1650,41.25,165,33,24.975,,0.05,0.15,0.15,0.1,0.1,0.1,0.04,0.03,,
object/tangible/ship/components/booster/bst_corellian_heavy_thrust_enhancer.iff,Corellian Engineering Corp. Heavy Thrust Enhancer,B5,32,317.4,550,5500,1210,30.25,121,24.2,18.48,,0.05,0.15,0.15,0.1,0.1,0.1,0.04,0.03,,
object/tangible/ship/components/booster/bst_incom_vynock.iff,"Incom ""Vynock"" Boosters",B5,36,317.4,550,5500,1210,30.25,121,24.2,18.48,,0.05,0.15,0.15,0.1,0.1,0.1,0.04,0.03,,
object/tangible/ship/components/booster/bst_incom_intimidator_mk3.iff,Incom Intimidator Mark III Boosters,B5,76,317.4,550,5500,1210,30.25,121,24.2,18.48,,0.05,0.15,0.15,0.1,0.1,0.1,0.04,0.03,,
object/tangible/ship/components/booster/bst_koensayr_racer_mk1.iff,"Koensayr ""Racer"" Mark I Booster",B5,28,317.4,550,5500,1210,30.25,121,24.2,18.48,,0.05,0.15,0.15,0.1,0.1,0.1,0.04,0.03,,
object/tangible/ship/components/booster/bst_koensayr_heavy.iff,Koensayr Heavy Booster,B5,42,317.4,550,5500,1210,30.25,121,24.2,18.48,,0.05,0.15,0.15,0.1,0.1,0.1,0.04,0.03,,
object/tangible/ship/components/booster/bst_kse_bti2.iff,Kuat Systems Engineering BTI-2 Boosters,B5,38,317.4,550,5500,1210,30.25,121,24.2,18.48,,0.05,0.15,0.15,0.1,0.1,0.1,0.04,0.03,,
object/tangible/ship/components/booster/bst_mandal_jbj_mk3.iff,MandalMotors JBJ Mark III Starship Boosters,B5,32,317.4,550,5500,1210,30.25,121,24.2,18.48,,0.05,0.15,0.15,0.1,0.1,0.1,0.04,0.03,,
object/tangible/ship/components/booster/bst_moncal_heavy.iff,Mon Calamari Heavy Booster,B5,31,317.4,550,5500,1210,30.25,121,24.2,18.48,,0.05,0.15,0.15,0.1,0.1,0.1,0.04,0.03,,
object/tangible/ship/components/booster/bst_novaldex_pulsar.iff,"Novaldex ""Pulsar"" Booster",B5,26,317.4,550,5500,1210,30.25,121,24.2,18.48,,0.05,0.15,0.15,0.1,0.1,0.1,0.04,0.03,,
object/tangible/ship/components/booster/bst_qualdex_xboost_mk3.iff,"Qualdex ""X-Boost"" Mark III Boosters",B5,78,317.4,550,5500,1210,30.25,121,24.2,18.48,,0.05,0.15,0.15,0.1,0.1,0.1,0.04,0.03,,
object/tangible/ship/components/booster/bst_sorosuub_liberator_mk3.iff,SoroSuub Mark III Liberator Boosters,B5,46,317.4,550,5500,1210,30.25,121,24.2,18.48,,0.05,0.15,0.15,0.1,0.1,0.1,0.04,0.03,,
object/tangible/ship/components/booster/bst_subpro_accelatron_mk3.iff,"SubPro Mark III ""Accelatron"" Boosters",B5,51,317.4,550,5500,1210,30.25,121,24.2,18.48,,0.05,0.15,0.15,0.1,0.1,0.1,0.04,0.03,,
object/tangible/ship/components/booster/bst_corellian_tuned_heavy_thrust_enhancer.iff,Corellian Engineering Corp. Tuned Heavy Thrust Enhancer,B6,64,476.1,550,9614,1815,45.375,181.5,36.3,27.72,,0.05,0.15,0.15,0.1,0.1,0.1,0.04,0.03,,
object/tangible/ship/components/booster/bst_incom_supercharged_vynock.iff,"Incom Supercharged ""Vynock"" Boosters",B6,55,476.1,550,9614,1815,45.375,181.5,36.3,27.72,,0.05,0.15,0.15,0.1,0.1,0.1,0.04,0.03,,
object/tangible/ship/components/booster/bst_koensayr_modified_heavy.iff,Koensayr Modified Heavy Booster,B6,30,476.1,550,9614,1815,45.375,181.5,36.3,27.72,,0.05,0.15,0.15,0.1,0.1,0.1,0.04,0.03,,
object/tangible/ship/components/booster/bst_kse_enhanced_bti2.iff,Kuat Systems Engineering Enhanced BTI-2 Boosters,B6,42,476.1,550,9614,1815,45.375,181.5,36.3,27.72,,0.05,0.15,0.15,0.1,0.1,0.1,0.04,0.03,,
object/tangible/ship/components/booster/bst_mandal_improved_jbj_mk3.iff,MandalMotors Improved Jbj Mk3,B6,50,476.1,550,9614,1815,45.375,181.5,36.3,27.72,,0.05,0.15,0.15,0.1,0.1,0.1,0.04,0.03,,
object/tangible/ship/components/booster/bst_moncal_charged_heavy.iff,Mon Calamari Charged Heavy Booster,B6,64,476.1,550,9614,1815,45.375,181.5,36.3,27.72,,0.05,0.15,0.15,0.1,0.1,0.1,0.04,0.03,,
object/tangible/ship/components/booster/bst_sorosuub_supercharged_liberator_mk3.iff,SoroSuub Supercharged Mark III Liberator Boosters,B6,44,476.1,550,9614,1815,45.375,181.5,36.3,27.72,,0.05,0.15,0.15,0.1,0.1,0.1,0.04,0.03,,
object/tangible/ship/components/booster/bst_subpro_deluxe_accelatron_mk3.iff,"SubPro Deluxe Mark III ""Accelatron"" Boosters",B6,46,476.1,550,9614,1815,45.375,181.5,36.3,27.72,,0.05,0.15,0.15,0.1,0.1,0.1,0.04,0.03,,
object/tangible/ship/components/booster/bst_surronian_accelerator_mk1.iff,Surronian Accelerator Mark I,B6,48,476.1,550,9614,1815,45.375,181.5,36.3,27.72,,0.05,0.15,0.15,0.1,0.1,0.1,0.04,0.03,,
object/tangible/ship/components/booster/bst_nova_breaker.iff,"The ""Nova Breaker"" 792-W Booster",B6,17,476.1,550,9614,1815,45.375,181.5,36.3,27.72,,0.05,0.15,0.15,0.1,0.1,0.1,0.04,0.03,,
object/tangible/ship/components/booster/bst_corellian_advanced_thrust_enhancer.iff,Corellian Engineering Corp. Advanced Thruster,B7,32,467.215,575,14352,1331,33.28,133.1,26.62,20.51,,0.05,0.15,0.15,0.1,0.1,0.1,0.04,0.03,,
object/tangible/ship/components/booster/bst_incom_fynock.iff,"Incom ""Fynock"" Boosters",B7,18,467.215,575,14352,1331,33.28,133.1,26.62,20.51,,0.05,0.15,0.15,0.1,0.1,0.1,0.04,0.03,,
object/tangible/ship/components/booster/bst_incom_intimidator_mk4.iff,Incom Intimidator Mark IV Boosters,B7,42,467.215,575,14352,1331,33.28,133.1,26.62,20.51,,0.05,0.15,0.15,0.1,0.1,0.1,0.04,0.03,,
object/tangible/ship/components/booster/bst_koensayr_racer_mk2.iff,"Koensayr ""Racer"" Mark II Booster",B7,30,467.215,575,14352,1331,33.28,133.1,26.62,20.51,,0.05,0.15,0.15,0.1,0.1,0.1,0.04,0.03,,
object/tangible/ship/components/booster/bst_koensayr_advanced.iff,Koensayr Advanced Booster,B7,27,467.215,575,14352,1331,33.28,133.1,26.62,20.51,,0.05,0.15,0.15,0.1,0.1,0.1,0.04,0.03,,
object/tangible/ship/components/booster/bst_kse_bti3.iff,Kuat Systems Engineering BTI-3 Boosters,B7,29,467.215,575,14352,1331,33.28,133.1,26.62,20.51,,0.05,0.15,0.15,0.1,0.1,0.1,0.04,0.03,,
object/tangible/ship/components/booster/bst_mandal_jbj_mk4.iff,MandalMotors JBJ Mark IV Starship Boosters,B7,37,467.215,575,14352,1331,33.28,133.1,26.62,20.51,,0.05,0.15,0.15,0.1,0.1,0.1,0.04,0.03,,
object/tangible/ship/components/booster/bst_moncal_advanced.iff,Mon Calamari Advanced Booster,B7,21,467.215,575,14352,1331,33.28,133.1,26.62,20.51,,0.05,0.15,0.15,0.1,0.1,0.1,0.04,0.03,,
object/tangible/ship/components/booster/bst_novaldex_quasar.iff,"Novaldex ""Quasar"" Booster",B7,35,467.215,575,14352,1331,33.28,133.1,26.62,20.51,,0.05,0.15,0.15,0.1,0.1,0.1,0.04,0.03,,
object/tangible/ship/components/booster/bst_qualdex_xboost_mk4.iff,"Qualdex ""X-Boost"" Mark IV Boosters",B7,50,467.215,575,14352,1331,33.28,133.1,26.62,20.51,,0.05,0.15,0.15,0.1,0.1,0.1,0.04,0.03,,
object/tangible/ship/components/booster/bst_sorosuub_liberator_mk4.iff,SoroSuub Mark IV Liberator Boosters,B7,30,467.215,575,14352,1331,33.28,133.1,26.62,20.51,,0.05,0.15,0.15,0.1,0.1,0.1,0.04,0.03,,
object/tangible/ship/components/booster/bst_subpro_accelatron_mk4.iff,"SubPro Mark IV ""Accelatron"" Boosters",B7,34,467.215,575,14352,1331,33.28,133.1,26.62,20.51,,0.05,0.15,0.15,0.1,0.1,0.1,0.04,0.03,,
object/tangible/ship/components/booster/bst_corellian_performance_advanced_thrust_enhancer.iff,Corellian Engineering Corp. Performance Advanced Thrust Enhancer,B8,22,700.8225,575,25116,1996.5,49.92,199.65,39.93,30.765,,0.05,0.15,0.15,0.1,0.1,0.1,0.04,0.03,,
object/tangible/ship/components/booster/bst_incom_deluxe_fynock.iff,"Incom Deluxe ""Fynock"" Boosters",B8,40,700.8225,575,25116,1996.5,49.92,199.65,39.93,30.765,,0.05,0.15,0.15,0.1,0.1,0.1,0.04,0.03,,
object/tangible/ship/components/booster/bst_koensayr_charged_advanced.iff,Koensayr Charged Advanced Booster,B8,37,700.8225,575,25116,1996.5,49.92,199.65,39.93,30.765,,0.05,0.15,0.15,0.1,0.1,0.1,0.04,0.03,,
object/tangible/ship/components/booster/bst_kuat_military_mk3.iff,Kuat Drive Yards Mark III Military Grade Boosters,B8,50,700.8225,575,25116,1996.5,49.92,199.65,39.93,30.765,,0.05,0.15,0.15,0.1,0.1,0.1,0.04,0.03,,
object/tangible/ship/components/booster/bst_kse_deluxe_bti3.iff,Kuat Systems Engineering Deluxe BTI-3 Boosters,B8,32,700.8225,575,25116,1996.5,49.92,199.65,39.93,30.765,,0.05,0.15,0.15,0.1,0.1,0.1,0.04,0.03,,
object/tangible/ship/components/booster/bst_mission_reward_neutral_mandal_q_series.iff,"MandalMotors ""Q Series"" Booster",B8,71,840.987,600,26208,2395.8,59.904,239.58,43.923,30.765,,0.0001,0.0001,0.0001,0.0001,0.0001,0.0001,0.0001,0.0001,,
object/tangible/ship/components/booster/bst_mandal_deluxe_jbj_mk4.iff,MandalMotors Deluxe JBJ Mark I Starship Boosters,B8,35,700.8225,575,25116,1996.5,49.92,199.65,39.93,30.765,,0.05,0.15,0.15,0.1,0.1,0.1,0.04,0.03,,
object/tangible/ship/components/booster/bst_moncal_rare_advanced.iff,Mon Calamari Rare Advanced Booster,B8,39,700.8225,575,25116,1996.5,49.92,199.65,39.93,30.765,,0.05,0.15,0.15,0.1,0.1,0.1,0.04,0.03,,
object/tangible/ship/components/booster/bst_mission_reward_rebel_qualdex_halcyon.iff,"Qualdex ""Halcyon"" Starfighter Booster",B8,71,840.987,600,26208,2395.8,59.904,239.58,43.923,30.765,,0.0001,0.0001,0.0001,0.0001,0.0001,0.0001,0.0001,0.0001,,
object/tangible/ship/components/booster/bst_sorosuub_enhanced_liberator_mk4.iff,Sorosuub Enhanced Liberator Mk4,B8,41,700.8225,575,25116,1996.5,49.92,199.65,39.93,30.765,,0.05,0.15,0.15,0.1,0.1,0.1,0.04,0.03,,
object/tangible/ship/components/booster/bst_subpro_modified_accelatron_mk4.iff,"SubPro Modified Mark IV ""Accelatron""",B8,36,700.8225,575,25116,1996.5,49.92,199.65,39.93,30.765,,0.05,0.15,0.15,0.1,0.1,0.1,0.04,0.03,,
object/tangible/ship/components/booster/bst_surronian_accelerator_mk2.iff,Surronian Accelerator Mark II,B8,45,700.8225,575,25116,1996.5,49.92,199.65,39.93,30.765,,0.05,0.15,0.15,0.1,0.1,0.1,0.04,0.03,,
object/tangible/ship/components/booster/bst_corellian_elite_thrust_enhancer.iff,Corellian Engineering Corp. Elite Thrust Enhancer,B9,17,550.19,600,37440,1464.1,36.6,146.41,29.28,22.77,,0.05,0.15,0.15,0.1,0.1,0.1,0.04,0.03,,
object/tangible/ship/components/booster/bst_kessel_imperial_cygnus_hyperthrust.iff,"Cygnus ""Hyperthruster"" Elite Booster",B9,14,550.19,600,37440,1464.1,36.6,146.41,29.28,22.77,,0.0001,0.0001,0.0001,0.0001,0.0001,0.0001,0.0001,0.0001,,
object/tangible/ship/components/booster/bst_kessel_rebel_incom_quicksilver.iff,"Incom ""Quicksilver"" Elite Booster",B9,4,550.19,600,37440,1464.1,36.6,146.41,29.28,22.77,,0.0001,0.0001,0.0001,0.0001,0.0001,0.0001,0.0001,0.0001,,
object/tangible/ship/components/booster/bst_incom_sls_1.iff,Incom SLS-1 Boosters,B9,29,550.19,600,37440,1464.1,36.6,146.41,29.28,22.77,,0.05,0.15,0.15,0.1,0.1,0.1,0.04,0.03,,
object/tangible/ship/components/booster/bst_koensayr_racer_mk3.iff,"Koensayr ""Racer"" Mark III Booster",B9,25,550.19,600,37440,1464.1,36.6,146.41,29.28,22.77,,0.05,0.15,0.15,0.1,0.1,0.1,0.04,0.03,,
object/tangible/ship/components/booster/bst_koensayr_elite.iff,Koensayr Elite Booster,B9,21,550.19,600,37440,1464.1,36.6,146.41,29.28,22.77,,0.05,0.15,0.15,0.1,0.1,0.1,0.04,0.03,,
object/tangible/ship/components/booster/bst_kse_als_1.iff,Kuat Systems Engineering ALS-1 Booster,B9,21,550.19,600,37440,1464.1,36.6,146.41,29.28,22.77,,0.05,0.15,0.15,0.1,0.1,0.1,0.04,0.03,,
object/tangible/ship/components/booster/bst_kessel_rebel_mandal_lightning_m1.iff,"MandalMotors ""M1 Lightning"" Elite Booster""",B9,1,550.19,600,37440,1464.1,36.6,146.41,29.28,22.77,,0.0001,0.0001,0.0001,0.0001,0.0001,0.0001,0.0001,0.0001,,
object/tangible/ship/components/booster/bst_mandal_jbj_mk5.iff,MandalMotors JBJ Mark V Starship Boosters,B9,23,550.19,600,37440,1464.1,36.6,146.41,29.28,22.77,,0.05,0.15,0.15,0.1,0.1,0.1,0.04,0.03,,
object/tangible/ship/components/booster/bst_moncal_elite.iff,Mon Calamari Elite Booster,B9,19,550.19,600,37440,1464.1,36.6,146.41,29.28,22.77,,0.05,0.15,0.15,0.1,0.1,0.1,0.04,0.03,,
object/tangible/ship/components/booster/bst_novaldex_pulsar_advanced.iff,"Novaldex ""Pulsar"" Advanced Booster",B9,19,550.19,600,37440,1464.1,36.6,146.41,29.28,22.77,,0.05,0.15,0.15,0.1,0.1,0.1,0.04,0.03,,
object/tangible/ship/components/booster/bst_kessel_imperial_sfs_ultra_thrust.iff,"Sienar Fleet Systems ""Ultra-Thrust"" Elite Booster",B9,8,550.19,600,37440,1464.1,36.6,146.41,29.28,22.77,,0.0001,0.0001,0.0001,0.0001,0.0001,0.0001,0.0001,0.0001,,
object/tangible/ship/components/booster/bst_sorosuub_liberator_mk5.iff,SoroSuub Mark V Liberator Boosters,B9,25,550.19,600,37440,1464.1,36.6,146.41,29.28,22.77,,0.05,0.15,0.15,0.1,0.1,0.1,0.04,0.03,,
object/tangible/ship/components/booster/bst_subpro_accelatron_mk5.iff,"SubPro Mark IV ""Accelatron"" Boosters",B9,34,467.215,575,14352,1331,33.28,133.1,26.62,20.51,,0.05,0.15,0.15,0.1,0.1,0.1,0.04,0.03,,
object/tangible/ship/components/booster/bst_corellian_highly_modified_elite_thrust_enhancer.iff,Corellian Engineering Corp. Highly Modified Elite Thrust Enhancer,B0,21,825.285,600,45120,2196.15,54.9,219.615,43.92,34.155,,0.05,0.15,0.15,0.1,0.1,0.1,0.04,0.03,,
object/tangible/ship/components/booster/bst_kessel_rebel_incom_windrunner.iff,"Incom ""Windrunner"" Elite Booster",B0,10,825.285,600,45120,2196.15,54.9,219.615,43.92,34.155,,0.0001,0.0001,0.0001,0.0001,0.0001,0.0001,0.0001,0.0001,,
object/tangible/ship/components/booster/bst_incom_elite_sls_1.iff,Incom Elite SLS-1 Boosters,B0,23,825.285,600,45120,2196.15,54.9,219.615,43.92,34.155,,0.05,0.15,0.15,0.1,0.1,0.1,0.04,0.03,,
object/tangible/ship/components/booster/bst_koensayr_racer_mk4.iff,"Koensayr ""Racer"" Mark IV Booster",B0,31,825.285,600,45120,2196.15,54.9,219.615,43.92,34.155,,0.05,0.15,0.15,0.1,0.1,0.1,0.04,0.03,,
object/tangible/ship/components/booster/bst_koensayr_deluxe_elite.iff,Koensayr Deluxe Elite Booster,B0,23,825.285,600,45120,2196.15,54.9,219.615,43.92,34.155,,0.05,0.15,0.15,0.1,0.1,0.1,0.04,0.03,,
object/tangible/ship/components/booster/bst_kuat_military_mk4.iff,Kuat Drive Yards Mark IV Military Grade Boosters,B0,28,825.285,600,45120,2196.15,54.9,219.615,43.92,34.155,,0.05,0.15,0.15,0.1,0.1,0.1,0.04,0.03,,
object/tangible/ship/components/booster/bst_kse_elite_als_1.iff,Kuat Systems Engineering Elite ALS-1,B0,27,825.285,600,45120,2196.15,54.9,219.615,43.92,34.155,,0.05,0.15,0.15,0.1,0.1,0.1,0.04,0.03,,
object/tangible/ship/components/booster/bst_mandal_limited_jbj_mk5.iff,MandalMotors Limited Edition JBJ Mark V Starship Boosters,B0,29,825.285,600,45120,2196.15,54.9,219.615,43.92,34.155,,0.05,0.15,0.15,0.1,0.1,0.1,0.04,0.03,,
object/tangible/ship/components/booster/bst_moncal_enhanced_elite.iff,Mon Calamari Enhanced Elite Booster,B0,40,825.285,600,45120,2196.15,54.9,219.615,43.92,34.155,,0.05,0.15,0.15,0.1,0.1,0.1,0.04,0.03,,
object/tangible/ship/components/booster/bst_novaldex_quasar_advanced.iff,"Novaldex ""Quasar"" Advanced Booster",B0,29,825.285,600,45120,2196.15,54.9,219.615,43.92,34.155,,0.05,0.15,0.15,0.1,0.1,0.1,0.04,0.03,,
object/tangible/ship/components/booster/bst_kessel_imperial_sds_experimental_b7.iff,"Sienar Design Systems ""B7 Experimental"" Elite Booster",B0,10,825.285,600,45120,2196.15,54.9,219.615,43.92,34.155,,0.0001,0.0001,0.0001,0.0001,0.0001,0.0001,0.0001,0.0001,,
object/tangible/ship/components/booster/bst_sorosuub_well_tuned_liberator_mk5.iff,SoroSuub Well Tuned Mark V Liberator Boosters,B0,30,825.285,600,45120,2196.15,54.9,219.615,43.92,34.155,,0.05,0.15,0.15,0.1,0.1,0.1,0.04,0.03,,
object/tangible/ship/components/booster/bst_subpro_elite_accelatron_mk5.iff,"Subpro Elite Mark V ""Accelatron"" Boosters",B0,31,825.285,600,45120,2196.15,54.9,219.615,43.92,34.155,,0.05,0.15,0.15,0.1,0.1,0.1,0.04,0.03,,
object/tangible/ship/components/weapon_capacitor/cap_corellian_cruiser_grade_cap1.iff,"Corellian Cruiser-grade Weapons Capacitor ""CAP1""",C1,18,75,1200,1000,600,20,,,,,0.05,0.22,0.13,0.23,0.2,,,,,
object/tangible/ship/components/weapon_capacitor/cap_incom_rebel_mk1.iff,Incom Mark I Rebel Capacitor,C1,9,75,1050,950,475,21,,,,,0.05,0.22,0.13,0.23,0.2,,,,,
object/tangible/ship/components/weapon_capacitor/cap_koensayr_light.iff,Koensayr Light Capacitor,C1,16,75,1000,800,450,18,,,,,0.05,0.22,0.13,0.23,0.2,,,,,
object/tangible/ship/components/weapon_capacitor/cap_kse_mk1.iff,Kuat Systems Engineering Mark I Capacitor,C1,40,75,1000,1000,500,20,,,,,0.05,0.22,0.13,0.23,0.2,,,,,
object/tangible/ship/components/weapon_capacitor/cap_mandal_powermaster_mk1.iff,"MandalMotors Mark I ""Powermaster"" Capacitor",C1,16,75,1100,1000,550,22,,,,,0.05,0.22,0.13,0.2,0.1,,,,,
object/tangible/ship/components/weapon_capacitor/cap_moncal_light.iff,Mon Calamari Light Capacitor,C1,17,75,1000,850,475,19,,,,,0.05,0.22,0.13,0.23,0.2,,,,,
object/tangible/ship/components/weapon_capacitor/cap_novaldex_small_capacitor.iff,Novaldex Small Capacitor,C1,26,71.25,950,950,475,19,,,,,0.05,0.22,0.13,0.23,0.2,,,,,
object/tangible/ship/components/weapon_capacitor/cap_qualdex_miser_light.iff,"Qualdex ""Miser"" Light",C1,18,67.5,900,900,450,18,,,,,0.05,0.22,0.13,0.23,0.2,,,,,
object/tangible/ship/components/weapon_capacitor/cap_rendili_overseer_j7.iff,"Rendili J7 ""Overseer"" Capacitor",C1,11,75,1000,1000,500,20,,,,,0.05,0.25,0.18,0.25,0.25,,,,,
object/tangible/ship/components/weapon_capacitor/cap_rss_imperial_1.iff,Republic Sienar Systems Mark I Imperial Capacitor,C1,8,71.25,950,950,425,17,,,,,0.05,0.22,0.13,0.23,0.2,,,,,
object/tangible/ship/components/weapon_capacitor/cap_sfs_imperial_1.iff,Sienar Fleet Systems Mark I Imperial Capacitor,C1,7,82.5,1050,1050,525,21,,,,,0.05,0.22,0.13,0.23,0.2,,,,,
object/tangible/ship/components/weapon_capacitor/cap_sorosuub_dynamo_mk1.iff,"SoroSuub ""Dynamo"" Mark I Capacitor",C1,30,78.75,1050,1050,525,21,,,,,0.05,0.22,0.13,0.23,0.2,,,,,
object/tangible/ship/components/weapon_capacitor/cap_subpro_valiant_z1.iff,"SubPro ""Valiant"" Z1 Capacitor",C1,29,75,1000,1000,500,24,,,,,0.05,0.22,0.13,0.23,0.1,,,,,
object/tangible/ship/components/weapon_capacitor/cap_corellian_tuned_cruiser_grade_cap1.iff,"Corellian Tuned Cruiser-grade Weapons Capacitor ""CAP1""",C2,71,112.5,1100,1750,825,33,,,,,0.05,0.22,0.13,0.2,0.1,,,,,
object/tangible/ship/components/weapon_capacitor/cap_cygnus_cygcap_a.iff,"Cygnus ""Cyg-Cap A"" Capacitor",C2,43,112.5,1000,1750,750,30,,,,,0.05,0.22,0.13,0.23,0.2,,,,,
object/tangible/ship/components/weapon_capacitor/cap_z95_deepwell_k3.iff,Deepwell Capacitor Model K3,C2,1,101.25,900,1575,675,27,,,,,0.05,0.22,0.13,0.23,0.2,,,,,
object/tangible/ship/components/weapon_capacitor/cap_incom_improved_rebel_mk1.iff,Incom Improved Mark I Rebel Capacitor,C2,7,112.5,1000,1750,750,30,,,,,0.05,0.22,0.13,0.23,0.2,,,,,
object/tangible/ship/components/weapon_capacitor/cap_koensayr_custom_light.iff,Koensayr Custom Light Capacitor,C2,49,112.5,1000,1487.5,712.5,28.5,,,,,0.05,0.22,0.13,0.23,0.2,,,,,
object/tangible/ship/components/weapon_capacitor/cap_kse_limited_mk1.iff,Kuat Systems Engineering Limited Mark I Capacitor,C2,188,78.75,700,1225,525,21,,,,,0.05,0.22,0.13,0.23,0.2,,,,,
object/tangible/ship/components/weapon_capacitor/cap_mandal_special_powermaster_mk1.iff,"MandalMotors Special Mark I ""PowerMaster"" Capacitor",C2,57,112.5,1000,1750,750,30,,,,,0.05,0.22,0.13,0.23,0.2,,,,,
object/tangible/ship/components/weapon_capacitor/cap_moncal_charged_light.iff,Mon Calamari Charged Light Capacitor,C2,60,112.5,1050,1662.5,712.5,31.5,,,,,0.05,0.22,0.13,0.23,0.2,,,,,
object/tangible/ship/components/weapon_capacitor/cap_novaldex_sarlacc_s1.iff,Novaldex Sarlacc S1,C2,117,118.125,1050,1837.5,787.5,31.5,,,,,0.05,0.22,0.13,0.23,0.2,,,,,
object/tangible/ship/components/weapon_capacitor/cap_qualdex_miser_standard.iff,"Qualdex ""Miser"" Standard",C2,102,112.5,1200,1750,900,30,,,,,0.05,0.22,0.13,0.23,0.2,,,,,
object/tangible/ship/components/weapon_capacitor/cap_sds_imperial_1.iff,Sienar Design Systems Mark I Imperial Capacitor,C2,44,106.875,950,1662.5,712.5,28.5,,,,,0.05,0.22,0.13,0.23,0.2,,,,,
object/tangible/ship/components/weapon_capacitor/cap_sorosuub_enhanced_dynamo_mk1.iff,"SoroSuub Enhanced Mark I ""Dynamo"" Capacitor",C2,79,112.5,1000,1750,750,36,,,,,0.05,0.22,0.13,0.23,0.1,,,,,
object/tangible/ship/components/weapon_capacitor/cap_subpro_improved_valiant_z1.iff,"SubPro Improved ""Valiant"" Z1 Capacitor",C2,75,112.5,1000,1400,675,27,,,,,0.05,0.22,0.13,0.23,0.2,,,,,
object/tangible/ship/components/weapon_capacitor/cap_corellian_cruiser_grade_cap2.iff,"Corellian Cruiser-grade Weapons Capacitor ""CAP2""",C3,23,172.5,1050,2625,550,22,,,,,0.05,0.22,0.13,0.23,0.2,,,,,
object/tangible/ship/components/weapon_capacitor/cap_cygnus_cygcap_b.iff,"Cygnus ""Cyg-Cap B"" Capacitor",C3,9,172.5,1050,2250,522.5,20.9,,,,,0.05,0.22,0.13,0.23,0.2,,,,,
object/tangible/ship/components/weapon_capacitor/cap_freitek_xd2.iff,FreiTek Inc. XD-2 Capacitor,C3,5,172.5,1050,2125,495,19.8,,,,,0.05,0.22,0.13,0.23,0.2,,,,,
object/tangible/ship/components/weapon_capacitor/cap_incom_bjn825.iff,Incom BJN-825 Capacitor,C3,4,172.5,1150,2625,605,24.2,,,,,0.05,0.22,0.13,0.2,0.1,,,,,
object/tangible/ship/components/weapon_capacitor/cap_koensayr_improved_light.iff,Koensayr Improved Light Capacitor,C3,27,181.125,1100,2750,577.5,23.1,,,,,0.05,0.22,0.13,0.23,0.2,,,,,
object/tangible/ship/components/weapon_capacitor/cap_kse_mk2.iff,Kuat Systems Engineering Mark II Capacitor,C3,6,172.5,1250,2625,660,22,,,,,0.05,0.22,0.13,0.23,0.2,,,,,
object/tangible/ship/components/weapon_capacitor/cap_mandal_powermaster_mk2.iff,"MandalMotors Mark II ""Powermaster"" Capacitor",C3,19,155.25,950,2375,495,19.8,,,,,0.05,0.22,0.13,0.23,0.2,,,,,
object/tangible/ship/components/weapon_capacitor/cap_moncal_standard.iff,Mon Calamari Standard Capacitor,C3,36,172.5,1050,2625,550,26.4,,,,,0.05,0.22,0.13,0.23,0.1,,,,,
object/tangible/ship/components/weapon_capacitor/cap_novaldex_experimental_sarlacc_s1.iff,Novaldex Experimental Sarlacc S1,C3,27,172.5,1050,2625,550,22,,,,,0.05,0.25,0.18,0.25,0.25,,,,,
object/tangible/ship/components/weapon_capacitor/cap_qualdex_miser_elite.iff,"Qualdex ""Miser"" Elite",C3,21,163.875,1000,2500,467.5,18.7,,,,,0.05,0.22,0.13,0.23,0.2,,,,,
object/tangible/ship/components/weapon_capacitor/cap_sds_imperial_2.iff,Sienar Design Systems Imperial-2 Capacitor,C3,9,172.5,1050,2625,550,22,,,,,0.05,0.22,0.13,0.23,0.2,,,,,
object/tangible/ship/components/weapon_capacitor/cap_sorosuub_dynamo_mk2.iff,"SoroSuub ""Dynamo"" Mark II Capacitor",C3,23,172.5,1050,2625,550,22,,,,,0.05,0.22,0.13,0.23,0.2,,,,,
object/tangible/ship/components/weapon_capacitor/cap_subpro_valiant_z2.iff,"SubPro ""Valiant"" Z2 Capacitor",C3,21,163.875,1000,2500,522.5,20.9,,,,,0.05,0.22,0.13,0.23,0.2,,,,,
object/tangible/ship/components/weapon_capacitor/cap_tiefighter_elite_mk1.iff,TIE Elite Capacitor Mark 1,C3,8,189.75,1100,2750,577.5,23.1,,,,,0.05,0.22,0.13,0.23,0.2,,,,,
object/tangible/ship/components/weapon_capacitor/cap_corellian_deluxe_cruiser_grade_cap2.iff,"Corellian Deluxe Cruiser-grade Weapons Capacitor ""CAP2""",C4,47,258.75,1050,4593.75,825,33,,,,,0.05,0.25,0.18,0.25,0.25,,,,,
object/tangible/ship/components/weapon_capacitor/cap_gallofree_lt22.iff,Gallofree LT-22 Capacitor,C4,83,258.75,1050,4593.75,825,39.6,,,,,0.05,0.22,0.13,0.23,0.1,,,,,
object/tangible/ship/components/weapon_capacitor/cap_huppla_pasa_tisc_old_capacitor.iff,Huppla Pasa Tisc Old-Tech Capacitor,C4,54,271.6875,1100,4812.5,866.25,34.65,,,,,0.05,0.22,0.13,0.23,0.2,,,,,
object/tangible/ship/components/weapon_capacitor/cap_incom_special_bjn825.iff,Incom Special BJN-825 Capacitor,C4,149,258.75,1250,4593.75,990,33,,,,,0.05,0.22,0.13,0.23,0.2,,,,,
object/tangible/ship/components/weapon_capacitor/cap_koensayr_rare_mk2.iff,Koensayr Rare Mark II Capacitor,C4,42,258.75,1050,4593.75,825,33,,,,,0.05,0.22,0.13,0.23,0.2,,,,,
object/tangible/ship/components/weapon_capacitor/cap_kse_performance_mk2.iff,Kuat Systems Engineering Performance Mark II Capacitor,C4,72,245.8125,1000,4375,783.75,31.35,,,,,0.05,0.22,0.13,0.23,0.2,,,,,
object/tangible/ship/components/weapon_capacitor/cap_mandal_tuned_powermaster_mk2.iff,"MandalMotors Tuned Mark II ""Powermaster"" Capacitor",C4,44,258.75,1050,4593.75,825,33,,,,,0.05,0.22,0.13,0.23,0.2,,,,,
object/tangible/ship/components/weapon_capacitor/cap_moncal_modified_standard.iff,Mon Calamari Modified Standard Capacitor,C4,45,232.875,950,8531.25,742.5,29.7,,,,,0.05,0.22,0.13,0.23,0.2,,,,,
object/tangible/ship/components/weapon_capacitor/cap_novaldex_sarlacc_s2.iff,Novaldex Sarlacc S2,C4,49,258.75,1100,4375,783.75,34.65,,,,,0.05,0.22,0.13,0.23,0.2,,,,,
object/tangible/ship/components/weapon_capacitor/cap_qualdex_conservator_q3.iff,Qualdex Conservator Q3,C4,62,284.625,1100,4812.5,866.25,34.65,,,,,0.05,0.22,0.13,0.23,0.2,,,,,
object/tangible/ship/components/weapon_capacitor/cap_rendili_overseer_j8.iff,"Rendili J8 ""Overseer"" Capacitor",C4,39,258.75,1050,3718.75,742.5,29.7,,,,,0.05,0.22,0.13,0.23,0.2,,,,,
object/tangible/ship/components/weapon_capacitor/cap_sds_special_imperial_2.iff,Sienar Design Systems Special Imperial-2 Capacitor,C4,39,258.75,1150,4593.75,907.5,36.3,,,,,0.05,0.22,0.13,0.2,0.1,,,,,
object/tangible/ship/components/weapon_capacitor/cap_sorosuub_premium_dynamo_mk2.iff,"SoroSuub Premium ""Dynamo"" Mark II Capacitor",C4,41,245.8125,1000,4812.5,701.25,28.05,,,,,0.05,0.22,0.13,0.23,0.2,,,,,
object/tangible/ship/components/weapon_capacitor/cap_subpro_gallant_a1.iff,"SubPro ""Gallant"" A1 Capacitor",C4,337,181.125,750,3281.25,577.5,23.1,,,,,0.05,0.22,0.13,0.23,0.2,,,,,
object/tangible/ship/components/weapon_capacitor/cap_corellian_standard.iff,Corellian Standard Capacitor,C5,36,317.4,1100,6875,605,24.2,,,,,0.05,0.25,0.18,0.25,0.25,,,,,
object/tangible/ship/components/weapon_capacitor/cap_z95_deepwell_k5.iff,Deepwell Capacitor Model K5,C5,49,317.4,1100,6875,605,24.2,,,,,0.05,0.22,0.13,0.23,0.2,,,,,
object/tangible/ship/components/weapon_capacitor/cap_koensayr_mk3.iff,Koensayr Mark III Capacitor,C5,34,301.53,1050,6562.5,514.25,20.57,,,,,0.05,0.22,0.13,0.23,0.2,,,,,
object/tangible/ship/components/weapon_capacitor/cap_kse_mk3.iff,Kuat Systems Engineering Mark III Capacitor,C5,41,301.53,1050,6562.5,574.75,22.99,,,,,0.05,0.22,0.13,0.23,0.2,,,,,
object/tangible/ship/components/weapon_capacitor/cap_mandal_powermaster_mk3.iff,"MandalMotors Mark III ""Powermaster"" Capacitor",C5,43,317.4,1100,6875,605,24.2,,,,,0.05,0.22,0.13,0.23,0.2,,,,,
object/tangible/ship/components/weapon_capacitor/cap_moncal_heavy.iff,Mon Calamari Heavy Capacitor,C5,53,317.4,1100,6875,605,24.2,,,,,0.05,0.22,0.13,0.23,0.2,,,,,
object/tangible/ship/components/weapon_capacitor/cap_novaldex_sarlacc_s3.iff,Novaldex Sarlacc S3,C5,34,317.4,1150,6562.5,574.75,25.41,,,,,0.05,0.22,0.13,0.23,0.2,,,,,
object/tangible/ship/components/weapon_capacitor/cap_qualdex_conservator_qx1.iff,Qualdex Conservator QX1 Elite,C5,48,317.4,1100,5937.5,574.75,22.99,,,,,0.05,0.22,0.13,0.23,0.2,,,,,
object/tangible/ship/components/weapon_capacitor/cap_sorosuub_turbo.iff,SoroSuub Turbo Weapons Capacitor,C5,69,222.18,800,5000,423.5,16.94,,,,,0.05,0.22,0.13,0.23,0.2,,,,,
object/tangible/ship/components/weapon_capacitor/cap_subpro_defiant_c1.iff,"SubPro ""Defiant"" C1 Capacitor",C5,48,349.14,1150,7187.5,635.25,25.41,,,,,0.05,0.22,0.13,0.23,0.2,,,,,
object/tangible/ship/components/weapon_capacitor/cap_corellian_cruiser_grade_cap3.iff,"Corellian Cruiser-grade Weapons Capacitor ""CAP3""",C6,321,476.1,1300,12017.5,1089,36.3,,,,,0.05,0.22,0.13,0.23,0.2,,,,,
object/tangible/ship/components/weapon_capacitor/cap_koensayr_tuned_mk3.iff,Koensayr Tuned Mark III Capacitor,C6,109,476.1,1100,12017.5,907.5,36.3,,,,,0.05,0.22,0.13,0.23,0.2,,,,,
object/tangible/ship/components/weapon_capacitor/cap_kse_supercharged_mk3.iff,Kuat Systems Engineering Supercharged Mark III Capacitor,C6,118,476.1,1150,11471.25,862.125,38.115,,,,,0.05,0.22,0.13,0.23,0.2,,,,,
object/tangible/ship/components/weapon_capacitor/cap_mandal_improved_powermaster_mk3.iff,"MandalMotors Improved Mark III ""Powermaster"" Capacitor",C6,108,476.1,1100,10378.75,862.125,34.485,,,,,0.05,0.22,0.13,0.23,0.2,,,,,
object/tangible/ship/components/weapon_capacitor/cap_moncal_modified_heavy.iff,Mon Calamari Modified Heavy Capacitor,C6,188,333.27,800,8740,635.25,25.41,,,,,0.05,0.22,0.13,0.23,0.2,,,,,
object/tangible/ship/components/weapon_capacitor/cap_novaldex_wampa_s1.iff,Novaldex Wampa S1,C6,130,499.905,1150,12563.75,952.875,38.115,,,,,0.05,0.22,0.13,0.23,0.2,,,,,
object/tangible/ship/components/weapon_capacitor/cap_mission_reward_rebel_qualdex_battery_array.iff,Qualdex Capacitor Battery Array,C6,84,452.295,1050,8925,771.375,30.855,,,,,0.05,0.22,0.13,0.23,0.2,,,,,
object/tangible/ship/components/weapon_capacitor/cap_qualdex_conservator_qx2.iff,Qualdex Conservator QX2,C6,192,476.1,1100,12017.5,907.5,43.56,,,,,0.05,0.22,0.13,0.23,0.1,,,,,
object/tangible/ship/components/weapon_capacitor/cap_mission_reward_imperial_rendili_k_class.iff,"Rendili ""K-Class"" Weapon Capacitor",C6,73,523.71,1150,9775,952.875,38.115,,,,,0.05,0.22,0.13,0.23,0.2,,,,,
object/tangible/ship/components/weapon_capacitor/cap_sorosuub_dynamo_mk3.iff,"SoroSuub ""Dynamo"" Mark III Capacitor",C6,160,476.1,1200,12017.5,998.25,39.93,,,,,0.05,0.22,0.13,0.2,0.1,,,,,
object/tangible/ship/components/weapon_capacitor/cap_mission_reward_neutral_sorosuub_v1.iff,"SoroSuub ""V-1"" Weapon Capacitor",C6,79,476.1,1100,9350,907.5,36.3,,,,,0.05,0.25,0.18,0.25,0.25,,,,,
object/tangible/ship/components/weapon_capacitor/cap_subpro_modified_defiant_c1.iff,SubPro Modified Defiant C1 Capacitor,C6,110,476.1,1100,9832.5,816.75,32.67,,,,,0.05,0.22,0.13,0.23,0.2,,,,,
object/tangible/ship/components/weapon_capacitor/cap_tiburon.iff,Tiburon Capacitor,C6,113,443.854,1100,17160,632.225,25.289,,,,,0.05,0.22,0.13,0.23,0.2,,,,,
object/tangible/ship/components/weapon_capacitor/cap_tiefighter_elite_mk2.iff,TIE Elite Capacitor Mark 2,C6,100,428.49,1000,10925,816.75,32.67,,,,,0.05,0.22,0.13,0.23,0.2,,,,,
object/tangible/ship/components/weapon_capacitor/cap_unknown_experimental.iff,(Unknown) Weapons Capacitor,C7,28,443.854,1100,17160,632.225,25.289,,,,,0.05,0.22,0.13,0.23,0.2,,,,,
object/tangible/ship/components/weapon_capacitor/cap_corellian_cruiser_grade_cap5.iff,"Corellian Cruiser-grade Weapons Capacitor ""CAP5""",C7,27,490.5755,1200,18720,698.775,27.951,,,,,0.05,0.22,0.13,0.23,0.2,,,,,
object/tangible/ship/components/weapon_capacitor/cap_koensayr_mk4.iff,Koensayr Mark IV Capacitor,C7,24,467.215,1150,14820,598.95,23.958,,,,,0.05,0.22,0.13,0.23,0.2,,,,,
object/tangible/ship/components/weapon_capacitor/cap_kse_mk4.iff,Kuat Systems Engineering Mark IV Capacitor,C7,27,327.0505,850,13260,465.85,18.634,,,,,0.05,0.22,0.13,0.23,0.2,,,,,
object/tangible/ship/components/weapon_capacitor/cap_mandal_powermaster_mk4.iff,"MandalMotors Mark IV ""Powermaster"" Capacitor",C7,32,467.215,1150,17940,665.5,26.62,,,,,0.05,0.22,0.13,0.23,0.2,,,,,
object/tangible/ship/components/weapon_capacitor/cap_moncal_advanced.iff,Mon Calamari Advanced Capacitor,C7,35,467.215,1150,15600,632.225,25.289,,,,,0.05,0.22,0.13,0.23,0.2,,,,,
object/tangible/ship/components/weapon_capacitor/cap_novaldex_deluxe_wampa_s1.iff,Novaldex Deluxe Wampa S1,C7,42,420.4935,1150,16380,598.95,23.958,,,,,0.05,0.22,0.13,0.23,0.2,,,,,
object/tangible/ship/components/weapon_capacitor/cap_qualdex_conservator_q7.iff,Qualdex Conservator Q7 Prototype,C7,36,467.215,1150,17940,665.5,26.62,,,,,0.05,0.22,0.13,0.23,0.2,,,,,
object/tangible/ship/components/weapon_capacitor/cap_qualdex_conservator_qx3.iff,Qualdex Conservator QX3,C7,35,467.215,1350,17940,798.6,26.62,,,,,0.05,0.22,0.13,0.23,0.2,,,,,
object/tangible/ship/components/weapon_capacitor/cap_sorosuub_tuned_dynamo_mk3.iff,"SoroSuub Tuned ""Dynamo"" Mark III Capacitor",C7,39,467.215,1150,17940,665.5,31.944,,,,,0.05,0.22,0.13,0.23,0.1,,,,,
object/tangible/ship/components/weapon_capacitor/cap_subpro_defiant_c2.iff,"SubPro ""Defiant"" C2 Capacitor",C7,33,467.215,1150,17940,665.5,26.62,,,,,0.05,0.22,0.13,0.23,0.2,,,,,
object/tangible/ship/components/weapon_capacitor/cap_subpro_defiant_c3.iff,"SubPro ""Defiant"" C3 Capacitor",C7,36,467.215,1250,17940,732.05,29.282,,,,,0.05,0.22,0.13,0.2,0.1,,,,,
object/tangible/ship/components/weapon_capacitor/cap_corellian_cruiser_grade_cap9.iff,"Corellian Cruiser-grade Weapons Capacitor ""CAP9""",C8,73,770.905,1200,32760,1048.162,41.927,,,,,0.05,0.22,0.13,0.23,0.2,,,,,
object/tangible/ship/components/weapon_capacitor/cap_freitek_x7a.iff,FreiTek Inc. X-7A Capacitor,C8,50,700.8225,1150,31395,1550.25,39.93,,,,,0.05,0.25,0.18,0.0001,0.25,,,,,
object/tangible/ship/components/weapon_capacitor/cap_koensayr_deluxe_mk4.iff,Koensayr Deluxe Mark IV Capacitor,C8,72,700.8225,1150,31395,998.25,39.93,,,,,0.05,0.22,0.13,0.23,0.2,,,,,
object/tangible/ship/components/weapon_capacitor/cap_kse_limited_mk4.iff,Kuat Systems Engineering Limited Mark IV Capacitor,C8,73,735.8635,1150,32760,1048.162,41.927,,,,,0.05,0.22,0.13,0.23,0.2,,,,,
object/tangible/ship/components/weapon_capacitor/cap_mandal_rare_powermaster_mk4.iff,"MandalMotors Rare Mark IV ""Powermaster"" Capacitor",C8,72,665.7815,1000,30030,948.338,37.934,,,,,0.05,0.22,0.13,0.23,0.2,,,,,
object/tangible/ship/components/weapon_capacitor/cap_moncal_enhanced_advanced.iff,Mon Calamari Enhanced Advanced Capacitor,C8,79,630.74,1050,28665,898.425,35.937,,,,,0.05,0.22,0.13,0.23,0.2,,,,,
object/tangible/ship/components/weapon_capacitor/cap_novaldex_wampa_s2.iff,Novaldex Wampa S2,C8,85,700.8225,1200,30030,948.338,41.927,,,,,0.05,0.22,0.13,0.23,0.2,,,,,
object/tangible/ship/components/weapon_capacitor/cap_qualdex_conservator_qx4.iff,Qualdex Conservator QX4,C8,75,665.7815,1100,30030,848.512,33.941,,,,,0.05,0.22,0.13,0.23,0.2,,,,,
object/tangible/ship/components/weapon_capacitor/cap_sorosuub_dynamo_mk4.iff,"Sorosuub ""Dynamo"" Mark IV Capacitor",C8,87,700.8225,1150,31395,998.25,39.93,,,,,0.05,0.22,0.13,0.23,0.2,,,,,
object/tangible/ship/components/weapon_capacitor/cap_subpro_dauntless_z3.iff,"SubPro ""Dauntless"" Z3 Capacitor",C8,78,700.8225,1150,31395,998.25,39.93,,,,,0.05,0.25,0.18,0.25,0.25,,,,,
object/tangible/ship/components/weapon_capacitor/cap_kessel_rebel_armek_array.iff,Armek Elite Capacitor Array,C9,14,550.19,1200,46800,732.05,29.28,,,,,0.05,0.22,0.13,0.23,0.2,,,,,
object/tangible/ship/components/weapon_capacitor/cap_corellian_cruiser_grade_cap10.iff,"Corellian Cruiser-grade Weapons Capacitor ""CAP10""",C9,21,550.19,1200,46800,732.05,29.28,,,,,0.05,0.22,0.13,0.23,0.2,,,,,
object/tangible/ship/components/weapon_capacitor/cap_koensayr_mk5.iff,Koensayr Mark V Capacitor,C9,20,385.133,900,35100,512.435,20.496,,,,,0.05,0.22,0.13,0.23,0.2,,,,,
object/tangible/ship/components/weapon_capacitor/cap_kse_mk5.iff,Kuat Systems Engineering Mark V Capacitor,C9,29,522.6805,1150,44850,622.242,24.888,,,,,0.05,0.22,0.13,0.23,0.2,,,,,
object/tangible/ship/components/weapon_capacitor/cap_mandal_powermaster_mk5.iff,"MandalMotors Mark V ""Powermaster"" Capacitor",C9,24,550.19,1200,44850,695.447,30.744,,,,,0.05,0.22,0.13,0.23,0.2,,,,,
object/tangible/ship/components/weapon_capacitor/cap_moncal_elite.iff,Mon Calamari Elite Capacitor,C9,19,605.209,1200,48750,768.653,30.744,,,,,0.05,0.22,0.13,0.23,0.2,,,,,
object/tangible/ship/components/weapon_capacitor/cap_novaldex_wampa_s3.iff,Novaldex Wampa S3,C9,28,550.19,1200,46800,805.255,32.208,,,,,0.05,0.22,0.13,0.2,0.1,,,,,
object/tangible/ship/components/weapon_capacitor/cap_qualdex_conservator_qx5.iff,Qualdex Conservator QX5,C9,25,550.19,1200,39000,658.845,26.352,,,,,0.05,0.22,0.13,0.23,0.2,,,,,
object/tangible/ship/components/weapon_capacitor/cap_kessel_imperial_rendili_hyperbattery.iff,"Rendili ""Hyperbattery"" Elite Capacitor",C9,14,522.6805,1150,44850,695.447,27.816,,,,,0.05,0.22,0.13,0.23,0.2,,,,,
object/tangible/ship/components/weapon_capacitor/cap_kessel_imperial_sfs_array.iff,Sienar Fleet Systems Capacitor Array,C9,11,550.19,1200,46800,732.05,29.28,,,,,0.05,0.22,0.13,0.23,0.2,,,,,
object/tangible/ship/components/weapon_capacitor/cap_sorosuub_supercharged_dynamo_mk4.iff,"SoroSuub Supercharged ""Dynamo"" Mark IV Capacitor",C9,26,550.19,1200,40950,695.447,27.816,,,,,0.05,0.22,0.13,0.23,0.2,,,,,
object/tangible/ship/components/weapon_capacitor/cap_subpro_dauntless_z5.iff,"SubPro ""Dauntless"" Z5 Capacitor",C9,31,550.19,1150,46800,732.05,35.136,,,,,0.05,0.22,0.13,0.23,0.1,,,,,
object/tangible/ship/components/weapon_capacitor/cap_kessel_rebel_taim_hypercharger.iff,"Taim & Bak ""Hypercharger"" Elite Capacitor",C9,2,550.19,1200,46800,732.05,29.28,,,,,0.05,0.25,0.18,0.25,0.25,,,,,
object/tangible/ship/components/weapon_capacitor/cap_tiefighter_elite_mk3.iff,TIE Elite Capacitor Mark 3,C9,28,550.19,1350,46800,878.46,29.28,,,,,0.05,0.22,0.13,0.23,0.2,,,,,
object/tangible/ship/components/weapon_capacitor/cap_corellian_elite.iff,Corellian Elite Capacitor,C0,77,784.021,1150,61100,933.364,37.332,,,,,0.05,0.22,0.13,0.23,0.2,,,,,
object/tangible/ship/components/weapon_capacitor/cap_kessel_rebel_deepwell_k33_prototype.iff,Incom Deepwell Prototype K-33 Prototype Capacitor,C0,105,825.285,1200,56400,1098.075,43.92,,,,,0.05,0.25,0.18,0.25,0.25,,,,,
object/tangible/ship/components/weapon_capacitor/cap_koensayr_elite_mk5.iff,Koensayr Elite Mark V Capacitor,C0,58,825.285,1250,56400,1043.171,46.116,,,,,0.05,0.22,0.13,0.23,0.2,,,,,
object/tangible/ship/components/weapon_capacitor/cap_kse_elite_mk5.iff,Kuat Systems Engineering Elite Mark V Capacitor,C0,557,577.6995,900,42300,768.652,30.744,,,,,0.05,0.22,0.13,0.23,0.2,,,,,
object/tangible/ship/components/weapon_capacitor/cap_mandal_provider_p1.iff,"MandalMotors ""Provider"" Model P1",C0,100,825.285,1200,49350,1043.171,41.724,,,,,0.05,0.22,0.13,0.23,0.2,,,,,
object/tangible/ship/components/weapon_capacitor/cap_mandal_powersoak.iff,MandalMotors Powersoak (Original),C0,95,825.285,1200,56400,1098.075,43.92,,,,,0.05,0.22,0.13,0.23,0.2,,,,,
object/tangible/ship/components/weapon_capacitor/cap_tiefighter_experimental.iff,Modified TIE Capacitor (Origin Unknown),C0,384,825.285,1200,56400,1098.075,52.704,,,,,0.05,0.22,0.13,0.23,0.1,,,,,
object/tangible/ship/components/weapon_capacitor/cap_moncal_deluxe_elite.iff,Mon Calamari Deluxe Elite Capacitor,C0,126,907.8135,1250,56400,1152.979,46.116,,,,,0.05,0.22,0.13,0.23,0.2,,,,,
object/tangible/ship/components/weapon_capacitor/cap_novaldex_experimental.iff,Novaldex Experimental High-Capacitor (Unknown),C0,89,866.5495,1250,58750,1152.979,46.116,,,,,0.05,0.22,0.13,0.23,0.2,,,,,
object/tangible/ship/components/weapon_capacitor/cap_qualdex_experimental.iff,Qualdex Experimental (Unknown Model),C0,91,742.7565,1100,51700,988.268,39.528,,,,,0.05,0.22,0.13,0.23,0.2,,,,,
object/tangible/ship/components/weapon_capacitor/cap_kessel_imperial_sds_imperial_finest.iff,"Sienar Design Systems ""Imperial Finest"" Capacitor",C0,98,825.285,1200,56400,1098.075,43.92,,,,,0.05,0.22,0.13,0.23,0.2,,,,,
object/tangible/ship/components/weapon_capacitor/cap_sorosuub_flash.iff,"SoroSuub ""Flash"" Capacitor",C0,70,825.285,1200,47000,988.268,39.528,,,,,0.05,0.22,0.13,0.23,0.2,,,,,
object/tangible/ship/components/weapon_capacitor/cap_subpro_experimental.iff,SubPro Experimental Capacitor (Unknown),C0,147,825.285,1400,56400,1317.69,43.92,,,,,0.05,0.22,0.13,0.23,0.2,,,,,
object/tangible/ship/components/weapon_capacitor/cap_z95_deepwell_experimental.iff,Z95 Deepwell Capacitor (Experimental),C0,327,825.285,1300,56400,1207.882,48.312,,,,,0.05,0.22,0.13,0.2,0.1,,,,,
object/tangible/ship/components/droid_interface/ddi_armek_military_grade_mk1.iff,Armek Military Grade Droid Interface Mark I,D1,13,75,500,500,34.5,,,,,,0.05,0.05,0.05,0.05,,,,,,
object/tangible/ship/components/droid_interface/ddi_incom_droid_interface_mk1.iff,Incom Droid Interface Mark I,D1,4,75,500,500,34.5,,,,,,0.05,0.05,0.05,0.05,,,,,,
object/tangible/ship/components/droid_interface/ddi_koensayr_simple_droid_interface.iff,Koensayr Simple Droid Interface,D1,13,75,500,500,34.5,,,,,,0.05,0.05,0.05,0.05,,,,,,
object/tangible/ship/components/droid_interface/ddi_kse_manager_mk1.iff,Kuat Systems Engineering Mark I Droid Manager,D1,14,75,500,500,34.5,,,,,,0.05,0.05,0.05,0.05,,,,,,
object/tangible/ship/components/droid_interface/ddi_mandal_military_grade_mk1.iff,MandalMotors Military Grade Droid Interface Mark I,D1,10,75,500,500,34.5,,,,,,0.05,0.05,0.05,0.05,,,,,,
object/tangible/ship/components/droid_interface/ddi_moncal_dk1.iff,Mon Calamari DK-1 Droid Interface,D1,16,75,500,500,34.5,,,,,,0.05,0.05,0.05,0.05,,,,,,
object/tangible/ship/components/droid_interface/ddi_novaldex_droid_interface_mk1.iff,Novaldex Droid Interface Mark I,D1,24,75,500,500,34.5,,,,,,0.05,0.05,0.05,0.05,,,,,,
object/tangible/ship/components/droid_interface/ddi_rss_imperial_1.iff,Republic Sienar Systems Mark I Imperial Droid Interface,D1,13,75,500,500,34.5,,,,,,0.05,0.05,0.05,0.05,,,,,,
object/tangible/ship/components/droid_interface/ddi_sfs_imperial_1.iff,Sienar Fleet Systems Mark I Imperial Droid Interface,D1,17,75,500,500,34.5,,,,,,0.05,0.05,0.05,0.05,,,,,,
object/tangible/ship/components/droid_interface/ddi_cygnus_di6.iff,Cygnus DI-6 Droid Interface,D2,12,112.5,500,875,33.75,,,,,,0.05,0.05,0.05,0.05,,,,,,
object/tangible/ship/components/droid_interface/ddi_incom_deluxe_droid_interface_mk1.iff,Incom Deluxe Mark I Droid Interface,D2,3,112.5,500,875,33.75,,,,,,0.05,0.05,0.05,0.05,,,,,,
object/tangible/ship/components/droid_interface/ddi_koensayr_standard_droid_interface.iff,Koensayr Standard Droid Interface,D2,22,112.5,500,875,33.75,,,,,,0.05,0.05,0.05,0.05,,,,,,
object/tangible/ship/components/droid_interface/ddi_kde_governor_mk1.iff,"Kuat Drive Yards Mark I ""Governor"" Droid Interface",D2,30,112.5,500,875,33.75,,,,,,0.05,0.05,0.05,0.05,,,,,,
object/tangible/ship/components/droid_interface/ddi_kse_improved_manager_mk1.iff,Kuat Systems Engineering Improved Mark I Droid Manager,D2,30,112.5,500,875,33.75,,,,,,0.05,0.05,0.05,0.05,,,,,,
object/tangible/ship/components/droid_interface/ddi_moncal_special_dk1.iff,Mon Calamari Special Edition DK-1 Droid Interface,D2,19,112.5,500,875,33.75,,,,,,0.05,0.05,0.05,0.05,,,,,,
object/tangible/ship/components/droid_interface/ddi_novaldex_special_droid_interface_mk1.iff,Novaldex Special Droid Interface Mark I,D2,14,112.5,500,875,33.75,,,,,,0.05,0.05,0.05,0.05,,,,,,
object/tangible/ship/components/droid_interface/ddi_qualdex_droid_interface_mk1.iff,Qualdex Droid Interface Mark I,D2,17,112.5,500,875,33.75,,,,,,0.05,0.05,0.05,0.05,,,,,,
object/tangible/ship/components/droid_interface/ddi_rss_enhanced_imperial_1.iff,Republic Sienar Systems Enhanced Mark I Imperial Droid Interface,D2,5,112.5,500,875,33.75,,,,,,0.05,0.05,0.05,0.05,,,,,,
object/tangible/ship/components/droid_interface/ddi_sfs_enhanced_imperial_1.iff,Sienar Fleet Systems Enhanced Mark I Imperial Droid Interface,D2,6,112.5,500,875,33.75,,,,,,0.05,0.05,0.05,0.05,,,,,,
object/tangible/ship/components/droid_interface/ddi_seinar_interface_mk1.iff,Sienar Systems Droid Interface Mark I,D2,7,112.5,500,875,33.75,,,,,,0.05,0.05,0.05,0.05,,,,,,
object/tangible/ship/components/droid_interface/ddi_armek_military_grade_mk2.iff,Armek Military Grade Droid Interface Mark II,D3,14,172.5,500,1250,30,,,,,,0.05,0.05,0.05,0.05,,,,,,
object/tangible/ship/components/droid_interface/ddi_freitek_droid_commander_mk1.iff,FreiTek Inc. Droid Commander Mark I,D3,2,172.5,500,1250,30,,,,,,0.05,0.05,0.05,0.05,,,,,,
object/tangible/ship/components/droid_interface/ddi_haor_chall_old_tech.iff,Haor Chall Old-Tech Droid Interface,D3,10,172.5,500,1250,30,,,,,,0.05,0.05,0.05,0.05,,,,,,
object/tangible/ship/components/droid_interface/ddi_incom_droid_interface_mk2.iff,Incom Droid Interface Mark II,D3,2,172.5,500,1250,30,,,,,,0.05,0.05,0.05,0.05,,,,,,
object/tangible/ship/components/droid_interface/ddi_kse_manager_mk2.iff,Kuat Systems Engineering Mark II Droid Manager,D3,17,172.5,500,1250,30,,,,,,0.05,0.05,0.05,0.05,,,,,,
object/tangible/ship/components/droid_interface/ddi_mandal_military_grade_mk2.iff,MandalMotors Military Grade Droid Interface Mark II,D3,16,172.5,500,1250,30,,,,,,0.05,0.05,0.05,0.05,,,,,,
object/tangible/ship/components/droid_interface/ddi_novaldex_droid_interface_mk2.iff,Novaldex Droid Interface Mark II,D3,15,172.5,500,1250,30,,,,,,0.05,0.05,0.05,0.05,,,,,,
object/tangible/ship/components/droid_interface/ddi_rss_imperial_2.iff,Republic Sienar Systems Imperial-2 Droid Interface,D3,7,172.5,500,1250,30,,,,,,0.05,0.05,0.05,0.05,,,,,,
object/tangible/ship/components/droid_interface/ddi_sds_imperial_1.iff,"Sienar Design Systems ""Imperial 1"" Droid Interface",D3,3,172.5,500,1250,30,,,,,,0.05,0.05,0.05,0.05,,,,,,
object/tangible/ship/components/droid_interface/ddi_sorosuub_rad_mk1.iff,SoroSuub RAD-MK1 Droid Interface,D3,15,172.5,500,1250,30,,,,,,0.05,0.05,0.05,0.05,,,,,,
object/tangible/ship/components/droid_interface/ddi_subpro_jrd33.iff,SubPro JRD-33 Droid Interface,D3,16,172.5,500,1250,30,,,,,,0.05,0.05,0.05,0.05,,,,,,
object/tangible/ship/components/droid_interface/ddi_freitek_modified_droid_commander_mk1.iff,FreiTek Inc. Modified Droid Commander Mark I,D4,5,258.75,500,2187.5,29.25,,,,,,0.05,0.05,0.05,0.05,,,,,,
object/tangible/ship/components/droid_interface/ddi_haor_chall_vintage_piece.iff,Haor Chall Vintage-Tech Interface,D4,14,258.75,500,2187.5,29.25,,,,,,0.05,0.05,0.05,0.05,,,,,,
object/tangible/ship/components/droid_interface/ddi_incom_fast_droid_interface_mk2.iff,Incom Fast Droid Interface Mark II,D4,9,258.75,500,2187.5,29.25,,,,,,0.05,0.05,0.05,0.05,,,,,,
object/tangible/ship/components/droid_interface/ddi_kse_custom_manager_mk2.iff,Kuat Systems Engineering Custom Manager Class Mark II Capacitor,D4,15,258.75,500,2187.5,29.25,,,,,,0.05,0.05,0.05,0.05,,,,,,
object/tangible/ship/components/droid_interface/ddi_mission_reward_rebel_moncal_d22.iff,"Mon Calamari ""D-22"" Droid Interface",D4,7,310.5,600,2625,27,,,,,,0.0001,0.0001,0.0001,0.0001,,,,,,
object/tangible/ship/components/droid_interface/ddi_qualdex_droid_interface_mk2.iff,Qualdex Droid Interface Mark II,D4,15,258.75,500,2187.5,29.25,,,,,,0.05,0.05,0.05,0.05,,,,,,
object/tangible/ship/components/droid_interface/ddi_rss_deluxe_imperial_2.iff,Republic Sienar Systems Deluxe Imperial-2 Interface,D4,8,258.75,500,2187.5,29.25,,,,,,0.05,0.05,0.05,0.05,,,,,,
object/tangible/ship/components/droid_interface/ddi_sds_special_imperial_1.iff,"Sienar Design Systems Special ""Imperial 1"" Interface",D4,3,258.75,500,2187.5,29.25,,,,,,0.05,0.05,0.05,0.05,,,,,,
object/tangible/ship/components/droid_interface/ddi_seinar_interface_mk2.iff,Sienar Systems Droid Interface Mark II,D4,8,258.75,500,2187.5,29.25,,,,,,0.05,0.05,0.05,0.05,,,,,,
object/tangible/ship/components/droid_interface/ddi_mission_reward_neutral_sorosuub_w19.iff,"SoroSuub ""W-19"" Droid Interface",D4,12,310.5,600,2625,27,,,,,,0.0001,0.0001,0.0001,0.0001,,,,,,
object/tangible/ship/components/droid_interface/ddi_sorosuub_enhanced_rad_mk1.iff,SoroSuub Enhanced RAD-MK1 Droid Interface,D4,13,258.75,500,2187.5,29.25,,,,,,0.05,0.05,0.05,0.05,,,,,,
object/tangible/ship/components/droid_interface/ddi_subpro_improved_jrd33.iff,SubPro Improved JRD-33 Droid Interface,D4,12,258.75,500,2187.5,29.25,,,,,,0.05,0.05,0.05,0.05,,,,,,
object/tangible/ship/components/droid_interface/ddi_gallofree_level1.iff,Gallofree Level 1 Droid Interface,D5,21,317.4,500,3125,24,,,,,,0.05,0.05,0.05,0.05,,,,,,
object/tangible/ship/components/droid_interface/ddi_hk_mk1.iff,Hoersch-Kessel Mark I Droid Interface,D5,14,317.4,500,3125,24,,,,,,0.05,0.05,0.05,0.05,,,,,,
object/tangible/ship/components/droid_interface/ddi_kde_governor_mk2.iff,"Kuat Drive Yards ""Governor"" Droid Interface Mark II",D5,24,317.4,500,3125,24,,,,,,0.05,0.05,0.05,0.05,,,,,,
object/tangible/ship/components/droid_interface/ddi_moncal_dk2.iff,Mon Calamari DK-2 Droid Interface,D5,19,317.4,500,3125,24,,,,,,0.05,0.05,0.05,0.05,,,,,,
object/tangible/ship/components/droid_interface/ddi_novaldex_droid_interface_mk3.iff,Novaldex Droid Interface Mark III,D5,13,317.4,500,3125,24,,,,,,0.05,0.05,0.05,0.05,,,,,,
object/tangible/ship/components/droid_interface/ddi_rendili_imperator_1.iff,"Rendili ""Imperator 1"" Droid Interface",D5,7,317.4,500,3125,24,,,,,,0.05,0.05,0.05,0.05,,,,,,
object/tangible/ship/components/droid_interface/ddi_sds_imperial_2.iff,"Sienar Design Systems ""Imperial 2"" Droid Interface",D5,5,317.4,500,3125,24,,,,,,0.05,0.05,0.05,0.05,,,,,,
object/tangible/ship/components/droid_interface/ddi_sfs_imperial_2.iff,"Sienar Fleet Systems ""Imperial 2"" Droid Interface",D5,5,317.4,500,3125,24,,,,,,0.05,0.05,0.05,0.05,,,,,,
object/tangible/ship/components/droid_interface/ddi_sorosuub_rad_mk2.iff,SoroSuub RAD-MK2 Droid Interface,D5,20,317.4,500,3125,24,,,,,,0.05,0.05,0.05,0.05,,,,,,
object/tangible/ship/components/droid_interface/ddi_cygnus_di8.iff,Cygnus DI-8 Droid Interface,D6,5,476.1,500,5462.5,19.125,,,,,,0.05,0.05,0.05,0.05,,,,,,
object/tangible/ship/components/droid_interface/ddi_freitek_droid_commander_mk2.iff,FreiTek Inc. Droid Commander Mark II,D6,13,476.1,500,5462.5,19.125,,,,,,0.05,0.05,0.05,0.05,,,,,,
object/tangible/ship/components/droid_interface/ddi_hk_mk2.iff,Hoersch-Kessel Mark II Droid Interface,D6,24,476.1,500,5462.5,19.125,,,,,,0.05,0.05,0.05,0.05,,,,,,
object/tangible/ship/components/droid_interface/ddi_incom_droid_interface_mk3.iff,Incom Droid Interface Mark III,D6,21,476.1,500,5462.5,19.125,,,,,,0.05,0.05,0.05,0.05,,,,,,
object/tangible/ship/components/droid_interface/ddi_kse_manager_mk3.iff,Kuat Systems Engineering Mark III Droid Manager,D6,30,476.1,500,5462.5,19.125,,,,,,0.05,0.05,0.05,0.05,,,,,,
object/tangible/ship/components/droid_interface/ddi_moncal_custom_dk2.iff,Mon Calamari Custom DK-2 Droid Interface,D6,23,476.1,500,5462.5,19.125,,,,,,0.05,0.05,0.05,0.05,,,,,,
object/tangible/ship/components/droid_interface/ddi_qualdex_droid_interface_mk3.iff,Qualdex Droid Interface Mark III,D6,21,476.1,500,5462.5,19.125,,,,,,0.05,0.05,0.05,0.05,,,,,,
object/tangible/ship/components/droid_interface/ddi_sds_enhanced_imperial_2.iff,"Sienar Design Systems Enhanced ""Imperial 2"" Droid Interface",D6,6,476.1,500,5462.5,19.125,,,,,,0.05,0.05,0.05,0.05,,,,,,
object/tangible/ship/components/droid_interface/ddi_mission_reward_imperial_sfs_military_grade.iff,Sienar Fleet Systems Military Grade Droid Interface,D6,6,571.32,600,6555,19.125,,,,,,0.0001,0.0001,0.0001,0.0001,,,,,,
object/tangible/ship/components/droid_interface/ddi_seinar_interface_mk3.iff,Sienar Systems Droid Interface Mark III,D6,6,476.1,500,5462.5,19.125,,,,,,0.05,0.05,0.05,0.05,,,,,,
object/tangible/ship/components/droid_interface/ddi_sorosuub_modified_rad_mk2.iff,SoroSuub Modified RAD-MK2 Droid Interface,D6,13,476.1,500,5462.5,19.125,,,,,,0.05,0.05,0.05,0.05,,,,,,
object/tangible/ship/components/droid_interface/ddi_hk_mk3.iff,Hoersch-Kessel Mark III Droid Interface,D7,14,467.215,500,7800,16.5,,,,,,0.05,0.05,0.05,0.05,,,,,,
object/tangible/ship/components/droid_interface/ddi_incom_droid_interface_mk4.iff,Incom Droid Interface Mark IV,D7,15,467.215,500,7800,16.5,,,,,,0.05,0.05,0.05,0.05,,,,,,
object/tangible/ship/components/droid_interface/ddi_kse_enhanced_manager_mk3.iff,Kuat Systems Engineering Enhanced Manager Mark III,D7,11,467.215,500,7800,16.5,,,,,,0.05,0.05,0.05,0.05,,,,,,
object/tangible/ship/components/droid_interface/ddi_moncal_dk3.iff,Mon Calamari DK-3 Droid Interface,D7,10,467.215,500,7800,16.5,,,,,,0.05,0.05,0.05,0.05,,,,,,
object/tangible/ship/components/droid_interface/ddi_novaldex_droid_interface_mk4.iff,Novaldex Droid Interface Mark IV,D7,9,467.215,500,7800,16.5,,,,,,0.05,0.05,0.05,0.05,,,,,,
object/tangible/ship/components/droid_interface/ddi_qualdex_modified_droid_interface_mk3.iff,Qualdex Modified Droid Interface Mark III,D7,16,467.215,500,7800,16.5,,,,,,0.05,0.05,0.05,0.05,,,,,,
object/tangible/ship/components/droid_interface/ddi_rendili_imperator_2.iff,"Rendili ""Imperator 2"" Droid Interface",D7,6,467.215,500,7800,16.5,,,,,,0.05,0.05,0.05,0.05,,,,,,
object/tangible/ship/components/droid_interface/ddi_sds_imperial_3.iff,"Sienar Design Systems ""Imperial 3"" Droid Interface",D7,3,467.215,500,7800,16.5,,,,,,0.05,0.05,0.05,0.05,,,,,,
object/tangible/ship/components/droid_interface/ddi_sfs_imperial_3.iff,"Sienar Fleet Systems ""Imperial 3"" Droid Interface",D7,6,467.215,500,7800,16.5,,,,,,0.05,0.05,0.05,0.05,,,,,,
object/tangible/ship/components/droid_interface/ddi_sorosuub_rad_mk3.iff,SoroSuub RAD-MK3 Droid Interface,D7,15,467.215,500,7800,16.5,,,,,,0.05,0.05,0.05,0.05,,,,,,
object/tangible/ship/components/droid_interface/ddi_freitek_droid_commander_mk3.iff,FreiTek Inc. Droid Commander Mark III,D8,15,700.8225,500,13650,13.5,,,,,,0.05,0.05,0.05,0.05,,,,,,
object/tangible/ship/components/droid_interface/ddi_hk_mk4.iff,Hoersch-Kessel Mark IV Droid Interface,D8,12,700.8225,500,13650,13.5,,,,,,0.05,0.05,0.05,0.05,,,,,,
object/tangible/ship/components/droid_interface/ddi_incom_enhanced_droid_interface_mk4.iff,Incom Enhanced Droid Interface Mk4,D8,19,700.8225,500,13650,13.5,,,,,,0.05,0.05,0.05,0.05,,,,,,
object/tangible/ship/components/droid_interface/ddi_kse_advanced_manager.iff,Kuat Systems Engineering Advanced Manager Droid Interface,D8,15,700.8225,500,13650,13.5,,,,,,0.05,0.05,0.05,0.05,,,,,,
object/tangible/ship/components/droid_interface/ddi_moncal_dk4.iff,Mon Calamari DK-4 Droid Interface,D8,18,700.8225,500,13650,13.5,,,,,,0.05,0.05,0.05,0.05,,,,,,
object/tangible/ship/components/droid_interface/ddi_novaldex_custom_droid_interface_mk4.iff,Novaldex Custom Droid Interface Mark 4,D8,8,700.8225,500,13650,13.5,,,,,,0.05,0.05,0.05,0.05,,,,,,
object/tangible/ship/components/droid_interface/ddi_mission_reward_rebel_novaldex_low_latency.iff,Novaldex Low-Latency Droid Interface,D8,9,840.987,600,16380,13.5,,,,,,0.0001,0.0001,0.0001,0.0001,,,,,,
object/tangible/ship/components/droid_interface/ddi_qualdex_droid_interface_mk4.iff,Qualdex Droid Interface Mark IV,D8,17,700.8225,500,13650,13.5,,,,,,0.05,0.05,0.05,0.05,,,,,,
object/tangible/ship/components/droid_interface/ddi_sds_imperial_4.iff,"Sienar Design Systems ""Imperial 4"" Droid Interface",D8,5,700.8225,500,13650,13.5,,,,,,0.05,0.05,0.05,0.05,,,,,,
object/tangible/ship/components/droid_interface/ddi_seinar_interface_mk4.iff,Sienar Systems Droid Interface Mark IV,D8,1,700.8225,500,13650,13.5,,,,,,0.05,0.05,0.05,0.05,,,,,,
object/tangible/ship/components/droid_interface/ddi_sorosuub_echelon_1.iff,SoroSuub Echelon 1 Droid Interface,D8,16,700.8225,500,13650,13.5,,,,,,0.05,0.05,0.05,0.05,,,,,,
object/tangible/ship/components/droid_interface/ddi_kessel_imperial_cygnus_dp44.iff,"Cygnus ""DP-44"" Elite Droid Interface",D9,1,550.19,500,19500,13.5,,,,,,0.05,0.05,0.05,0.05,,,,,,
object/tangible/ship/components/droid_interface/ddi_hk_advanced.iff,Hoersch-Kessel Advanced Droid Interface,D9,6,550.19,500,19500,13.5,,,,,,0.05,0.05,0.05,0.05,,,,,,
object/tangible/ship/components/droid_interface/ddi_kessel_rebel_incom_dx61.iff,"Incom ""DX-61"" Elite Droid Interface",D9,1,550.19,500,19500,13.5,,,,,,0.05,0.05,0.05,0.05,,,,,,
object/tangible/ship/components/droid_interface/ddi_incom_advanced_droid_interface.iff,Incom Advanced Droid Interface,D9,8,550.19,500,19500,13.5,,,,,,0.05,0.05,0.05,0.05,,,,,,
object/tangible/ship/components/droid_interface/ddi_kse_elite_manager_1.iff,"Kuat Systems Engineering ""Elite Manager 1"" Droid Interface",D9,13,550.19,500,19500,13.5,,,,,,0.05,0.05,0.05,0.05,,,,,,
object/tangible/ship/components/droid_interface/ddi_moncal_advanced_interface.iff,Mon Calamari Advanced Droid Interface,D9,12,550.19,500,19500,13.5,,,,,,0.05,0.05,0.05,0.05,,,,,,
object/tangible/ship/components/droid_interface/ddi_novaldex_advanced_droid_interface.iff,Novaldex Advanced Droid Interface,D9,10,550.19,500,19500,13.5,,,,,,0.05,0.05,0.05,0.05,,,,,,
object/tangible/ship/components/droid_interface/ddi_qualdex_enhanced_droid_interface_mk5.iff,Qualdex Enhanced Droid Interface Mark 5,D9,8,550.19,500,19500,13.5,,,,,,0.05,0.05,0.05,0.05,,,,,,
object/tangible/ship/components/droid_interface/ddi_kessel_rebel_qualdex_integrated_array.iff,Qualdex Integrated Droid Interface Array,D9,5,550.19,500,19500,13.5,,,,,,0.05,0.05,0.05,0.05,,,,,,
object/tangible/ship/components/droid_interface/ddi_rendili_elite_imperator.iff,"Rendili Elite ""Imperator"" Droid Interface",D9,6,550.19,500,19500,13.5,,,,,,0.05,0.05,0.05,0.05,,,,,,
object/tangible/ship/components/droid_interface/ddi_sds_imperial_5.iff,"Sienar Design Systems ""Imperial 5"" Droid Interface",D9,4,550.19,500,19500,13.5,,,,,,0.05,0.05,0.05,0.05,,,,,,
object/tangible/ship/components/droid_interface/ddi_kessel_imperial_sfs_imperial_finest.iff,"Sienar Fleet Systems ""Imperial Finest"" Droid Interface",D9,1,550.19,500,19500,13.5,,,,,,0.05,0.05,0.05,0.05,,,,,,
object/tangible/ship/components/droid_interface/ddi_sfs_imperial_mk5.iff,Sienar Fleet Systems Droid Interface Mark V,D9,1,550.19,500,19500,13.5,,,,,,0.05,0.05,0.05,0.05,,,,,,
object/tangible/ship/components/droid_interface/ddi_sorosuub_echelon_2.iff,SoroSuub Echelon 2 Droid Interface,D9,6,550.19,500,19500,13.5,,,,,,0.05,0.05,0.05,0.05,,,,,,
object/tangible/ship/components/droid_interface/ddi_freitek_elite.iff,FreiTek Elite Droid Interface,D0,6,825.285,500,23500,10.125,,,,,,0.05,0.05,0.05,0.05,,,,,,
object/tangible/ship/components/droid_interface/ddi_hk_elite.iff,Hoersch-Kessel Elite Droid Interface,D0,3,825.285,500,23500,10.125,,,,,,0.05,0.05,0.05,0.05,,,,,,
object/tangible/ship/components/droid_interface/ddi_kessel_rebel_incom_supreme_interface.iff,"Incom ""Supreme"" Droid Interface",D0,2,825.285,500,23500,10.125,,,,,,0.05,0.05,0.05,0.05,,,,,,
object/tangible/ship/components/droid_interface/ddi_incom_elite.iff,Incom Elite Droid Interface,D0,16,825.285,500,23500,10.125,,,,,,0.05,0.05,0.05,0.05,,,,,,
object/tangible/ship/components/droid_interface/ddi_kse_elite_manager_2.iff,"Kuat Systems Engineering ""Elite Manager 2"" Droid Interface",D0,16,825.285,500,23500,10.125,,,,,,0.05,0.05,0.05,0.05,,,,,,
object/tangible/ship/components/droid_interface/ddi_moncal_elite.iff,Mon Calamari Elite Droid Interface,D0,6,825.285,500,23500,10.125,,,,,,0.05,0.05,0.05,0.05,,,,,,
object/tangible/ship/components/droid_interface/ddi_novaldex_elite.iff,Novaldex Elite Droid Interface,D0,22,825.285,500,23500,10.125,,,,,,0.05,0.05,0.05,0.05,,,,,,
object/tangible/ship/components/droid_interface/ddi_qualdex_elite.iff,Qualdex Elite Droid Interface,D0,1,825.285,500,23500,10.125,,,,,,0.05,0.05,0.05,0.05,,,,,,
object/tangible/ship/components/droid_interface/ddi_sds_elite.iff,Sienar Design Systems Elite Droid Interface,D0,4,825.285,500,23500,10.125,,,,,,0.05,0.05,0.05,0.05,,,,,,
object/tangible/ship/components/droid_interface/ddi_kessel_imperial_sds_unknown_prototype.iff,Sienar Design Systems Unknown Prototype Droid Interface,D0,2,825.285,500,23500,10.125,,,,,,0.05,0.05,0.05,0.05,,,,,,
object/tangible/ship/components/droid_interface/ddi_sfs_elite.iff,Sienar Fleet Systems Elite Droid Interface,D0,3,825.285,500,23500,10.125,,,,,,0.05,0.05,0.05,0.05,,,,,,
object/tangible/ship/components/droid_interface/ddi_sorosuub_elite.iff,SoroSuub Elite Droid Interface,D0,4,825.285,500,23500,10.125,,,,,,0.05,0.05,0.05,0.05,,,,,,
object/tangible/ship/components/engine/eng_corellian_cruiser_grade_mk1.iff,Corellian Mark I Cruiser-Grade Starship Engines,E1,14,82.5,1500,990,45,45,45,42,,,0.05,0.14,0.14,0.07,0.07,0.07,0.1,,,
object/tangible/ship/components/engine/eng_cygnus_hd3.iff,Cygnus HD-3 Starfighter Engines,E1,5,75,1500,900,42.75,42.75,42.75,44.1,,,0.05,0.14,0.14,0.09,0.09,0.09,0.1,,,
object/tangible/ship/components/engine/eng_gallofree_jx2.iff,Gallofree JX-2 Drive Engines,E1,6,75,1500,900,45,45,45,42,,,0.05,0.14,0.14,0.07,0.07,0.07,0.1,,,
object/tangible/ship/components/engine/eng_incom_light_fusialthrust.iff,Incom Light Fusialthrust Engine,E1,5,75,1500,765,45,45,45,35.7,,,0.05,0.14,0.14,0.07,0.07,0.07,0.1,,,
object/tangible/ship/components/engine/eng_koensayr_small_ionjet.iff,Koensayr Small Ion-Jet Engine,E1,19,75,1500,855,45,45,45,42,,,0.05,0.14,0.14,0.07,0.07,0.07,0.1,,,
object/tangible/ship/components/engine/eng_kse_a2x.iff,Kuat Systems Engineering A-2X Thrust Engines,E1,25,75,1500,900,45,45,45,42,,,0.05,0.14,0.14,0.07,0.07,0.07,0.1,,,
object/tangible/ship/components/engine/eng_mandal_x37_vandal.iff,MandalMotors X-37 Vandal Engine,E1,23,78.75,1575,945,47.25,47.25,47.25,44.1,,,0.05,0.14,0.14,0.07,0.07,0.07,0.1,,,
object/tangible/ship/components/engine/eng_moncal_light.iff,Mon Calamari Light Drive Engines,E1,20,75,1500,900,45,45,45,42,,,0.05,0.14,0.14,0.07,0.07,0.07,0.1,,,
object/tangible/ship/components/engine/eng_novaldex_light_eventhorizon.iff,"Novaldex Light J-77 ""Event Horizon"" Engine",E1,21,75,1500,855,45,45,45,44.1,,,0.05,0.14,0.14,0.07,0.07,0.07,0.1,,,
object/tangible/ship/components/engine/eng_qualdex_small_kyromaster.iff,"Qualdex Small ""Kyromaster"" Engine",E1,22,71.25,1425,900,45,45,45,42,,,0.05,0.14,0.14,0.07,0.07,0.07,0.1,,,
object/tangible/ship/components/engine/eng_sds_imperial_1.iff,Sienar Design Systems Imperial Ion Engines,E1,7,75,1500,1080,45,45,45,46.2,,,0.05,0.14,0.14,0.07,0.07,0.07,0.1,,,
object/tangible/ship/components/engine/eng_sfs_imperial_1.iff,Sienar Fleet Systems Imperial Ion Engines,E1,7,75,1500,900,45,45,45,42,,,0.05,0.14,0.14,0.07,0.07,0.07,0.1,,,
object/tangible/ship/components/engine/eng_sorosuub_l_337_ion_engine.iff,SoroSuub L-337 Ion Engine,E1,28,71.25,1425,855,42.75,42.75,45,39.9,,,0.05,0.14,0.14,0.07,0.07,0.07,0.1,,,
object/tangible/ship/components/engine/eng_subpro_light_engines.iff,SubPro Light Ion Engines,E1,24,75,1500,900,47.25,47.25,47.25,42,,,0.05,0.14,0.14,0.06,0.06,0.06,0.1,,,
object/tangible/ship/components/engine/eng_corellian_deluxe_cruiser_grade_mk1.iff,Corellian Deluxe Mark I Cruiser-grade Engines,E2,18,93.75,1500,1653.75,56.25,56.25,56.25,52.5,,,0.05,0.14,0.14,0.07,0.07,0.07,0.1,,,
object/tangible/ship/components/engine/eng_cygnus_hd_5.iff,Cygnus HD-5 Engines,E2,6,93.75,1500,1496.25,56.25,56.25,56.25,52.5,,,0.05,0.14,0.14,0.07,0.07,0.07,0.1,,,
object/tangible/ship/components/engine/eng_gallofree_jx3.iff,Gallofree JX-3 Engines,E2,9,93.75,1500,1575,56.25,56.25,56.25,52.5,,,0.05,0.14,0.14,0.07,0.07,0.07,0.1,,,
object/tangible/ship/components/engine/eng_koensayr_tuned_small_ionjet.iff,Koensayr Tuned Small Ion-Jet Engine,E2,41,93.75,1500,1575,56.25,56.25,56.25,52.5,,,0.05,0.14,0.14,0.07,0.07,0.07,0.1,,,
object/tangible/ship/components/engine/eng_kse_improved_a2x.iff,Kuat Systems Engineering Improved A-2X Thrust Engines,E2,43,93.75,1500,1575,56.25,56.25,56.25,52.5,,,0.05,0.14,0.14,0.07,0.07,0.07,0.1,,,
object/tangible/ship/components/engine/eng_moncal_enhanced_light.iff,Mon Calamari Enhanced Light Drive Engines,E2,51,93.75,1500,1575,56.25,56.25,56.25,52.5,,,0.05,0.14,0.14,0.07,0.07,0.07,0.1,,,
object/tangible/ship/components/engine/eng_novaldex_eventhorizon.iff,"Novaldex J-77 ""Event Horizon"" Engine",E2,84,93.75,1500,1575,56.25,56.25,56.25,52.5,,,0.05,0.14,0.14,0.07,0.07,0.07,0.1,,,
object/tangible/ship/components/engine/eng_sds_limited_imperial_1.iff,Sienar Design Systems Limited Edition Imperial Ion Engines,E2,9,89.0625,1425,1575,56.25,56.25,56.25,52.5,,,0.05,0.14,0.14,0.07,0.07,0.07,0.1,,,
object/tangible/ship/components/engine/eng_sfs_performance_imperial_1.iff,Sienar Fleet Systems Performance Imperial Ion Engines,E2,12,93.75,1500,1496.25,56.25,56.25,56.25,52.5,,,0.05,0.14,0.14,0.07,0.07,0.07,0.1,,,
object/tangible/ship/components/engine/eng_sorosuub_tuned_l_337_ion_engine.iff,SoroSuub Tuned L-337 Ion Engine,E2,58,93.75,1500,1575,56.25,56.25,56.25,55.125,,,0.05,0.14,0.14,0.07,0.07,0.07,0.1,,,
object/tangible/ship/components/engine/engine_surronian_a2.iff,Surronian A2 Grade Engine,E2,41,103.125,1500,1732.5,56.25,56.25,56.25,52.5,,,0.05,0.14,0.14,0.07,0.07,0.07,0.1,,,
object/tangible/ship/components/engine/eng_corellian_cruiser_grade_mk2.iff,Corellian Cruiser-grade Mark II Engine,E3,17,172.5,1575,2025,47.7,47.7,47.7,39.984,,,0.05,0.14,0.14,0.07,0.07,0.07,0.1,,,
object/tangible/ship/components/engine/eng_cygnus_hd7.iff,Cygnus HD-7 Engine,E3,5,172.5,1575,2362.5,47.7,47.7,47.7,47.04,,,0.05,0.14,0.14,0.07,0.07,0.07,0.1,,,
object/tangible/ship/components/engine/eng_koensayr_dual_small_ionjet.iff,Koensayr Dual Small Ion-Jet Engines,E3,22,138,1275,2587.5,47.7,47.7,47.7,47.04,,,0.05,0.14,0.14,0.07,0.07,0.07,0.1,,,
object/tangible/ship/components/engine/eng_kse_a5x.iff,Kuat Systems Engineering A-5X Engines,E3,38,172.5,1575,2812.5,47.7,47.7,47.7,51.744,,,0.05,0.14,0.14,0.07,0.07,0.07,0.1,,,
object/tangible/ship/components/engine/eng_moncal_standard.iff,Mon Calamari Standard Engine,E3,23,172.5,1575,2362.5,45.315,45.315,45.315,49.392,,,0.05,0.14,0.14,0.09,0.09,0.09,0.1,,,
object/tangible/ship/components/engine/eng_qualdex_kyromaster.iff,"Qualdex ""Kyromaster"" Engine",E3,37,172.5,1575,2362.5,50.085,50.085,50.085,47.04,,,0.05,0.14,0.14,0.06,0.06,0.06,0.1,,,
object/tangible/ship/components/engine/eng_sfs_imperial_2.iff,Sienar Fleet Systems Imperial-2 Engine,E3,3,172.5,1575,2362.5,47.7,47.7,47.7,47.04,,,0.05,0.14,0.14,0.07,0.07,0.07,0.1,,,
object/tangible/ship/components/engine/engine_seinar_ps56.iff,Sienar Fleet Systems P-s5.6 Twin Ion Engines (TIE),E3,11,181.125,1650,2475,50.085,50.085,50.085,49.392,,,0.05,0.14,0.14,0.07,0.07,0.07,0.1,,,
object/tangible/ship/components/engine/eng_sorosuub_u83r_ion_drive.iff,SoroSuub U-83R Ion Drive,E3,25,172.5,1575,2362.5,47.7,47.7,47.7,47.04,,,0.05,0.14,0.14,0.07,0.07,0.07,0.1,,,
object/tangible/ship/components/engine/engine_surronian_a25.iff,Surronian A2.50 Grade Engine,E3,17,163.875,1500,2250,45.315,45.315,47.7,44.688,,,0.05,0.14,0.14,0.07,0.07,0.07,0.1,,,
object/tangible/ship/components/engine/engine_damorian_rx7.iff,Damorian RX7 Ion Engine,E4,33,215.625,1575,4331.25,59.625,59.625,59.625,58.8,,,0.05,0.14,0.14,0.07,0.07,0.07,0.1,,,
object/tangible/ship/components/engine/engine_incom_e16.iff,Incom E-16/x Ion Engine,E4,7,215.625,1575,3937.5,59.625,59.625,59.625,61.74,,,0.05,0.14,0.14,0.07,0.07,0.07,0.1,,,
object/tangible/ship/components/engine/eng_incom_fusialthrust.iff,Incom Fusial Thrust Engine,E4,8,215.625,1575,4134.375,59.625,59.625,59.625,58.8,,,0.05,0.14,0.14,0.07,0.07,0.07,0.1,,,
object/tangible/ship/components/engine/eng_koensayr_enhanced_dual_small_ionjet.iff,Koensayr Enhanced Dual Small Ion-Jet Engines,E4,36,215.625,1575,3937.5,59.625,59.625,59.625,58.8,,,0.05,0.14,0.14,0.07,0.07,0.07,0.1,,,
object/tangible/ship/components/engine/engine_kongar_defender.iff,KonGar KGDefender Ion Engine,E4,39,204.84375,1500,4134.375,59.625,59.625,59.625,58.8,,,0.05,0.14,0.14,0.07,0.07,0.07,0.1,,,
object/tangible/ship/components/engine/eng_mandal_x57_vandal.iff,"MandalMotors X-57 ""Vandal"" Engine",E4,33,215.625,1575,4134.375,59.625,59.625,59.625,58.8,,,0.05,0.14,0.14,0.07,0.07,0.07,0.1,,,
object/tangible/ship/components/engine/eng_moncal_charged_standard.iff,Mon Calamari Charged Standard Engine,E4,33,215.625,1575,4134.375,59.625,59.625,59.625,58.8,,,0.05,0.14,0.14,0.07,0.07,0.07,0.1,,,
object/tangible/ship/components/engine/eng_rss_imperial_skyrunner.iff,Republic Fleet Systems Imperial Skyrunner Engine,E4,20,215.625,1575,4134.375,59.625,59.625,59.625,58.8,,,0.05,0.14,0.14,0.07,0.07,0.07,0.1,,,
object/tangible/ship/components/engine/eng_sfs_tuned_imperial_2.iff,Sienar Fleet Systems Tuned Imperial-2 Engine,E4,20,237.1875,1575,4528.125,59.625,59.625,59.625,58.8,,,0.05,0.14,0.14,0.07,0.07,0.07,0.1,,,
object/tangible/ship/components/engine/eng_incom_heavy_fusialthrust.iff,Incom Heavy Fusialthrust,E5,42,317.4,1650,7312.5,50.56,50.56,50.56,57.948,,,0.05,0.14,0.14,0.07,0.07,0.07,0.1,,,
object/tangible/ship/components/engine/eng_kse_a7x.iff,Kuat Systems Engineering A-7X Engines,E5,46,317.4,1650,6187.5,50.56,50.56,50.56,52.68,,,0.05,0.14,0.14,0.07,0.07,0.07,0.1,,,
object/tangible/ship/components/engine/eng_mandal_heavy.iff,MandalMotors Heavy Engine,E5,35,317.4,1650,6187.5,50.56,50.56,50.56,52.68,,,0.05,0.14,0.14,0.07,0.07,0.07,0.1,,,
object/tangible/ship/components/engine/eng_moncal_heavy.iff,Mon Calamari Heavy Ion Engines,E5,45,253.92,1350,6750,50.56,50.56,50.56,52.68,,,0.05,0.14,0.14,0.07,0.07,0.07,0.1,,,
object/tangible/ship/components/engine/engine_novaldex_singularity.iff,"Novaldex ""Singularity"" Engine",E5,31,317.4,1650,6187.5,53.088,53.088,53.088,52.68,,,0.05,0.14,0.14,0.06,0.06,0.06,0.1,,,
object/tangible/ship/components/engine/engine_nubian_221.iff,Nubian 221 Engine,E5,42,333.27,1725,6468.75,53.088,53.088,53.088,55.314,,,0.05,0.14,0.14,0.07,0.07,0.07,0.1,,,
object/tangible/ship/components/engine/engine_qualdex_a10.iff,Qualdex Kyromaster A-10,E5,36,301.53,1575,5906.25,48.032,48.032,50.56,50.046,,,0.05,0.14,0.14,0.07,0.07,0.07,0.1,,,
object/tangible/ship/components/engine/eng_rendili_demon_mk1.iff,Rendili Demon Mark I Engines,E5,13,317.4,1650,6187.5,50.56,50.56,50.56,52.68,,,0.05,0.14,0.14,0.07,0.07,0.07,0.1,,,
object/tangible/ship/components/engine/eng_sds_imperial_2.iff,"Sienar Design Systems ""Imperial 2"" Ion Engines",E5,14,317.4,1650,5343.75,50.56,50.56,50.56,44.778,,,0.05,0.14,0.14,0.07,0.07,0.07,0.1,,,
object/tangible/ship/components/engine/eng_sfs_imperial_3.iff,Sienar Fleet Systems Imperial-3 Engine,E5,9,317.4,1650,6187.5,48.032,48.032,48.032,55.314,,,0.05,0.14,0.14,0.09,0.09,0.09,0.1,,,
object/tangible/ship/components/engine/eng_cygnus_hd8.iff,Cygnus HD-8 Engine,E6,37,396.75,1650,10815.75,63.2,63.2,63.2,65.85,,,0.05,0.14,0.14,0.07,0.07,0.07,0.1,,,
object/tangible/ship/components/engine/eng_incom_advanced_fusialthrust.iff,Incom Advanced Fusialthrust,E6,233,396.75,1650,10324.125,63.2,63.2,63.2,69.1425,,,0.05,0.14,0.14,0.07,0.07,0.07,0.1,,,
object/tangible/ship/components/engine/eng_h17_singularity.iff,Incom H-17 Singularity,E6,38,396.75,1650,10815.75,63.2,63.2,63.2,65.85,,,0.05,0.14,0.14,0.07,0.07,0.07,0.1,,,
object/tangible/ship/components/engine/eng_mission_reward_imperial_cygnus_megadrive.iff,"Cygnus ""Megadrive"" Starship Engine",E6,275,555.45,2100,13765.5,63.2,63.2,63.2,79.02,,,0.0001,0.0001,0.0001,0.0001,0.0001,0.0001,0.0001,,,
object/tangible/ship/components/engine/eng_mission_reward_rebel_incom_military.iff,Incom Military-Grade Starfighter Engine,E6,356,555.45,2100,13765.5,63.2,63.2,63.2,79.02,,,0.0001,0.0001,0.0001,0.0001,0.0001,0.0001,0.0001,,,
object/tangible/ship/components/engine/engine_koensayr_ionjet.iff,Koensayr R200 Ion-Jet Engine,E6,184,396.75,1650,10815.75,63.2,63.2,63.2,65.85,,,0.05,0.14,0.14,0.07,0.07,0.07,0.1,,,
object/tangible/ship/components/engine/eng_kse_a8x.iff,Kuat Systems Engineering A-8X Engines,E6,64,396.75,1650,10815.75,63.2,63.2,63.2,65.85,,,0.05,0.14,0.14,0.07,0.07,0.07,0.1,,,
object/tangible/ship/components/engine/eng_mission_reward_neutral_mandal_inferno.iff,"MandalMotors ""Inferno"" Starfighter Engine",E6,341,555.45,2100,13765.5,63.2,63.2,63.2,79.02,,,0.0001,0.0001,0.0001,0.0001,0.0001,0.0001,0.0001,,,
object/tangible/ship/components/engine/eng_mandal_enhanced_heavy.iff,MandalMotors Enhanced Heavy Engines,E6,125,436.425,1650,11799,63.2,63.2,63.2,65.85,,,0.05,0.14,0.14,0.07,0.07,0.07,0.1,,,
object/tangible/ship/components/engine/eng_moncal_improved_heavy.iff,Mon Calamari Improved Heavy Drive Engines,E6,116,396.75,1650,10815.75,63.2,63.2,63.2,65.85,,,0.05,0.14,0.14,0.07,0.07,0.07,0.1,,,
object/tangible/ship/components/engine/eng_novaldex_x6.iff,Novaldex X6 Engine,E6,199,396.75,1650,11307.375,63.2,63.2,63.2,65.85,,,0.05,0.14,0.14,0.07,0.07,0.07,0.1,,,
object/tangible/ship/components/engine/eng_qualdex_a13.iff,Qualdex A13 Engine,E6,108,396.75,1650,10815.75,63.2,63.2,63.2,65.85,,,0.05,0.14,0.14,0.07,0.07,0.07,0.1,,,
object/tangible/ship/components/engine/eng_rss_imperial_skyrunner_2.iff,Republic Sienar Systems Imperial Skyrunner 2 Engine,E6,77,396.75,1650,10324.125,63.2,63.2,63.2,65.85,,,0.05,0.14,0.14,0.07,0.07,0.07,0.1,,,
object/tangible/ship/components/engine/eng_sfs_modified_imperial_3.iff,Sienar Fleet Systems Modified Imperial-3 Engine,E6,72,376.9125,1575,10815.75,63.2,63.2,63.2,65.85,,,0.05,0.14,0.14,0.07,0.07,0.07,0.1,,,
object/tangible/ship/components/engine/eng_t86_shooting_star.iff,T86 Shooting Star Engine,E6,623,396.75,1650,10815.75,63.2,63.2,63.2,82,,,0.05,0.14,0.14,0.07,0.07,0.07,0.13,,,
object/tangible/ship/components/engine/eng_bezelbok_kessel_runner.iff,Bezelbok Kessel Runner,E7,8,467.215,1725,16146,53.6,53.6,53.6,59.01,,,0.05,0.14,0.14,0.07,0.07,0.07,0.1,,,
object/tangible/ship/components/engine/eng_freitek_dual_jet.iff,Freitek Dual Jet Engines,E7,34,467.215,1725,16146,53.6,53.6,53.6,59.01,,,0.05,0.14,0.14,0.07,0.07,0.07,0.1,,,
object/tangible/ship/components/engine/eng_incom_fusialthrust_2.iff,Incom Fusialthrust 2,E7,31,490.57575,1800,16848,56.28,56.28,56.28,61.9605,,,0.05,0.14,0.14,0.07,0.07,0.07,0.1,,,
object/tangible/ship/components/engine/engine_kuat_f31.iff,Kuat Engineering Systems F-31 Drive Engine,E7,35,467.215,1725,16146,56.28,56.28,56.28,59.01,,,0.05,0.14,0.14,0.06,0.06,0.06,0.1,,,
object/tangible/ship/components/engine/engine_kuat_a9x.iff,KuatDriveSystems A-9X Thrust Engines,E7,42,443.85425,1650,15444,50.92,50.92,53.6,56.0595,,,0.05,0.14,0.14,0.07,0.07,0.07,0.1,,,
object/tangible/ship/components/engine/eng_mandal_firestorm.iff,"MandalMotors ""Firestorm"" Engine",E7,32,467.215,1725,16146,53.6,53.6,53.6,59.01,,,0.05,0.14,0.14,0.07,0.07,0.07,0.1,,,
object/tangible/ship/components/engine/eng_moncal_ifs32.iff,Mon Calamari LFS-32 Drive Engine,E7,26,467.215,1725,16146,53.6,53.6,53.6,59.01,,,0.05,0.14,0.14,0.07,0.07,0.07,0.1,,,
object/tangible/ship/components/engine/eng_novaldex_x7.iff,Novaldex X7 Engine,E7,40,373.772,1425,17550,53.6,53.6,53.6,59.01,,,0.05,0.14,0.14,0.07,0.07,0.07,0.1,,,
object/tangible/ship/components/engine/eng_qualdex_b10.iff,Qualdex B10 Engine,E7,31,467.215,1725,18954,53.6,53.6,53.6,64.911,,,0.05,0.14,0.14,0.07,0.07,0.07,0.1,,,
object/tangible/ship/components/engine/eng_rss_imperial_skyrunner_3.iff,Republic Sienar Systems Imperial Skyrunner 3 Engines,E7,15,467.215,1725,14040,53.6,53.6,53.6,50.1585,,,0.05,0.14,0.14,0.07,0.07,0.07,0.1,,,
object/tangible/ship/components/engine/eng_sfs_imperial_4.iff,Sienar Fleet Systems Imperial-4 Engine,E7,15,467.215,1725,16146,50.92,50.92,50.92,61.9605,,,0.05,0.14,0.14,0.09,0.09,0.09,0.1,,,
object/tangible/ship/components/engine/eng_cygnus_hdx.iff,Cygnus HD-X Engine,E8,54,584.01875,1725,28255.5,67,67,67,73.7625,,,0.05,0.14,0.14,0.07,0.07,0.07,0.1,,,
object/tangible/ship/components/engine/eng_mission_reward_neutral_haor_chall_military.iff,Haor Chall Military Grade Engine,E8,239,817.62625,2100,34398,67,67,67,88.515,,,0.0001,0.0001,0.0001,0.0001,0.0001,0.0001,0.0001,,,
object/tangible/ship/components/engine/eng_incom_improved_fusialthrust_2.iff,Incom Improved Fusialthrust 2,E8,89,584.01875,1725,28255.5,67,67,67,73.7625,,,0.05,0.14,0.14,0.07,0.07,0.07,0.1,,,
object/tangible/ship/components/engine/eng_koensayr_heavy_ionjet.iff,Koensayr Heavy Ion-Jet,E8,122,584.01875,1725,28255.5,67,67,67,73.7625,,,0.05,0.14,0.14,0.07,0.07,0.07,0.1,,,
object/tangible/ship/components/engine/engine_kuat_tc40.iff,Kuat Engineering Systems TC-40 Engines,E8,132,584.01875,1725,29484,67,67,67,73.7625,,,0.05,0.14,0.14,0.07,0.07,0.07,0.1,,,
object/tangible/ship/components/engine/eng_mandal_firestorm_2.iff,"MandalMotors ""Firestorm 2"" Engine",E8,106,642.420625,1725,30712.5,67,67,67,73.7625,,,0.05,0.14,0.14,0.07,0.07,0.07,0.1,,,
object/tangible/ship/components/engine/eng_moncal_ifs64.iff,Mon Calamari LFS-64 Drive Engine,E8,122,584.01875,1725,28255.5,67,67,67,73.7625,,,0.05,0.14,0.14,0.07,0.07,0.07,0.1,,,
object/tangible/ship/components/engine/eng_novaldex_x9.iff,Novaldex X9 Engine,E8,104,584.01875,1725,27027,67,67,67,77.450625,,,0.05,0.14,0.14,0.07,0.07,0.07,0.1,,,
object/tangible/ship/components/engine/engine_qualdex_igt.iff,Qualdex IGT Engines,E8,102,584.01875,1725,28255.5,67,67,67,73.7625,,,0.05,0.14,0.14,0.07,0.07,0.07,0.1,,,
object/tangible/ship/components/engine/eng_quantum_ion_drive.iff,Quantum Ion Drive,E8,645,584.01875,1900,30000,67,67,67,92,,,0.05,0.001,0.001,0.07,0.07,0.07,0.1,,,
object/tangible/ship/components/engine/eng_rss_imperial_skyrunner_4.iff,Republic Sienar Systems Imperial Skyrunner 4 Engines,E8,314,584.01875,1725,27027,67,67,67,73.7625,,,0.05,0.14,0.14,0.07,0.07,0.07,0.1,,,
object/tangible/ship/components/engine/eng_sfs_imperial_5.iff,Sienar Fleet Systems Imperial-5 Engine,E8,73,554.8178125,1650,28255.5,67,67,67,73.7625,,,0.05,0.14,0.14,0.07,0.07,0.07,0.1,,,
object/tangible/ship/components/engine/eng_gallofree_advanced.iff,Gallofree Advanced,E9,22,550.19,1800,42120,56.81,56.81,56.81,66.09,,,0.05,0.14,0.14,0.07,0.07,0.07,0.1,,,
object/tangible/ship/components/engine/eng_incom_advanced.iff,Incom Advanced,E9,13,550.19,1800,49140,56.81,56.81,56.81,72.699,,,0.05,0.14,0.14,0.07,0.07,0.07,0.1,,,
object/tangible/ship/components/engine/eng_kessel_rebel_incom_t11_elite.iff,Incom T-11 Elite Engine,E9,3,550.19,1800,42120,56.81,56.81,56.81,66.09,,,0.05,0.14,0.14,0.07,0.07,0.07,0.1,,,
object/tangible/ship/components/engine/eng_koensayr_advanced.iff,Koensayr Advanced,E9,17,440.152,1500,45630,56.81,56.81,56.81,66.09,,,0.05,0.14,0.14,0.07,0.07,0.07,0.1,,,
object/tangible/ship/components/engine/eng_kse_advanced.iff,Kuat Systems Engineering Advanced Engines,E9,21,550.19,1800,42120,56.81,56.81,56.81,66.09,,,0.05,0.14,0.14,0.07,0.07,0.07,0.1,,,
object/tangible/ship/components/engine/eng_mandal_advanced.iff,MandalMotors Advanced Engine,E9,23,550.19,1800,42120,56.81,56.81,56.81,66.09,,,0.05,0.14,0.14,0.07,0.07,0.07,0.1,,,
object/tangible/ship/components/engine/eng_kessel_rebel_novaldex_grb1138.iff,"Novaldex ""GRB-1138"" Elite Engine",E9,2,550.19,1800,43875,56.81,56.81,56.81,66.09,,,0.05,0.14,0.14,0.07,0.07,0.07,0.1,,,
object/tangible/ship/components/engine/eng_novaldex_advanced.iff,Novaldex Advanced Engine,E9,19,522.6805,1725,40365,53.9695,53.9695,56.81,62.7855,,,0.05,0.14,0.14,0.07,0.07,0.07,0.1,,,
object/tangible/ship/components/engine/eng_qualdex_advanced.iff,Qualdex Advanced Engine,E9,15,577.6995,1875,43875,59.6505,59.6505,59.6505,69.3945,,,0.05,0.14,0.14,0.07,0.07,0.07,0.1,,,
object/tangible/ship/components/engine/eng_kessel_imperial_rendili_hyperion_drive.iff,"Rendili ""Hyperion"" Drive Engines",E9,13,550.19,1800,40365,56.81,56.81,56.81,69.3945,,,0.05,0.14,0.14,0.07,0.07,0.07,0.1,,,
object/tangible/ship/components/engine/eng_rss_advanced.iff,Republic Sienar Systems Advanced Ion Engines,E9,16,550.19,1800,36855,56.81,56.81,56.81,56.1765,,,0.05,0.14,0.14,0.07,0.07,0.07,0.1,,,
object/tangible/ship/components/engine/eng_kessel_imperial_sfs_special_forces.iff,"Sienar Fleet Systems ""Special Forces"" Engine",E9,9,550.19,1800,42120,56.81,56.81,56.81,66.09,,,0.05,0.14,0.14,0.07,0.07,0.07,0.1,,,
object/tangible/ship/components/engine/eng_sfs_advanced.iff,Sienar Fleet Systems Advanced Ion Drive,E9,10,550.19,1800,42120,53.9695,53.9695,53.9695,69.3945,,,0.05,0.14,0.14,0.09,0.09,0.09,0.1,,,
object/tangible/ship/components/engine/engine_ubrikkian_n2.iff,Ubrikkian N2 Drive Engines,E9,19,550.19,1800,42120,59.6505,59.6505,59.6505,66.09,,,0.05,0.14,0.14,0.06,0.06,0.06,0.1,,,
object/tangible/ship/components/engine/eng_incom_elite.iff,Incom Elite,E0,138,756.51125,1800,54990,71.0125,71.0125,71.0125,82.6125,,,0.05,0.14,0.14,0.07,0.07,0.07,0.1,,,
object/tangible/ship/components/engine/eng_koensayr_elite.iff,Koensayr Elite,E0,74,687.7375,1800,50760,71.0125,71.0125,71.0125,82.6125,,,0.05,0.14,0.14,0.07,0.07,0.07,0.1,,,
object/tangible/ship/components/engine/eng_kuat_m24.iff,Kuat Engineering Systems TC-62 Engines,E0,1010,722.124375,1875,52875,74.563125,74.563125,74.563125,99,,,0.05,0.14,0.14,0.07,0.07,0.07,0.1,,,
object/tangible/ship/components/engine/eng_kse_elite.iff,Kuat Systems Engineering Elite Engines,E0,187,722.124375,1875,52875,74.563125,74.563125,74.563125,86.743125,,,0.05,0.14,0.14,0.07,0.07,0.07,0.1,,,
object/tangible/ship/components/engine/eng_mandal_elite.iff,MandalMotors Elite Engine,E0,167,550.19,1500,54990,71.0125,71.0125,71.0125,82.6125,,,0.05,0.14,0.14,0.07,0.07,0.07,0.1,,,
object/tangible/ship/components/engine/eng_kessel_rebel_novaldex_blackhole_elite.iff,"Novaldex ""Blackhole"" Elite Engine",E0,87,687.7375,1800,52875,71.0125,71.0125,71.0125,82.6125,,,0.05,0.14,0.14,0.07,0.07,0.07,0.1,,,
object/tangible/ship/components/engine/engine_novaldex_x12.iff,"Novaldex X-12 ""Experimental""",E0,128,653.350625,1725,50760,71.0125,71.0125,71.0125,82.6125,,,0.05,0.14,0.14,0.07,0.07,0.07,0.1,,,
object/tangible/ship/components/engine/engine_nubian_221_racing_mod.iff,Nubian 221 - Racing Mod,E0,106,687.7375,1800,48645,71.0125,71.0125,71.0125,82.6125,,,0.05,0.14,0.14,0.07,0.07,0.07,0.1,,,
object/tangible/ship/components/engine/eng_qualdex_elite.iff,Qualdex Elite Engine,E0,86,687.7375,1800,50760,71.0125,71.0125,71.0125,82.6125,,,0.05,0.14,0.14,0.07,0.07,0.07,0.1,,,
object/tangible/ship/components/engine/eng_rendili_elite.iff,Rendili Elite Engine,E0,212,653.350625,1725,48645,67.461875,67.461875,71.0125,78.481875,,,0.05,0.14,0.14,0.07,0.07,0.07,0.1,,,
object/tangible/ship/components/engine/eng_rss_elite.iff,Republic Sienar Systems Elite Ion Engines,E0,70,687.7375,1800,50760,74.563125,74.563125,74.563125,82.6125,,,0.05,0.14,0.14,0.06,0.06,0.06,0.1,,,
object/tangible/ship/components/engine/eng_kessel_imperial_sds_special_forces.iff,"Sienar Design Systems ""Special Forces"" Engine",E0,142,687.7375,1800,50760,71.0125,71.0125,71.0125,82.6125,,,0.05,0.14,0.14,0.07,0.07,0.07,0.1,,,
object/tangible/ship/components/engine/eng_sfs_elite.iff,Sienar Fleet Systems Elite Ion Engines,E0,57,687.7375,1800,50760,71.0125,71.0125,71.0125,82.6125,,,0.05,0.14,0.14,0.07,0.07,0.07,0.1,,,
object/tangible/ship/components/reactor/rct_cygnus_mk1.iff,Cygnus Mark I Reactor,R1,14,75,1320,10000,,,,,,,0.05,0.3,0.22,,,,,,,
object/tangible/ship/components/reactor/rct_freitek_level1.iff,FreiTek Inc. Level 1 Reactor,R1,9,75,1320,10500,,,,,,,0.05,0.3,0.2,,,,,,,
object/tangible/ship/components/reactor/rct_incom_mark1.iff,Incom Mark 1 Reactor,R1,15,75,1320,10000,,,,,,,0.05,0.3,0.2,,,,,,,
object/tangible/ship/components/reactor/rct_koensayr_supernova.iff,"Koensayr ""Supernova"" Reactor",R1,32,75,1320,9500,,,,,,,0.05,0.3,0.2,,,,,,,
object/tangible/ship/components/reactor/rct_kse_lx11.iff,Kuat Systems Engineering LX-11 Reactor,R1,55,75,1320,10000,,,,,,,0.05,0.3,0.2,,,,,,,
object/tangible/ship/components/reactor/rct_mandal_dxr.iff,MandalMotors DXR Reactor,R1,33,82.5,1320,10000,,,,,,,0.05,0.3,0.22,,,,,,,
object/tangible/ship/components/reactor/rct_seinar_level1.iff,Sienar Level 1 Reactor,R1,9,75,1320,10000,,,,,,,0.05,0.32,0.2,,,,,,,
object/tangible/ship/components/reactor/rct_subpro_dyna1.iff,Subpro Dyna-I Reactor,R1,59,75,1320,10000,,,,,,,0.06,0.31,0.21,,,,,,,
object/tangible/ship/components/reactor/rct_cygnus_tuned_mk1.iff,Cygnus Tuned Mark I Reactor,R2,34,112.5,2310,10000,,,,,,,0.05,0.3,0.2,,,,,,,
object/tangible/ship/components/reactor/rct_freitek_performance_level1.iff,FreiTek Inc. Performance Level 1 Reactor,R2,32,112.5,2310,10000,,,,,,,0.05,0.32,0.2,,,,,,,
object/tangible/ship/components/reactor/rct_incom_improved_mark1.iff,Incom Improved Mark I Reactor,R2,37,123.75,2310,10000,,,,,,,0.05,0.3,0.2,,,,,,,
object/tangible/ship/components/reactor/rct_koensayr_charged_supernova.iff,Koensayr Charger Supernova Reactor,R2,67,112.5,2310,10000,,,,,,,0.05,0.3,0.22,,,,,,,
object/tangible/ship/components/reactor/rct_kse_custom_lx11.iff,Kuat Systems Engineering Custom LX-11 Reactor,R2,136,112.5,2310,10500,,,,,,,0.05,0.3,0.2,,,,,,,
object/tangible/ship/components/reactor/rct_mandal_dxr2.iff,MandalMotors DXR-2 Reactor,R2,45,112.5,2310,9500,,,,,,,0.05,0.3,0.2,,,,,,,
object/tangible/ship/components/reactor/rct_seinar_enhanced_level1.iff,Sienar Enhanced Level 1 Reactor,R2,44,101.25,2310,10000,,,,,,,0.07,0.3,0.2,,,,,,,
object/tangible/ship/components/reactor/rct_subpro_special_dyna2.iff,Subpro Special Dyna-II Reactor,R2,63,112.5,2310,10000,,,,,,,0.05,0.3,0.2,,,,,,,
object/tangible/ship/components/reactor/rct_watto_sunray_2.iff,"Watto's ""Sunray"" Reactor",R2,14,123.75,2310,10500,,,,,,,0.05,0.3,0.22,,,,,,,
object/tangible/ship/components/reactor/rct_cygnus_mk2.iff,Cygnus Mark II Reactor,R3,19,155.25,3300,11000,,,,,,,0.07,0.31,0.2,,,,,,,
object/tangible/ship/components/reactor/rct_freitek_powerhouse_mk1.iff,FreiTek Powerhouse Mark I Reactor,R3,13,189.75,3300,11000,,,,,,,0.05,0.3,0.22,,,,,,,
object/tangible/ship/components/reactor/rct_incom_mark2.iff,Incom Mark 2 Reactor,R3,19,189.75,3300,11000,,,,,,,0.05,0.3,0.2,,,,,,,
object/tangible/ship/components/reactor/rct_koensayr_supernova_mk2.iff,Koensayr Mark II Supernova Reactor,R3,49,172.5,3300,11000,,,,,,,0.05,0.32,0.2,,,,,,,
object/tangible/ship/components/reactor/rct_kse_lx21.iff,Kuat Systems Engineering LX-21,R3,136,172.5,3300,11500,,,,,,,0.05,0.3,0.2,,,,,,,
object/tangible/ship/components/reactor/rct_mandal_dxr3.iff,MandalMotors DXR-3 Reactor,R3,55,172.5,3300,11000,,,,,,,0.05,0.3,0.22,,,,,,,
object/tangible/ship/components/reactor/rct_sfs_imperial_1.iff,Sienar Fleet Systems Imperial-1 Reactor,R3,23,172.5,3300,10500,,,,,,,0.06,0.3,0.2,,,,,,,
object/tangible/ship/components/reactor/rct_seinar_level2.iff,Sienar Level 2 Reactor,R3,22,155.25,3300,11000,,,,,,,0.07,0.3,0.2,,,,,,,
object/tangible/ship/components/reactor/rct_slayn_vortex_mk1.iff,"Slayn & Korpil ""Vortex"" Mk1 Reactor",R3,22,172.5,3300,11000,,,,,,,0.05,0.3,0.2,,,,,,,
object/tangible/ship/components/reactor/rct_sorosuub_fusion_reactor_1.iff,SoroSuub Fusion Reactor 1,R3,50,189.75,3300,11000,,,,,,,0.06,0.29,0.2,,,,,,,
object/tangible/ship/components/reactor/rct_cygnus_supercharged_mk2.iff,Cygnus Supercharger Mark II Reactor,R4,16,258.75,5775,12500,,,,,,,0.06,0.3,0.2,,,,,,,
object/tangible/ship/components/reactor/rct_freitek_improved_powerhouse_mk1.iff,Freitek Improved Mark I Powerhouse Reactor,R4,30,258.75,5775,12500,,,,,,,0.05,0.3,0.2,,,,,,,
object/tangible/ship/components/reactor/rct_incom_custom_mark2.iff,Incom Custom Mark II Reactor,R4,14,232.875,5775,13000,,,,,,,0.07,0.31,0.2,,,,,,,
object/tangible/ship/components/reactor/rct_koensayr_enhanced_supernova_mk2.iff,Koensayr Enhanced Mark II Supernova Reactor,R4,75,232.875,5775,13000,,,,,,,0.07,0.3,0.2,,,,,,,
object/tangible/ship/components/reactor/rct_kse_rct_x.iff,Kuat Systems Engineering RCT-X Reactor,R4,140,258.75,5775,13000,,,,,,,0.05,0.32,0.2,,,,,,,
object/tangible/ship/components/reactor/rct_sfs_imperial_2.iff,Sienar Fleet Systems Imperial-2 Reactor,R4,28,258.75,5775,13000,,,,,,,0.05,0.3,0.22,,,,,,,
object/tangible/ship/components/reactor/rct_sorosuub_fusion_reactor_2.iff,SoroSuub Fusion Reactor 2,R4,102,284.625,5775,13500,,,,,,,0.05,0.3,0.22,,,,,,,
object/tangible/ship/components/reactor/rct_watto_sunray_3.iff,"Watto's ""Sunray"" Mark III Reactor",R4,93,284.625,5775,13500,,,,,,,0.05,0.3,0.2,,,,,,,
object/tangible/ship/components/reactor/rct_freitek_powerhouse_mk2.iff,FreiTek Powerhouse Mark II Reactor,R5,65,317.4,8250,15500,,,,,,,0.05,0.3,0.175,,,,,,,
object/tangible/ship/components/reactor/rct_incom_mark3.iff,Incom Mark 3 Reactor,R5,107,349.14,8250,15750,,,,,,,0.05,0.3,0.175,,,,,,,
object/tangible/ship/components/reactor/rct_koensayr_supernova_mk3.iff,Koensayr Supernova Mark III Reactor,R5,95,317.4,8250,15800,,,,,,,0.05,0.32,0.175,,,,,,,
object/tangible/ship/components/reactor/rct_mandal_dxr4.iff,MandalMotors DXR-4 Reactor,R5,146,317.4,8250,15000,,,,,,,0.06,0.31,0.185,,,,,,,
object/tangible/ship/components/reactor/rct_rendili_type5.iff,Rendili Type5 Reactor,R5,44,349.14,8250,15000,,,,,,,0.05,0.3,0.195,,,,,,,
object/tangible/ship/components/reactor/rct_sds_imperial_1.iff,Sienar Design Systems Imperial 1 Reactor,R5,31,317.4,8250,15000,,,,,,,0.05,0.3,0.175,,,,,,,
object/tangible/ship/components/reactor/rct_sfs_imperial_3.iff,Sienar Fleet Systems Imperial-3 Reactor,R5,34,317.4,8250,15000,,,,,,,0.05,0.3,0.175,,,,,,,
object/tangible/ship/components/reactor/rct_seinar_level3.iff,Sienar Level 3 Reactor,R5,41,285.66,8250,16000,,,,,,,0.07,0.3,0.175,,,,,,,
object/tangible/ship/components/reactor/rct_slayn_hypertron_2k.iff,"Slayn & Korpil ""Hypertron 2000"" Reactor",R5,113,317.4,8250,16100,,,,,,,0.05,0.3,0.175,,,,,,,
object/tangible/ship/components/reactor/rct_sorosuub_fusion_reactor_3.iff,SoroSuub Fusion Reactor 3,R5,138,317.4,8250,16100,,,,,,,0.05,0.3,0.195,,,,,,,
object/tangible/ship/components/reactor/rct_unknown_distressed_aluminum.iff,(Unknown) Distressed Aluminum Reactor,R6,184,476.1,14421,20500,,,,,,,0.05,0.32,0.175,,,,,,,
object/tangible/ship/components/reactor/rct_unknown_multicore.iff,(Unknown) Multi-core Reactor,R6,206,476.1,14421,20700,,,,,,,0.05,0.3,0.175,,,,,,,
object/tangible/ship/components/reactor/rct_unknown_proton_chamber.iff,(Unknown) Proton Chamber Reactor,R6,134,476.1,14421,21000,,,,,,,0.05,0.3,0.195,,,,,,,
object/tangible/ship/components/reactor/rct_krayt_neverdie.iff,Krayt Neverdie Reactor,R6,23,467.215,14421,21500,,,,,,,0.05,0.3,0.176,,,,,,,
object/tangible/ship/components/reactor/rct_moncal_overdriver_s2.iff,Mon Calamari Overdriver S2 Reactor,R6,134,523.71,14421,21000,,,,,,,0.05,0.3,0.195,,,,,,,
object/tangible/ship/components/reactor/rct_rss_x8.iff,Republic Sienar Systems X8 Reactor,R6,60,476.1,14421,19500,,,,,,,0.05,0.3,0.175,,,,,,,
object/tangible/ship/components/reactor/rct_mission_reward_imperial_sds_high_output.iff,Sienar Design Systems High-Output Reactor,R6,221,618.93,14421,19000,,,,,,,0.0001,0.0001,0.0001,,,,,,,
object/tangible/ship/components/reactor/rct_sfs_imperial_4.iff,Sienar Fleet Systems Imperial-4 Reactor,R6,49,476.1,14421,19000,,,,,,,0.05,0.3,0.175,,,,,,,
object/tangible/ship/components/reactor/rct_mission_reward_rebel_slayn_hypervortex.iff,"Slayn & Korpil ""Hypervortex"" Reactor",R6,221,618.93,14421,19000,,,,,,,0.0001,0.0001,0.0001,,,,,,,
object/tangible/ship/components/reactor/rct_slayn_vortex_mk2.iff,"Slayn & Korpil ""Vortex"" Mk2 Reactor",R6,159,428.49,14421,20000,,,,,,,0.07,0.3,0.175,,,,,,,
object/tangible/ship/components/reactor/rct_subpro_aurora.iff,Subpro Aurora Reactor,R6,93,523.71,14421,20200,,,,,,,0.05,0.3,0.175,,,,,,,
object/tangible/ship/components/reactor/rct_mission_reward_neutral_subpro_military.iff,SubPro Military-Grade Reactor,R6,245,618.93,14421,19000,,,,,,,0.0001,0.0001,0.0001,,,,,,,
object/tangible/ship/components/reactor/rct_taim_experimental_s1.iff,Taim & Bak Experimental Reactor S1,R6,103,476.1,14421,21500,,,,,,,0.05,0.3,0.175,,,,,,,
object/tangible/ship/components/reactor/rct_incom_mark4.iff,Incom Mark 4 Reactor,R7,75,420.4935,20592,25500,,,,,,,0.07,0.3,0.176,,,,,,,
object/tangible/ship/components/reactor/rct_koensayr_supernova_advanced.iff,Koensayr Supernova Advanced Reactor,R7,69,490.5755,20592,25550,,,,,,,0.05,0.29,0.176,,,,,,,
object/tangible/ship/components/reactor/rct_mandal_dxr5.iff,MandalMotors DXR-5 Reactor,R7,45,467.215,20592,25000,,,,,,,0.05,0.3,0.176,,,,,,,
object/tangible/ship/components/reactor/rct_rendili_type7.iff,Rendili Type7 Reactor,R7,102,513.9365,20592,25100,,,,,,,0.06,0.31,0.176,,,,,,,
object/tangible/ship/components/reactor/rct_rss_x12.iff,Republic Sienar Systems X12 Reactor,R7,38,467.215,20592,25200,,,,,,,0.05,0.3,0.176,,,,,,,
object/tangible/ship/components/reactor/rct_seinar_level4.iff,Sienar Level 4 Reactor,R7,48,467.215,20592,25600,,,,,,,0.05,0.3,0.176,,,,,,,
object/tangible/ship/components/reactor/rct_slayn_vortex_mk3.iff,"Slayn & Korpil ""Vortex"" Mk3 Reactor",R7,274,467.215,20592,25750,,,,,,,0.05,0.3,0.186,,,,,,,
object/tangible/ship/components/reactor/rct_sorosuub_turbine_3.iff,SoroSuub Turbine 3,R7,83,490.5755,20592,25250,,,,,,,0.05,0.3,0.176,,,,,,,
object/tangible/ship/components/reactor/rct_subpro_aurora_max.iff,Subpro Aurora Max,R7,110,467.215,20592,25350,,,,,,,0.05,0.32,0.176,,,,,,,
object/tangible/ship/components/reactor/rct_taim_experimental_s3.iff,Taim Experimental S3,R7,78,467.215,20592,25400,,,,,,,0.05,0.3,0.176,,,,,,,
object/tangible/ship/components/reactor/rct_armek_super_collider.iff,Armek Super-collider Reactor,R8,49,700.8225,36036,26250,,,,,,,0.05,0.3,0.176,,,,,,,
object/tangible/ship/components/reactor/rct_freitek_powerhouse_mk3.iff,Freitek Powerhouse Mark III Reactor,R8,41,770.905,36036,26100,,,,,,,0.06,0.31,0.176,,,,,,,
object/tangible/ship/components/reactor/rct_incom_mark5.iff,Incom Mark 5 Reactor,R8,57,700.8225,36036,26500,,,,,,,0.05,0.3,0.176,,,,,,,
object/tangible/ship/components/reactor/rct_kse_rct_z.iff,Kuat Systems Engineering RCT-Z Reactor,R8,144,700.8225,36036,26450,,,,,,,0.05,0.3,0.186,,,,,,,
object/tangible/ship/components/reactor/rct_mandal_dxr6.iff,MandalMotors DXR-6 Reactor,R8,82,735.8635,36036,26550,,,,,,,0.05,0.3,0.176,,,,,,,
object/tangible/ship/components/reactor/rct_mission_reward_imperial_rss_advanced_military.iff,Republic Sienar Systems Advanced Military-Grade Reactor,R8,296,911.0695,36036,37000,,,,,,,0.0001,0.0001,0.0001,,,,,,,
object/tangible/ship/components/reactor/rct_sds_special_forces_1.iff,Sienar Design Systems Special Forces 1 Reactor,R8,49,700.8225,36036,31750,,,,,,,0.05,0.3,0.186,,,,,,,
object/tangible/ship/components/reactor/rct_sfs_imperial_5.iff,Sienar Fleet Systems Imperial-5 Reactor,R8,35,700.8225,36036,26300,,,,,,,0.05,0.3,0.176,,,,,,,
object/tangible/ship/components/reactor/rct_slayn_vortex_mk4.iff,"Slayn & Korpil ""Vortex"" Mk4 Reactor",R8,88,735.8635,36036,26450,,,,,,,0.05,0.29,0.176,,,,,,,
object/tangible/ship/components/reactor/rct_subpro_dyna2.iff,Subpro Dyna-II Reactor,R8,68,630.74,36036,26350,,,,,,,0.07,0.3,0.176,,,,,,,
object/tangible/ship/components/reactor/rct_taim_experimental_s2.iff,Taim & Bak Experimental Reactor S2,R8,509,700.8225,35036,26400,,,,,,,0.05,0.32,0.176,,,,,,,
object/tangible/ship/components/reactor/rct_armek_ultra_collider.iff,Armek Ultra Collider,R9,47,550.19,51480,27600,,,,,,,0.05,0.28,0.177,,,,,,,
object/tangible/ship/components/reactor/rct_cygnus_advanced.iff,Cygnus Advanced,R9,20,495.171,51480,27450,,,,,,,0.05,0.2,0.177,,,,,,,
object/tangible/ship/components/reactor/rct_incom_advanced.iff,Incom Advanced Reactor,R9,24,495.171,51480,27600,,,,,,,0.05,0.3,0.182,,,,,,,
object/tangible/ship/components/reactor/rct_kessel_rebel_incom_overdriven_elite.iff,Incom Overdriven Elite Reactor,R9,11,467.6615,51480,27650,,,,,,,0.05,0.3,0.182,,,,,,,
object/tangible/ship/components/reactor/rct_kessel_imperial_kdy_powermaster.iff,"Kuat Drive Yards ""Powermaster"" Elite Reactor",R9,17,660.228,51480,27250,,,,,,,0.15,0.3,0.177,,,,,,,
object/tangible/ship/components/reactor/rct_kse_supreme.iff,Kuat Systems Engineering Supreme Reactor,R9,46,550.19,51480,27500,,,,,,,0.05,0.3,0.17,,,,,,,
object/tangible/ship/components/reactor/rct_mandal_dx_advanced.iff,MandalMotors DX-Advanced Reactor,R9,35,550.19,51480,27000,,,,,,,0.05,0.3,0.177,,,,,,,
object/tangible/ship/components/reactor/rct_kessel_rebel_mandal_modified_gorax.iff,MandalMotors Modified Gorax Reactor,R9,14,770.266,51480,27500,,,,,,,0.05,0.3,0.179,,,,,,,
object/tangible/ship/components/reactor/rct_mandalor_gorax.iff,"Mandalor Motors ""Gorax"" Reactor",R9,19,770.266,51480,27300,,,,,,,0.05,0.3,0.177,,,,,,,
object/tangible/ship/components/reactor/rct_rss_advanced.iff,Republic Sienar Systems Advanced Reactor,R9,22,577.6995,51480,27350,,,,,,,0.06,0.28,0.177,,,,,,,
object/tangible/ship/components/reactor/rct_kessel_imperial_sfs_special_forces.iff,"Sienar Fleet Systems ""Special Forces"" Reactor",R9,16,550.19,51480,27200,,,,,,,0.05,0.3,0.16,,,,,,,
object/tangible/ship/components/reactor/rct_sfs_advanced.iff,Sienar Fleet Systems Advanced Reactor,R9,19,550.19,51480,27400,,,,,,,0.05,0.32,0.177,,,,,,,
object/tangible/ship/components/reactor/rct_sorosuub_turbine_advanced.iff,SoroSuub Turbine Advanced,R9,33,550.19,51480,27550,,,,,,,0.05,0.3,0.177,,,,,,,
object/tangible/ship/components/reactor/rct_armek_phase_grinder.iff,Armek Phase Grinder Reactor,R0,54,742.7565,62040,30000,,,,,,,0.05,0.3,0.225,,,,,,,
object/tangible/ship/components/reactor/rct_corellian_modified_bt3.iff,Corellian Modified BT3 Reactor,R0,49,825.285,62040,28000,,,,,,,0.05,0.32,0.25,,,,,,,
object/tangible/ship/components/reactor/rct_corellian_modified_bt5.iff,Corellian Modified BT5 Reactor,R0,68,866.5495,62040,30000,,,,,,,0.06,0.28,0.25,,,,,,,
object/tangible/ship/components/reactor/rct_incom_elite.iff,Incom Elite Reactor,R0,74,825.285,62040,28000,,,,,,,0.05,0.3,0.2,,,,,,,
object/tangible/ship/components/reactor/rct_mandalor_gorax_elite.iff,"Mandalor Motors ""Gorax"" Elite Reactor",R0,83,1155.399,62040,30000,,,,,,,0.05,0.3,0.2,,,,,,,
object/tangible/ship/components/reactor/rct_moncal_overdriver_s1.iff,Mon Calamari Overdriver Reactor,R0,56,742.7565,62040,32000,,,,,,,0.05,0.2,0.25,,,,,,,
object/tangible/ship/components/reactor/rct_rendili_type_x_elite.iff,Rendili Type X Elite Reactor,R0,33,825.285,62040,28000,,,,,,,0.05,0.28,0.275,,,,,,,
object/tangible/ship/components/reactor/rct_kessel_imperial_sds_secret_ops.iff,"Sienar Design Systems ""Secret Ops"" Reactor",R0,44,1155.399,62040,28000,,,,,,,0.05,0.3,0.225,,,,,,,
object/tangible/ship/components/reactor/rct_sds_elite.iff,Sienar Design Systems Elite Reactor,R0,42,825.285,62040,32000,,,,,,,0.05,0.3,0.2,,,,,,,
object/tangible/ship/components/reactor/rct_sfs_elite.iff,Sienar Fleet Systems Elite Reactor,R0,43,825.285,62040,30000,,,,,,,0.05,0.3,0.275,,,,,,,
object/tangible/ship/components/reactor/rct_slayn_hypertron_4k.iff,"Slayn & Korpil ""Hypertron 4000"" Reactor",R0,78,825.285,62040,32000,,,,,,,0.07,0.3,0.275,,,,,,,
object/tangible/ship/components/reactor/rct_kessel_rebel_slayn_high_output_experimental.iff,Slayn and Korpil High Output Experimental Reactor,R0,9,701.4925,62040,28000,,,,,,,0.05,0.3,0.225,,,,,,,
object/tangible/ship/components/shield_generator/shd_dual_deflector_s2.iff,(Unknown) Advanced Dual Deflector System,S1,16,75,2556,1100,200,200,1.64,,,,0.05,0.3,0.2,0.345,0.345,0.15,,,,
object/tangible/ship/components/shield_generator/shd_dual_deflector_s1.iff,(Unknown) Dual Deflector System,S1,30,75,2556,1100,200,200,1.64,,,,0.05,0.3,0.2,0.341,0.341,0.15,,,,
object/tangible/ship/components/shield_generator/shd_armek_plasma_shell_s1.iff,Armek Plasma Shell Deflector Shields,S1,13,75,2750,1100,200,200,1.66,,,,0.05,0.35,0.2,0.341,0.341,0.26,,,,
object/tangible/ship/components/shield_generator/shd_cygnus_mk1.iff,Cygnus Mark I Shields,S1,9,75,2556,1100,200,200,1.52,,,,0.05,0.3,0.2,0.341,0.341,0.26,,,,
object/tangible/ship/components/shield_generator/shd_incom_mark5.iff,Incom Deflector Screen Mark 5,S1,8,75,2556,1320,200,200,1.52,,,,0.03,0.3,0.2,0.341,0.341,0.26,,,,
object/tangible/ship/components/shield_generator/shd_incom_mark9.iff,Incom Deflector Screen Mark 9,S1,8,75,2556,1430,200,200,1.52,,,,0.03,0.3,0.2,0.341,0.341,0.28,,,,
object/tangible/ship/components/shield_generator/shd_incom_mark2.iff,Incom Deflector Screen Mark2,S1,3,75,2556,1210,200,200,1.52,,,,0.03,0.3,0.2,0.341,0.341,0.24,,,,
object/tangible/ship/components/shield_generator/shd_koensayr_deflector_m1.iff,Koensayr M1 Deflector Shield,S1,12,75,2556,1100,200,200,1.52,,,,0.04,0.2,0.1,0.32,0.32,0.22,,,,
object/tangible/ship/components/shield_generator/shd_kse_military_mk1.iff,Kuat Systems Engineering Mark I Military Shield Generator,S1,27,75,2556,1100,225,225,1.52,,,,0.05,0.3,0.2,0.2,0.2,0.26,,,,
object/tangible/ship/components/shield_generator/shd_mandal_protector_mk1.iff,"MandalMotors ""Protector Class"" Shields Mk1",S1,16,97.5,2556,1320,175,175,1.4,,,,0.07,0.3,0.2,0.341,0.341,0.26,,,,
object/tangible/ship/components/shield_generator/shd_moncal_ionweb_a.iff,"Mon Calamari ""Ion-Web A"" Deflector Shields",S1,30,82.5,2556,1430,212.5,212.5,1.4,,,,0.05,0.3,0.2,0.33,0.33,0.27,,,,
object/tangible/ship/components/shield_generator/shd_seinar_gx_elite.iff,Sienar Systems GX Elite Deflector,S1,15,67.5,2625,1210,200,200,1.52,,,,0.05,0.3,0.2,0.35,0.35,0.27,,,,
object/tangible/ship/components/shield_generator/shd_seinar_gx3.iff,Sienar Systems GX3 Deflector,S1,5,75,2556,1210,200,200,1.52,,,,0.05,0.3,0.2,0.35,0.35,0.26,,,,
object/tangible/ship/components/shield_generator/shd_seinar_gx7.iff,Sienar Systems GX7 Deflector,S1,11,71.25,2556,1155,200,200,1.52,,,,0.05,0.3,0.2,0.35,0.35,0.26,,,,
object/tangible/ship/components/shield_generator/shd_unknown_proton_projector.iff,(Unknown) Proton Projector Shield,S2,38,93.75,2556,1925,250,250,1.9,,,,0.04,0.2,0.1,0.32,0.32,0.22,,,,
object/tangible/ship/components/shield_generator/shd_armek_plasma_shell_s2.iff,Armek Plasma Shell Deflector Shields (S2 Elite),S2,37,93.75,2556,1925,250,250,2.05,,,,0.05,0.3,0.2,0.345,0.345,0.15,,,,
object/tangible/ship/components/shield_generator/shd_cygnus_special_mk1.iff,Cygnus Special Mark I Shields,S2,11,93.75,2556,2502.5,250,250,1.9,,,,0.03,0.3,0.2,0.341,0.341,0.28,,,,
object/tangible/ship/components/shield_generator/shd_incom_rayshield_r4.iff,Incom Rayshield R4,S2,4,93.75,2556,2117.5,250,250,1.9,,,,0.05,0.3,0.2,0.35,0.35,0.26,,,,
object/tangible/ship/components/shield_generator/shd_incom_rayshield_r7.iff,Incom Rayshield R7,S2,9,89.0625,2556,2021.25,250,250,1.9,,,,0.05,0.3,0.2,0.35,0.35,0.26,,,,
object/tangible/ship/components/shield_generator/shd_koensayr_improved_deflector_m1.iff,Koensayr Improved Deflector Shield M1,S2,25,93.75,2556,1925,250,250,1.9,,,,0.05,0.3,0.1,0.341,0.341,0.26,,,,
object/tangible/ship/components/shield_generator/shd_kse_enhanced_military_mk1.iff,Kuat Systems Engineering Enhanced Mark I Military Shield Generator,S2,31,93.75,2556,1925,250,250,1.9,,,,0.05,0.2,0.2,0.341,0.341,0.26,,,,
object/tangible/ship/components/shield_generator/shd_mandal_double_protector_mk1.iff,"MandalMotors Double ""Protector Class"" Shields Mk1",S2,26,93.75,2556,2117.5,250,250,1.9,,,,0.03,0.3,0.2,0.341,0.341,0.24,,,,
object/tangible/ship/components/shield_generator/shd_moncal_deluxe_ionweb_a.iff,"Mon Calamari Deluxe ""Ion-Web A"" Deflector Shields",S2,29,93.75,2556,2310,250,250,1.9,,,,0.03,0.3,0.2,0.341,0.341,0.26,,,,
object/tangible/ship/components/shield_generator/shd_seinar_proton_screen_p1.iff,Sienar Proton Screen (Abandoned Prototype),S2,9,84.375,2625,2117.5,250,250,1.9,,,,0.05,0.3,0.2,0.35,0.35,0.27,,,,
object/tangible/ship/components/shield_generator/shd_seinar_proton_screen_p6.iff,Sienar Systems Proton Screen (Marketing Prototype),S2,11,93.75,2556,1925,250,250,2.05,,,,0.05,0.3,0.2,0.341,0.341,0.15,,,,
object/tangible/ship/components/shield_generator/shd_unknown_holosteel_x1.iff,"""Holosteel"" X1 Shielding System",S3,49,163.875,2681,2887.5,460,460,3.496,,,,0.05,0.3,0.2,0.35,0.35,0.26,,,,
object/tangible/ship/components/shield_generator/shd_unknown_holosteel_x2.iff,"""Holosteel"" X2 Shielding System",S3,33,155.25,2750,3025,460,460,3.496,,,,0.05,0.3,0.2,0.35,0.35,0.27,,,,
object/tangible/ship/components/shield_generator/shd_incom_rayshield_x1.iff,Incom Rayshield (Experimental),S3,6,172.5,2681,2887.5,460,460,3.496,,,,0.05,0.3,0.1,0.341,0.341,0.26,,,,
object/tangible/ship/components/shield_generator/shd_incom_rayshield_x2.iff,Incom Rayshield (Second-generation Experimental),S3,2,172.5,2681,2887.5,460,460,3.496,,,,0.05,0.2,0.2,0.341,0.341,0.26,,,,
object/tangible/ship/components/shield_generator/shd_incom_rayshield_x5.iff,Incom Rayshield X5 Prototype,S3,6,172.5,2681,3025,460,460,3.496,,,,0.03,0.3,0.2,0.341,0.341,0.24,,,,
object/tangible/ship/components/shield_generator/shd_koensayr_deflector_m2.iff,Koensayr Deflector Shield M2,S3,27,172.5,2681,2887.5,460,460,3.772,,,,0.05,0.3,0.2,0.345,0.345,0.15,,,,
object/tangible/ship/components/shield_generator/shd_kse_military_mk2.iff,Kuat Systems Engineering Mark II Military Shield Generator,S3,61,172.5,2681,2887.5,460,460,3.496,,,,0.04,0.2,0.1,0.32,0.32,0.22,,,,
object/tangible/ship/components/shield_generator/shd_mandalor_flexshield_ks1.iff,"MandalMotors ""Flexshield"" KS-1",S3,27,172.5,2681,2887.5,460,460,3.772,,,,0.05,0.3,0.2,0.341,0.341,0.15,,,,
object/tangible/ship/components/shield_generator/shd_moncal_deluxe_ionweb_b.iff,"Mon Calamari Deluxe ""Ion-Web B"" Deflector Shields",S3,29,172.5,2681,2887.5,517.5,517.5,3.496,,,,0.05,0.3,0.2,0.2,0.2,0.26,,,,
object/tangible/ship/components/shield_generator/shd_seinar_reflector_elite.iff,Sienar Systems Elite Reflector System,S3,13,172.5,2681,3575,460,460,3.496,,,,0.03,0.3,0.2,0.341,0.341,0.28,,,,
object/tangible/ship/components/shield_generator/shd_seinar_experimental_a1.iff,Sienar Systems Experimental Reflector (Unreleased),S3,7,172.5,2681,3162.5,460,460,3.496,,,,0.05,0.3,0.2,0.35,0.35,0.26,,,,
object/tangible/ship/components/shield_generator/shd_seinar_reflector_standard.iff,Sienar Systems Standard Reflector Array,S3,9,172.5,2681,3300,460,460,3.496,,,,0.03,0.3,0.2,0.341,0.341,0.26,,,,
object/tangible/ship/components/shield_generator/shd_cygnus_mk2.iff,Cygnus Mark II Shields,S4,14,215.625,2681,5293.75,575,575,4.37,,,,0.03,0.3,0.2,0.341,0.341,0.24,,,,
object/tangible/ship/components/shield_generator/shd_mission_reward_rebel_incom_k77.iff,"Incom ""K-77"" Shield Generator",S4,72,258.75,2681,6256.25,898.438,898.438,4.37,,,,0.0001,0.0001,0.0001,0.0001,0.0001,0.0001,,,,
object/tangible/ship/components/shield_generator/shd_incom_rayshield_x7.iff,Incom Rayshield X7,S4,9,237.1875,2681,6256.25,610.938,610.938,4.025,,,,0.05,0.3,0.2,0.33,0.33,0.27,,,,
object/tangible/ship/components/shield_generator/shd_incom_rayshield_x9.iff,Incom Rayshield X9,S4,10,215.625,2681,5053.125,575,575,4.37,,,,0.05,0.3,0.2,0.341,0.341,0.26,,,,
object/tangible/ship/components/shield_generator/shd_mission_reward_neutral_koensayr_ds23.iff,"Koensayr ""DS-23"" Shield Generator",S4,85,258.75,2681,6256.25,898.438,898.438,4.37,,,,0.0001,0.0001,0.0001,0.0001,0.0001,0.0001,,,,
object/tangible/ship/components/shield_generator/shd_mandalor_flexshield_ks3.iff,"MandalMotors ""Flexshield"" KS-3",S4,75,280.3125,2681,5775,503.125,503.125,4.025,,,,0.07,0.3,0.2,0.341,0.341,0.26,,,,
object/tangible/ship/components/shield_generator/shd_moncal.iff,Mon Calamari Standard Shield,S4,71,215.625,2681,6256.25,575,575,4.37,,,,0.03,0.3,0.2,0.341,0.341,0.28,,,,
object/tangible/ship/components/shield_generator/shd_mission_reward_imperial_rendili_dual_projector.iff,Rendili Dual-Projector Shield Generator,S4,73,258.75,2681,6256.25,898.438,898.438,4.37,,,,0.0001,0.0001,0.0001,0.0001,0.0001,0.0001,,,,
object/tangible/ship/components/shield_generator/shd_rendili.iff,Rendili Standard Deflector Shield,S4,7,215.625,2681,5534.375,575,575,4.37,,,,0.05,0.3,0.2,0.35,0.35,0.26,,,,
object/tangible/ship/components/shield_generator/shd_sfs_imperial_deluxe_standard.iff,Sienar Fleet Systems Deluxe Imperial Standard Shields,S4,7,215.625,2681,5053.125,575,575,4.37,,,,0.05,0.2,0.2,0.341,0.341,0.26,,,,
object/tangible/ship/components/shield_generator/shd_sfs_imperial_standard.iff,Sienar Fleet Systems Imperial Standard Shields,S4,12,215.625,2681,5053.125,575,575,4.37,,,,0.05,0.3,0.1,0.341,0.341,0.26,,,,
object/tangible/ship/components/shield_generator/shd_taim_standard.iff,Taim & Bak Standard Shields,S4,60,215.625,2875,5053.125,575,575,4.887,,,,0.05,0.35,0.2,0.341,0.341,0.26,,,,
object/tangible/ship/components/shield_generator/shd_armek_plasma_shell_s3.iff,Armek Plasma Shell S3 Shield Generator,S5,200,317.4,2806,7562.5,846.4,846.4,6.43,,,,0.05,0.2,0.2,0.341,0.341,0.26,,,,
object/tangible/ship/components/shield_generator/shd_cygnus_improved_mk2.iff,Cygnus Improved Mark II Shields,S5,36,317.4,3000,7562.5,846.4,846.4,7.191,,,,0.05,0.35,0.2,0.341,0.341,0.26,,,,
object/tangible/ship/components/shield_generator/shd_incom_rayshield_x12.iff,Incom Rayshield X12,S5,72,317.4,2806,7562.5,952.2,952.2,6.43,,,,0.05,0.3,0.2,0.2,0.2,0.26,,,,
object/tangible/ship/components/shield_generator/shd_incom_rayshield_z1.iff,Incom Rayshield Z1,S5,65,412.62,2806,8937.5,740.6,740.6,5.922,,,,0.07,0.3,0.2,0.341,0.341,0.26,,,,
object/tangible/ship/components/shield_generator/shd_koensayr_deflector_m3.iff,Koensayr Deflector M3,S5,72,317.4,2806,7562.5,846.4,846.4,6.43,,,,0.04,0.2,0.1,0.32,0.32,0.22,,,,
object/tangible/ship/components/shield_generator/shd_kse_mk3.iff,Kuat Systems Engineering Mark III Deflector Shields,S5,100,317.4,2806,7562.5,846.4,846.4,6.43,,,,0.05,0.3,0.1,0.341,0.341,0.26,,,,
object/tangible/ship/components/shield_generator/shd_mandalor_flexshield_ks18.iff,"MandalMotors ""Flexshield"" KS-18",S5,81,317.4,2806,7562.5,846.4,846.4,6.937,,,,0.05,0.3,0.2,0.345,0.345,0.15,,,,
object/tangible/ship/components/shield_generator/shd_mandal_flexshield_ks5.iff,MandalMotors Flexshield Ks-5 Shields,S5,77,317.4,2806,8250,846.4,846.4,6.43,,,,0.03,0.3,0.2,0.341,0.341,0.24,,,,
object/tangible/ship/components/shield_generator/shd_sfs_imperial_heavy.iff,Sienar Fleet Systems Imperial Heavy Shields,S5,54,349.14,2806,9625,899.3,899.3,5.922,,,,0.05,0.3,0.2,0.33,0.33,0.27,,,,
object/tangible/ship/components/shield_generator/shd_sfs_modified_imperial_heavy.iff,Sienar Fleet Systems Modified Imperial Heavy Deflectors,S5,35,317.4,2806,7562.5,846.4,846.4,6.43,,,,0.05,0.3,0.2,0.341,0.341,0.26,,,,
object/tangible/ship/components/shield_generator/shd_armek_plasma_shell_s6.iff,Armek Plasma Shell S6 Shield Generator,S6,334,515.775,2806,15622.75,925.75,925.75,7.403,,,,0.07,0.3,0.2,0.341,0.341,0.26,,,,
object/tangible/ship/components/shield_generator/shd_cygnus_mk3.iff,Cygnus Mark III Shields,S6,51,396.75,2806,13219.25,1058,1058,8.037,,,,0.04,0.2,0.1,0.32,0.32,0.22,,,,
object/tangible/ship/components/shield_generator/shd_incom_rayshield_z5.iff,Incom Rayshield Z5,S6,131,376.9125,2806,13820.125,1058,1058,8.037,,,,0.05,0.3,0.2,0.35,0.35,0.26,,,,
object/tangible/ship/components/shield_generator/shd_incom_rayshield_z7.iff,Incom Rayshield Z7,S6,146,357.075,2875,14421,1058,1058,8.037,,,,0.05,0.3,0.2,0.35,0.35,0.27,,,,
object/tangible/ship/components/shield_generator/shd_koensayr_deflector_m6.iff,Koensayr Deflector M6,S6,235,396.75,2806,14421,1058,1058,8.037,,,,0.05,0.3,0.2,0.35,0.35,0.26,,,,
object/tangible/ship/components/shield_generator/shd_kse_mk4.iff,Kuat Systems Engineering Mark IV Deflector Shields,S6,291,396.75,2806,13219.25,1190.25,1190.25,8.037,,,,0.05,0.3,0.2,0.2,0.2,0.26,,,,
object/tangible/ship/components/shield_generator/shd_mandal_flexshield_ks25.iff,MandalMotors Flexshield Ks-25 Shields,S6,117,396.75,2806,16824.5,1058,1058,8.037,,,,0.03,0.3,0.2,0.341,0.341,0.28,,,,
object/tangible/ship/components/shield_generator/shd_shd_moncal_ionweb_prototype_b.iff,Moncal Ionweb Prototype B Shield,S6,1635,396.75,2806,16824.5,1325,1325,8.037,,,,0.03,0.3,0.2,0.25,0.25,0.28,,,,
object/tangible/ship/components/shield_generator/shd_phased_fullerine_fx12.iff,Phased Fullerine FX12 Shield System,S6,167,396.75,2806,15622.75,1058,1058,8.037,,,,0.03,0.3,0.2,0.341,0.341,0.26,,,,
object/tangible/ship/components/shield_generator/shd_esp_reactive.iff,Reactive N Shield,S6,62,396.75,2806,13219.25,1058,1058,8.672,,,,0.05,0.3,0.2,0.345,0.345,0.15,,,,
object/tangible/ship/components/shield_generator/shd_sfs_advanced.iff,Sienar Fleet Systems Advanced Shield,S6,90,396.75,2806,13219.25,1058,1058,8.672,,,,0.05,0.3,0.2,0.341,0.341,0.15,,,,
object/tangible/ship/components/shield_generator/shd_sfs_limited_advanced.iff,Sienar Fleet Systems Limited Advanced Shields,S6,62,396.75,2806,13219.25,1058,1058,8.672,,,,0.05,0.3,0.2,0.345,0.345,0.15,,,,
object/tangible/ship/components/shield_generator/shd_cygnus_mk4.iff,Cygnus Mark IV Shields,S7,23,467.215,2931,23166,1245.904,1245.904,9.47,,,,0.03,0.3,0.2,0.341,0.341,0.26,,,,
object/tangible/ship/components/shield_generator/shd_incom_rayshield_advanced.iff,Incom Rayshield Advanced,S7,86,467.215,2931,19734,1245.904,1245.904,9.47,,,,0.05,0.3,0.1,0.341,0.341,0.26,,,,
object/tangible/ship/components/shield_generator/shd_koensayr_deflector_m8.iff,Koensayr Deflector M8,S7,96,467.215,3125,19734,1245.904,1245.904,10.217,,,,0.05,0.35,0.2,0.341,0.341,0.26,,,,
object/tangible/ship/components/shield_generator/shd_kse_mk5.iff,Kuat Systems Engineering Mark V Deflector Shields,S7,91,467.215,2931,24882,1245.904,1245.904,9.47,,,,0.03,0.3,0.2,0.341,0.341,0.28,,,,
object/tangible/ship/components/shield_generator/shd_mandal_flexshield_ks7.iff,MandalMotors Flexshield Ks-7 Shields,S7,82,467.215,2931,19734,1245.904,1245.904,9.47,,,,0.05,0.3,0.2,0.341,0.341,0.26,,,,
object/tangible/ship/components/shield_generator/shd_moncal_ionweb_heavy.iff,Mon Calamari Ion-Web Heavy Shields,S7,72,467.215,2931,22308,1245.904,1245.904,9.47,,,,0.05,0.3,0.2,0.35,0.35,0.26,,,,
object/tangible/ship/components/shield_generator/shd_phased_fullerine_fx27.iff,Phased Fullerine FX27 Deflector Array,S7,102,513.9365,2931,22308,1323.773,1323.773,8.722,,,,0.05,0.3,0.2,0.33,0.33,0.27,,,,
object/tangible/ship/components/shield_generator/shd_protecto_net.iff,Protecto-net Shield,S7,921,584.0185,2931,34534.5,1752.053,1752.053,11.837,,,,0.05,0.3,0.2,0.2,0.2,0.26,,,,
object/tangible/ship/components/shield_generator/shd_sfs_imperial_special_forces.iff,Sienar Fleet Systems Imperial Special Forces Shields,S7,52,467.215,2931,19734,1245.904,1245.904,9.47,,,,0.05,0.2,0.2,0.341,0.341,0.26,,,,
object/tangible/ship/components/shield_generator/shd_sfs_modified_imperial_special_forces.iff,Sienar Fleet Systems Modified Imperial Special Forces Deflectors,S7,43,467.215,2931,21450,1245.904,1245.904,9.47,,,,0.03,0.3,0.2,0.341,0.341,0.24,,,,
object/tangible/ship/components/shield_generator/shd_taim_heavy.iff,Taim & Bak Heavy,S7,72,443.854,2931,19819.8,1245.904,1245.904,9.47,,,,0.05,0.3,0.2,0.35,0.35,0.26,,,,
object/tangible/ship/components/shield_generator/shd_mission_reward_neutral_armek_plasma_web.iff,"Armek ""Plasma Web"" Shield Generator",S8,348,700.8225,2931,43543.5,2733.406,2733.406,11.837,,,,0.0001,0.0001,0.0001,0.0001,0.0001,0.0001,,,,
object/tangible/ship/components/shield_generator/shd_mission_reward_imperial_cygnus_holoscreen.iff,"Cygnus ""Holoscreen"" Shield Generator",S8,357,700.8225,2931,43543.5,2733.406,2733.406,11.837,,,,0.0001,0.0001,0.0001,0.0001,0.0001,0.0001,,,,
object/tangible/ship/components/shield_generator/shd_gallofree_defender_2.iff,Gallofree Defender 2 Shield Generator,S8,74,642.4205,2931,43543.5,1654.716,1654.716,10.903,,,,0.05,0.3,0.2,0.33,0.33,0.27,,,,
object/tangible/ship/components/shield_generator/shd_incom_techscreen_1.iff,Incom Techscreen 1 Shield Generator,S8,52,584.0185,2931,34534.5,1557.38,1557.38,11.837,,,,0.04,0.2,0.1,0.32,0.32,0.22,,,,
object/tangible/ship/components/shield_generator/shd_koensayr_deflector_advanced.iff,Koensayr Deflector Advanced,S8,139,584.0185,2931,34534.5,1557.38,1557.38,12.772,,,,0.05,0.3,0.2,0.345,0.345,0.15,,,,
object/tangible/ship/components/shield_generator/shd_kse_mk6.iff,Kuat Systems Engineering Mark VI Deflector Shields,S8,121,584.0185,2931,34534.5,1557.38,1557.38,11.837,,,,0.05,0.3,0.2,0.341,0.341,0.26,,,,
object/tangible/ship/components/shield_generator/shd_mandal_flexshield_kx1.iff,MandalMotors Flexshield Kx-1 Shields,S8,142,584.0185,2931,34534.5,1557.38,1557.38,12.772,,,,0.05,0.3,0.2,0.341,0.341,0.15,,,,
object/tangible/ship/components/shield_generator/shd_moncal_ionweb_advanced.iff,Mon Calamari Ion-Web Advanced Shields,S8,157,584.0185,3125,34534.5,1557.38,1557.38,13.239,,,,0.05,0.35,0.2,0.341,0.341,0.26,,,,
object/tangible/ship/components/shield_generator/shd_phased_fullerine_fx92.iff,Phased Fullerine FX92 Energy Shield,S8,94,525.617,3000,37537.5,1557.38,1557.38,11.837,,,,0.05,0.3,0.2,0.35,0.35,0.27,,,,
object/tangible/ship/components/shield_generator/shd_sfs_polyweb_4.iff,Sienar Fleet Systems Polyweb 4 Shield,S8,119,584.0185,2931,34534.5,1752.053,1752.053,11.837,,,,0.05,0.3,0.2,0.2,0.2,0.26,,,,
object/tangible/ship/components/shield_generator/shd_sfs_polyweb_6.iff,Sienar Fleet Systems Polyweb 6 Shield,S8,58,759.2245,2931,40540.5,1362.708,1362.708,10.903,,,,0.07,0.3,0.2,0.341,0.341,0.26,,,,
object/tangible/ship/components/shield_generator/shd_taim_advanced.iff,Taim & Bak Advanced,S8,79,584.0185,2931,34534.5,1557.38,1557.38,11.837,,,,0.05,0.3,0.1,0.341,0.341,0.26,,,,
object/tangible/ship/components/shield_generator/shd_mission_reward_rebel_taim_military_grade.iff,Taim & Bak Military-Grade Shield Generator,S8,338,700.8225,2931,43543.5,2733.406,2733.406,11.837,,,,0.0001,0.0001,0.0001,0.0001,0.0001,0.0001,,,,
object/tangible/ship/components/shield_generator/shd_interlaced_graviton.iff,(Experimental) Interlaced Graviton Protection Grid,S9,34,550.19,3056,64350,1467.176,1467.176,11.149,,,,0.03,0.3,0.2,0.341,0.341,0.28,,,,
object/tangible/ship/components/shield_generator/shd_kessel_rebel_unknown_proton_interweave_system.iff,(Unknown Manufacturer) Proton Interweave Shielding System,S9,5,550.19,3125,51480,1467.176,1467.176,12.47,,,,0.05,0.35,0.2,0.341,0.341,0.26,,,,
object/tangible/ship/components/shield_generator/shd_armek_plasma_shell_elite.iff,Armek Plasma Shell Elite Shield Generator,S9,31,605.209,3056,64350,1558.874,1558.874,10.269,,,,0.05,0.3,0.2,0.33,0.33,0.27,,,,
object/tangible/ship/components/shield_generator/shd_kessel_imperial_cygnus_experimental_system.iff,Cygnus Experimental Shield Generation System,S9,12,550.19,3056,51480,1467.176,1467.176,11.149,,,,0.05,0.2,0.2,0.341,0.341,0.26,,,,
object/tangible/ship/components/shield_generator/shd_cygnus_mk5.iff,Cygnus Mark V Shields,S9,15,550.19,3056,51480,1467.176,1467.176,12.029,,,,0.05,0.3,0.2,0.345,0.345,0.15,,,,
object/tangible/ship/components/shield_generator/shd_kessel_rebel_incom_rayshield_overdriver.iff,"Incom ""Rayshield Overdriver"" Shield Generator",S9,6,550.19,3056,51480,1467.176,1467.176,11.149,,,,0.05,0.3,0.2,0.341,0.341,0.26,,,,
object/tangible/ship/components/shield_generator/shd_incom_techscreen_2.iff,Incom Techscreen 2 Shield Generator,S9,18,522.6805,3056,53625,1467.176,1467.176,11.149,,,,0.05,0.3,0.2,0.35,0.35,0.26,,,,
object/tangible/ship/components/shield_generator/shd_koensayr_modified_deflector_advanced.iff,Koensayr Modified Deflector Advanced,S9,20,550.19,3056,55770,1467.176,1467.176,11.149,,,,0.05,0.3,0.2,0.35,0.35,0.26,,,,
object/tangible/ship/components/shield_generator/shd_kse_mk7.iff,Kuat Systems Engineering Mark VII Deflector Shields,S9,22,550.19,3056,51480,1467.176,1467.176,11.149,,,,0.04,0.2,0.1,0.32,0.32,0.22,,,,
object/tangible/ship/components/shield_generator/shd_moncal_ionweb_elite.iff,Mon Calamari Ion-Web Elite Shields,S9,23,550.19,3056,51480,1650.573,1650.573,11.149,,,,0.05,0.3,0.2,0.2,0.2,0.26,,,,
object/tangible/ship/components/shield_generator/shd_kessel_imperial_sfs_megapolyweb.iff,"Sienar Fleet Systems ""Mega Polyweb"" Shield Generator",S9,7,550.19,3056,51480,1467.176,1467.176,11.149,,,,0.05,0.3,0.1,0.341,0.341,0.26,,,,
object/tangible/ship/components/shield_generator/shd_sfs_modified_polyweb_advanced.iff,Sienar Fleet Systems Modified Polyweb Advanced Deflectors,S9,12,550.19,3056,51480,1467.176,1467.176,12.029,,,,0.05,0.3,0.2,0.341,0.341,0.15,,,,
object/tangible/ship/components/shield_generator/shd_sfs_polyweb_advanced.iff,Sienar Fleet Systems Polyweb Advanced Shield,S9,16,495.171,3000,55770,1467.176,1467.176,11.149,,,,0.05,0.3,0.2,0.35,0.35,0.27,,,,
object/tangible/ship/components/shield_generator/shd_taim_enhanced_advanced.iff,Taim & Bak Enhanced Advanced,S9,20,715.247,3056,60060,1283.779,1283.779,10.269,,,,0.07,0.3,0.2,0.341,0.341,0.26,,,,
object/tangible/ship/components/shield_generator/shd_armek_plasma_shell_elite_2.iff,Armek Plasma Shell Elite 2 Shield Generator,S0,29,687.7375,3056,62040,1833.97,1833.97,13.937,,,,0.04,0.2,0.1,0.32,0.32,0.22,,,,
object/tangible/ship/components/shield_generator/shd_cygnus_elite.iff,Cygnus Elite Shield Generator,S0,285,653.3505,3056,59455,1833.97,1833.97,13.937,,,,0.05,0.3,0.2,0.35,0.35,0.26,,,,
object/tangible/ship/components/shield_generator/shd_gallofree_defender_elite.iff,Gallofree Defender Elite Shield Generator,S0,96,687.7375,3056,62040,2063.216,2063.216,13.937,,,,0.05,0.3,0.2,0.2,0.2,0.26,,,,
object/tangible/ship/components/shield_generator/shd_incom_techscreen_elite.iff,Incom Techscreen Elite Shield Generator,S0,72,687.7375,3056,72380,1833.97,1833.97,13.937,,,,0.03,0.3,0.2,0.341,0.341,0.26,,,,
object/tangible/ship/components/shield_generator/shd_koensayr_deflector_elite.iff,Koensayr Deflector Elite,S0,61,687.7375,3056,67210,1833.97,1833.97,13.937,,,,0.03,0.3,0.2,0.341,0.341,0.24,,,,
object/tangible/ship/components/shield_generator/shd_kse_elite.iff,Kuat Systems Engineering Elite Shield Generator,S0,141,618.964,3000,67210,1833.97,1833.97,13.937,,,,0.05,0.3,0.2,0.35,0.35,0.27,,,,
object/tangible/ship/components/shield_generator/shd_moncal_ionweb_elite_2.iff,Mon Calamari Ion-Web Elite 2 Shields,S0,236,687.7375,3056,72380,1833.97,1833.97,19.037,,,,0.05,0.3,0.2,0.341,0.341,0.15,,,,
object/tangible/ship/components/shield_generator/shd_kessel_imperial_sds_secret_ops.iff,"Sienar Design Systems ""Secret Ops"" Shield Generation System",S0,23,756.5115,3056,77550,1948.593,1948.593,12.836,,,,0.05,0.3,0.2,0.33,0.33,0.27,,,,
object/tangible/ship/components/shield_generator/shd_sfs_custom_polyweb_elite.iff,Sienar Fleet Systems Custom Polyweb Elite Shields,S0,35,687.7375,3056,67210,1833.97,1833.97,13.937,,,,0.05,0.3,0.2,0.35,0.35,0.26,,,,
object/tangible/ship/components/shield_generator/shd_sfs_polyweb_elite.iff,Sienar Fleet Systems Polyweb Elite Shield,S0,109,687.7375,2951,77550,1833.97,1833.97,13.937,,,,0.03,0.3,0.2,0.341,0.341,0.28,,,,
object/tangible/ship/components/shield_generator/shd_kessel_rebel_sorosuub_ion_mesh_projection.iff,SoroSuub Ion-Mesh Projection System,S0,597,894.059,3056,62040,1604.724,1604.724,12.836,,,,0.07,0.3,0.2,0.341,0.341,0.26,,,,
object/tangible/ship/components/shield_generator/shd_taim_elite.iff,Taim & Bak Elite,S0,175,687.7375,3056,62040,1833.97,1833.97,19.037,,,,0.05,0.3,0.2,0.345,0.345,0.15,,,,
object/tangible/ship/components/shield_generator/shd_taim_torton.iff,Taim Torton Heavy Shield,S0,663,687.7375,3056,87550,2600,2600,13.937,,,,0.03,0.3,0.2,0.3,0.3,0.28,,,,
object/tangible/ship/components/weapon/wpn_corellian_cruiser_grade_blaster_mk1.iff,Corellian Cruiser-Grade Mark I Blaster,W1,18,90,2000,1100,298.7,401.7,0.5,0.5,20.4,0.34,0.05,0.17,0.17,0.11,0.11,0.05,0.05,0.17,0.05,
object/tangible/ship/components/weapon/wpn_cygnus_destroyer_mk1.iff,"Cygnus Mark I ""Destroyer"" Blaster",W1,9,75,2000,1000,290,390,0.5,0.5,20.4,0.34,0.05,0.17,0.17,0.12,0.12,0.05,0.05,0.17,0.05,
object/tangible/ship/components/weapon/wpn_incom_light_blaster.iff,Incom Light Blaster,W1,4,67.5,2000,900,290,390,0.5,0.5,20.4,0.34,0.05,0.17,0.17,0.12,0.12,0.05,0.05,0.17,0.05,
object/tangible/ship/components/weapon/wpn_koensayr_light_disruptor.iff,Koensayr Light Disruptor,W1,18,75,1800,1000,261,351,0.3,0.7,20.4,0.34,0.05,0.17,0.17,0.12,0.12,0.05,0.05,0.17,0.05,
object/tangible/ship/components/weapon/wpn_kse_light_disruptor.iff,Kuat Systems Engineering Light Disruptor,W1,27,75,1940,970,290,390,0.3,0.7,20.4,0.34,0.05,0.17,0.17,0.12,0.12,0.05,0.05,0.17,0.05,
object/tangible/ship/components/weapon/wpn_mission_reward_neutral_mandal_light_blaster.iff,MandalMotors Light Blaster,W1,21,90,2400,1200,348,468,0.5,0.5,20.4,0.34,0.0001,0.0001,0.0001,0.0001,0.0001,0.0001,0.0001,0.0001,0.0001,
object/tangible/ship/components/weapon/wpn_mandal_mangler_mk1.iff,"MandalMotors Mark I ""Mangler"" Cannon",W1,25,75,2200,1000,298.7,401.7,0.5,0.5,20.4,0.34,0.05,0.17,0.17,0.14,0.14,0.05,0.05,0.17,0.05,
object/tangible/ship/components/weapon/wpn_sds_imperial_blaster_1.iff,Sienar Design Systems Imperial Blaster,W1,6,82.5,2000,1100,290,390,0.5,0.5,20.4,0.34,0.05,0.17,0.17,0.12,0.12,0.05,0.05,0.17,0.05,
object/tangible/ship/components/weapon/wpn_sfs_imperial_blaster_1.iff,Sienar Fleet Systems Imperial Blaster,W1,18,82.5,2000,1100,290,390,0.5,0.5,20.4,0.34,0.05,0.17,0.17,0.12,0.12,0.05,0.05,0.17,0.05,
object/tangible/ship/components/weapon/wpn_slayn_light_ioncannon.iff,Slayn & Korpil Light Ion Cannon,W1,36,75,2000,1000,290,390,0.7,0.3,20.4,0.34,0.05,0.17,0.17,0.12,0.12,0.05,0.05,0.17,0.05,
object/tangible/ship/components/weapon/wpn_subpro_light_ioncannon.iff,SubPro Light Ion Cannon,W1,31,75,2000,1000,290,390,0.7,0.3,20.4,0.34,0.05,0.17,0.17,0.12,0.12,0.05,0.05,0.17,0.05,
object/tangible/ship/components/weapon/wpn_incom_shredder.iff,"Incom ""Shredder"" Cannon",W2,7,103.125,2000,1925,362.5,487.5,0.625,0.625,25.5,0.425,0.05,0.17,0.17,0.12,0.12,0.05,0.05,0.17,0.05,
object/tangible/ship/components/weapon/wpn_incom_blaster.iff,Incom Starship Blaster,W2,4,93.75,1800,1750,326.25,438.75,0.625,0.625,25.5,0.425,0.05,0.17,0.17,0.12,0.12,0.05,0.05,0.17,0.05,
object/tangible/ship/components/weapon/wpn_koensayr_tuned_light_disruptor.iff,Koensayr Tuned Light Disruptor,W2,60,93.75,2000,1750,362.5,487.5,0.375,0.875,25.5,0.425,0.05,0.17,0.17,0.12,0.12,0.05,0.05,0.17,0.05,
object/tangible/ship/components/weapon/wpn_mandal_enhanced_mangler_mk1.iff,"MandalMotors Enhanced ""Mangler"" Cannon",W2,73,112.5,2000,1925,373.375,502.125,0.625,0.625,25.5,0.425,0.05,0.17,0.17,0.11,0.11,0.05,0.05,0.17,0.05,
object/tangible/ship/components/weapon/wpn_moncal_light_blaster.iff,Mon Calamari Light Blaster,W2,62,93.75,1920,1697.5,362.5,487.5,0.625,0.625,25.5,0.425,0.05,0.17,0.18,0.13,0.13,0.05,0.05,0.17,0.05,
object/tangible/ship/components/weapon/wpn_seinar_ion_cannon.iff,Sienar Systems Ion Cannon,W2,9,93.75,2200,1750,373.375,502.125,0.875,0.375,25.5,0.425,0.05,0.17,0.17,0.14,0.14,0.05,0.05,0.17,0.05,
object/tangible/ship/components/weapon/wpn_seinar_linked_cannon.iff,Sienar Systems Linked Laser Cannon,W2,14,103.125,2000,1925,362.5,487.5,0.625,0.625,25.5,0.425,0.05,0.17,0.17,0.12,0.12,0.05,0.05,0.17,0.05,
object/tangible/ship/components/weapon/wpn_seinar_disruptor.iff,Sienar Systems Starship Disruptor,W2,13,93.75,2000,1750,362.5,487.5,0.375,0.875,25.5,0.425,0.05,0.17,0.17,0.12,0.12,0.05,0.05,0.17,0.05,
object/tangible/ship/components/weapon/wpn_slayn_deluxe_light_ioncannon.iff,Slayn & Korpil Deluxe Light Ion Cannon,W2,9,93.75,2000,1750,362.5,487.5,0.875,0.375,25.5,0.425,0.05,0.17,0.17,0.12,0.12,0.05,0.05,0.17,0.05,
object/tangible/ship/components/weapon/wpn_subpro_improved_light_ioncannon.iff,SubPro Improved Light Ion Cannon,W2,2,93.75,1940,1697.5,362.5,487.5,0.875,0.375,25.5,0.425,0.05,0.17,0.17,0.12,0.12,0.05,0.05,0.17,0.05,
object/tangible/ship/components/weapon/wpn_cygnus_destroyer_mk2.iff,"Cygnus ""Destroyer"" Class Blaster Mk2",W3,6,189.75,2100,2875,609,858,0.5,0.5,22.44,0.34,0.05,0.17,0.17,0.12,0.12,0.05,0.05,0.17,0.05,
object/tangible/ship/components/weapon/wpn_freitek_cannoneer_mk1.iff,"FreiTek Inc. ""Cannoneer"" Mk1",W3,2,172.5,2100,2625,609,858,0.5,0.5,22.44,0.34,0.05,0.17,0.17,0.12,0.12,0.05,0.05,0.17,0.05,
object/tangible/ship/components/weapon/wpn_haor_chall_speedblaster.iff,Haor Chall Speedblaster Cannon,W3,32,172.5,2100,2625,609,858,0.5,0.5,22.44,0.34,0.05,0.17,0.17,0.12,0.12,0.05,0.05,0.17,0.05,
object/tangible/ship/components/weapon/wpn_incom_disruptor.iff,Incom Long-Range Disruptor,W3,1,172.5,2100,2625,609,858,0.3,0.7,22.44,0.34,0.05,0.17,0.17,0.12,0.12,0.05,0.05,0.17,0.05,
object/tangible/ship/components/weapon/wpn_koensayr_ion_accelerator.iff,Koensayr Ion-Accelerator Cannon,W3,43,172.5,2100,2625,609,858,0.5,0.5,22.44,0.34,0.05,0.17,0.17,0.12,0.12,0.05,0.05,0.17,0.05,
object/tangible/ship/components/weapon/wpn_kse_double_blaster.iff,Kuat Systems Engineering Double Blaster,W3,68,155.25,2100,2375,609,858,0.5,0.5,22.44,0.34,0.05,0.17,0.17,0.12,0.12,0.05,0.05,0.17,0.05,
object/tangible/ship/components/weapon/wpn_mandal_qv3_disruptor.iff,MandalMotors QV-3 Disruptor,W3,25,172.5,1900,2625,548.1,772.2,0.4,0.6,22.44,0.34,0.05,0.17,0.17,0.12,0.12,0.05,0.05,0.17,0.05,
object/tangible/ship/components/weapon/wpn_sfs_imperial_blaster_2.iff,Sienar Fleet Systems Imperial-2 Blaster,W3,29,172.5,2300,2625,627.27,883.74,0.5,0.5,22.44,0.34,0.05,0.17,0.17,0.14,0.14,0.05,0.05,0.17,0.05,
object/tangible/ship/components/weapon/wpn_slayn_ioncannon.iff,Slayn & Korpil Ion Cannon,W3,6,172.5,2100,2625,609,858,0.7,0.3,22.44,0.34,0.05,0.17,0.17,0.12,0.12,0.05,0.05,0.17,0.05,
object/tangible/ship/components/weapon/wpn_subpro_tricannon.iff,SubPro Tri-Cannon,W3,22,189.75,2100,2875,609,858,0.5,0.5,22.44,0.34,0.05,0.17,0.17,0.12,0.12,0.05,0.05,0.17,0.05,
object/tangible/ship/components/weapon/wpn_mission_reward_imperial_cygnus_starblaster.iff,"Cygnus ""Starblaster"" Disruptor",W4,58,258.75,2600,5687.5,913.5,1287,0.625,0.625,28.05,0.425,0.0001,0.0001,0.0001,0.0001,0.0001,0.0001,0.0001,0.0001,0.0001,
object/tangible/ship/components/weapon/wpn_hk_scorcher.iff,"Hoersch-Kessel ""Scorcher"" Cannon",W4,84,237.1875,2100,5031.25,761.25,1072.5,0.625,0.625,28.05,0.425,0.05,0.17,0.17,0.12,0.12,0.05,0.05,0.17,0.05,
object/tangible/ship/components/weapon/wpn_mission_reward_neutral_hk_military_blaster.iff,Hoersch-Kessel Military-Grade Blaster,W4,56,258.75,2600,5687.5,913.5,1287,0.625,0.625,28.05,0.425,0.0001,0.0001,0.0001,0.0001,0.0001,0.0001,0.0001,0.0001,0.0001,
object/tangible/ship/components/weapon/wpn_incom_tt8.iff,Incom TT8 Blasters,W4,8,258.75,2100,5031.25,784.087,1104.675,0.625,0.625,28.05,0.425,0.05,0.17,0.17,0.11,0.11,0.05,0.05,0.17,0.05,
object/tangible/ship/components/weapon/wpn_koensayr_deluxe_ion_accelerator.iff,Koensayr Deluxe Ion-Accelerator Cannon,W4,82,194.0625,2100,4156.25,761.25,1072.5,0.625,0.625,28.05,0.425,0.05,0.17,0.17,0.12,0.12,0.05,0.05,0.17,0.05,
object/tangible/ship/components/weapon/wpn_kdy_pounder_mk1.iff,"Kuat Drive Yards ""Pounder"" Mk1",W4,87,215.625,1900,4593.75,685.125,965.25,0.625,0.625,28.05,0.408,0.05,0.17,0.17,0.12,0.12,0.05,0.05,0.16,0.05,
object/tangible/ship/components/weapon/wpn_rendili_fr9_disruptor.iff,Rendili FR-9 Disruptor Cannon,W4,18,215.625,2100,4593.75,761.25,1072.5,0.625,0.625,28.05,0.425,0.05,0.17,0.17,0.12,0.12,0.05,0.05,0.17,0.05,
object/tangible/ship/components/weapon/wpn_sfs_improved_imperial_blaster_2.iff,Sienar Fleet Systems Improved Imperial-2 Blaster,W4,14,215.625,2020,4462.5,761.25,1072.5,0.625,0.625,28.05,0.425,0.05,0.17,0.18,0.13,0.13,0.05,0.05,0.17,0.05,
object/tangible/ship/components/weapon/wpn_subpro_tripleblaster.iff,"SubPro ""Triple Blaster"" Advanced Flash Cannon",W4,57,215.625,2100,4593.75,761.25,1072.5,0.625,0.625,28.05,0.425,0.05,0.17,0.17,0.12,0.12,0.05,0.05,0.17,0.05,
object/tangible/ship/components/weapon/wpn_subpro_modified_tricannon.iff,SubPro Modified Tri-Cannon,W4,66,215.625,2100,4593.75,761.25,1072.5,0.625,0.625,28.05,0.425,0.05,0.17,0.17,0.12,0.12,0.05,0.05,0.17,0.05,
object/tangible/ship/components/weapon/wpn_taim_ix4.iff,Taim & Bak IX4 Laser Cannon,W4,44,215.625,2040,4462.5,761.25,1072.5,0.625,0.625,28.05,0.425,0.05,0.17,0.17,0.12,0.12,0.05,0.05,0.17,0.05,
object/tangible/ship/components/weapon/wpn_mission_reward_rebel_taim_ion_driver.iff,"Taim & Bak ""Ion Driver""",W4,52,258.75,2600,5687.5,913.5,1287,0.625,0.625,28.05,0.425,0.0001,0.0001,0.0001,0.0001,0.0001,0.0001,0.0001,0.0001,0.0001,
object/tangible/ship/components/weapon/wpn_armek_sw4.iff,ArMek SW-4 Ion Cannon,W5,113,317.4,2200,6875,1074.28,1585.58,0.5,0.5,24.684,0.34,0.05,0.17,0.17,0.12,0.12,0.05,0.05,0.17,0.05,
object/tangible/ship/components/weapon/wpn_hk_scorcher_2.iff,"Hoersch-Kessel ""Scorcher 2""",W5,97,317.4,2200,6875,1074.28,1585.58,0.5,0.5,24.684,0.34,0.05,0.17,0.17,0.12,0.12,0.05,0.05,0.17,0.05,
object/tangible/ship/components/weapon/wpn_incom_tt13.iff,Incom TT13 Blasters,W5,139,285.66,2200,6250,1074.28,1585.58,0.5,0.5,24.684,0.34,0.05,0.17,0.17,0.12,0.12,0.05,0.05,0.17,0.05,
object/tangible/ship/components/weapon/wpn_koensayr_ion_accelerator_2.iff,Koensayr Ion-Accelerator 2 Cannon,W5,210,317.4,2200,6875,1074.28,1585.58,0.65,0.35,24.684,0.34,0.05,0.17,0.17,0.12,0.12,0.05,0.05,0.17,0.05,
object/tangible/ship/components/weapon/wpn_mandal_qv5_disruptor.iff,MandalMotors QV-5 Disruptor,W5,244,317.4,2400,6875,1106.508,1633.147,0.35,0.65,24.684,0.34,0.05,0.17,0.17,0.14,0.14,0.05,0.05,0.17,0.05,
object/tangible/ship/components/weapon/wpn_rendili_fr13_disruptor.iff,Rendili Fr13 Disruptor,W5,59,349.14,2200,7500,1074.28,1585.58,0.4,0.6,24.684,0.34,0.05,0.17,0.17,0.12,0.12,0.05,0.05,0.17,0.05,
object/tangible/ship/components/weapon/wpn_rss_imperial_cannon.iff,Republic Sienar Systems Imperial Cannon,W5,57,349.14,2200,7500,1074.28,1585.58,0.5,0.5,24.684,0.34,0.05,0.17,0.17,0.12,0.12,0.05,0.05,0.17,0.05,
object/tangible/ship/components/weapon/wpn_sfs_imperial_blaster_3.iff,Sienar Fleet Systems Imperial Blaster 3,W5,58,317.4,2000,6875,966.852,1427.022,0.5,0.5,24.684,0.34,0.05,0.17,0.17,0.12,0.12,0.05,0.05,0.17,0.05,
object/tangible/ship/components/weapon/wpn_subpro_advanced_cannon.iff,SubPro Advanced Cannon,W5,111,317.4,2200,6875,1074.28,1585.58,0.5,0.5,24.684,0.34,0.05,0.17,0.17,0.12,0.12,0.05,0.05,0.17,0.05,
object/tangible/ship/components/weapon/wpn_taim_ix5.iff,Taim & Bak IX5 Laser Cannon,W5,94,317.4,2200,6875,1074.28,1585.58,0.5,0.5,24.684,0.34,0.05,0.17,0.17,0.12,0.12,0.05,0.05,0.17,0.05,
object/tangible/ship/components/weapon/wpn_armek_sw6.iff,ArMek SW-6 Ion Cannon,W6,121,396.75,2200,11580.5,1342.85,1981.975,0.625,0.625,30.855,0.425,0.05,0.17,0.17,0.12,0.12,0.05,0.05,0.17,0.05,
object/tangible/ship/components/weapon/wpn_fastspray_2000_disruptor.iff,"Cygnus ""Fastspray 2000"" Disruptor",W6,32,396.75,2200,12017.5,1342.85,1981.975,0.625,0.625,30.855,0.425,0.05,0.17,0.17,0.12,0.12,0.05,0.05,0.17,0.05,
object/tangible/ship/components/weapon/wpn_hk_scorcher_3.iff,"Hoersch-Kessel ""Scorcher 3""",W6,301,396.75,2200,14202.5,1678.563,2477.469,0.625,0.625,37.283,0.425,0.05,0.17,0.17,0.12,0.12,0.05,0.05,0.17,0.05,
object/tangible/ship/components/weapon/wpn_incom_advanced_blaster.iff,Incom Advanced Blaster,W6,175,357.075,2200,10925,1342.85,1981.975,0.625,0.625,30.855,0.425,0.05,0.17,0.17,0.12,0.12,0.05,0.05,0.17,0.05,
object/tangible/ship/components/weapon/wpn_koensayr_ion_accelerator_3.iff,Koensayr Ion-Accelerator 3 Cannon,W6,201,396.75,2200,12017.5,1342.85,1981.975,0.625,0.625,30.855,0.425,0.05,0.17,0.17,0.12,0.12,0.05,0.05,0.17,0.05,
object/tangible/ship/components/weapon/wpn_mandal_annilhator_mk1.iff,MandalMotors Annihilator Mk1,W6,150,396.75,2400,12017.5,1383.135,2041.434,0.625,0.625,30.855,0.425,0.05,0.17,0.17,0.14,0.14,0.05,0.05,0.17,0.05,
object/tangible/ship/components/weapon/wpn_subpro_tripleblaster_mark2.iff,Mark II Subpro Tripleblaster,W6,214,396.75,2200,13110,1342.85,1981.975,0.625,0.625,33.426,0.408,0.05,0.17,0.17,0.12,0.12,0.05,0.05,0.17,0.05,
object/tangible/ship/components/weapon/wpn_rendili_sc3_disruptor.iff,Rendili Sc3 Disruptor,W6,45,436.425,2200,13110,1342.85,1981.975,0.625,0.625,30.855,0.425,0.05,0.17,0.17,0.12,0.12,0.05,0.05,0.17,0.05,
object/tangible/ship/components/weapon/wpn_sds_imperial_blaster_2.iff,Sienar Design Systems Imperial Blaster 2,W6,64,436.425,2200,13110,1342.85,1981.975,0.625,0.625,30.855,0.425,0.05,0.17,0.17,0.12,0.12,0.05,0.05,0.17,0.05,
object/tangible/ship/components/weapon/wpn_sfs_imperial_blaster_4.iff,Sienar Fleet Systems Imperial Blaster 4,W6,126,396.75,2000,12017.5,1208.565,1783.777,0.625,0.625,30.855,0.425,0.05,0.17,0.17,0.12,0.12,0.05,0.05,0.17,0.05,
object/tangible/ship/components/weapon/wpn_taim_kx5.iff,Taim & Bak KX5 Laser Cannon,W6,98,396.75,2200,12017.5,1342.85,1981.975,0.625,0.625,30.855,0.425,0.05,0.17,0.17,0.12,0.12,0.05,0.05,0.17,0.05,
object/tangible/ship/components/weapon/wpn_armek_sw8.iff,ArMek SW-8 Ion Cannon,W7,184,467.215,2100,17940,1432.638,2215.197,0.5,0.5,27.156,0.34,0.05,0.17,0.17,0.12,0.12,0.05,0.05,0.17,0.05,
object/tangible/ship/components/weapon/wpn_corellian_1d.iff,Corellian 1D Servo Turrets,W7,95,467.215,2300,17940,1591.82,2461.33,0.5,0.5,27.156,0.34,0.05,0.17,0.17,0.12,0.12,0.05,0.05,0.17,0.05,
object/tangible/ship/components/weapon/wpn_hk_scorcher_heavy.iff,"Hoersch-Kessel ""Scorcher Heavy""",W7,301,467.215,2300,20280,1591.82,2461.33,0.6,0.6,29.419,0.408,0.05,0.17,0.17,0.12,0.12,0.05,0.05,0.17,0.05,
object/tangible/ship/components/weapon/wpn_incom_heavy_blaster.iff,Incom Heavy Blaster,W7,110,513.9365,2300,19500,1591.82,2461.33,0.5,0.5,27.156,0.34,0.05,0.17,0.17,0.12,0.12,0.05,0.05,0.17,0.05,
object/tangible/ship/components/weapon/wpn_ionic_pulse_weapon.iff,Ionic Pulse Weapon,W7,135,420.4935,2300,16380,1830.47,2830.53,0.6,0.45,27.156,0.34,0.05,0.17,0.17,0.12,0.12,0.05,0.05,0.17,0.05,
object/tangible/ship/components/weapon/wpn_mandal_annihilator_mk2.iff,MandalMotors Annihilator Mk2,W7,111,467.215,2300,17940,1591.82,2461.33,0.5,0.5,27.156,0.34,0.05,0.17,0.17,0.12,0.12,0.05,0.05,0.17,0.05,
object/tangible/ship/components/weapon/wpn_trandoshan_fg1a.iff,Rendili FG1-A Blaster,W7,82,420.4935,2300,16380,1591.82,2461.33,0.6,0.45,27.156,0.34,0.05,0.17,0.17,0.12,0.12,0.05,0.05,0.17,0.05,
object/tangible/ship/components/weapon/wpn_rendili_sc8_disruptor.iff,Rendili Sc8 Disruptor,W7,112,467.215,2500,17940,1639.575,2535.17,0.6,0.4,27.156,0.34,0.05,0.17,0.17,0.14,0.14,0.05,0.05,0.17,0.05,
object/tangible/ship/components/weapon/wpn_mission_reward_imperial_sds_boltdriver.iff,"Sienar Design Systems ""Boltdriver""",W7,365,560.658,2800,21840,1910.184,2953.596,0.5,0.5,27.156,0.34,0.0001,0.0001,0.0001,0.0001,0.0001,0.0001,0.0001,0.0001,0.0001,
object/tangible/ship/components/weapon/wpn_sds_imperial_special_forces_cannon.iff,Sienar Design Systems Imperial Special Forces Cannon,W7,60,513.9365,2300,19500,1591.82,2461.33,0.5,0.5,27.156,0.34,0.05,0.17,0.17,0.12,0.12,0.05,0.05,0.17,0.05,
object/tangible/ship/components/weapon/wpn_seinar_ls1.iff,Sienar Fleet Systems L-s1 Laser Cannon,W7,69,467.215,2300,17940,1591.82,2461.33,0.5,0.5,27.156,0.34,0.05,0.17,0.17,0.12,0.12,0.05,0.05,0.17,0.05,
object/tangible/ship/components/weapon/wpn_subpro_tripleblaster_mark3.iff,Subpro Tripleblaster Mark3,W7,129,467.215,2300,17940,1591.82,2461.33,0.5,0.5,27.156,0.34,0.05,0.17,0.17,0.12,0.12,0.05,0.05,0.17,0.05,
object/tangible/ship/components/weapon/wpn_taim_kx5b_experimental.iff,"Taim & Bak KX5B ""Experimental"" Laser Cannon",W7,100,420.4935,2800,21840,1591.82,2461.33,0.5,0.5,18.955,0.31,0.05,0.0001,0.0001,0.0001,0.0001,0.0001,0.0001,0.0001,0.0001,
object/tangible/ship/components/weapon/wpn_taim_kx8.iff,Taim & Bak KX8 Laser Cannon,W7,179,420.4935,2300,16380,1591.82,2461.33,0.6,0.45,27.156,0.34,0.05,0.17,0.17,0.12,0.12,0.05,0.05,0.17,0.05,
object/tangible/ship/components/weapon/wpn_armek_sw7.iff,ArMek SW-7a Ion Cannon,W8,701,525.617,2300,28665,1989.775,3076.662,0.625,0.625,33.945,0.425,0.05,0.17,0.17,0.12,0.12,0.05,0.05,0.17,0.05,
object/tangible/ship/components/weapon/wpn_mission_reward_neutral_borstel_disruptor.iff,Borstel Disruptor,W8,897,700.8225,2800,38220,2387.73,3691.995,0.625,0.625,14.144,0.425,0.0001,0.0001,0.0001,0.0001,0.0001,0.0001,0.0001,0.0001,0.0001,
object/tangible/ship/components/weapon/wpn_corellian_ag1g_laser.iff,Corellian AG-1G Laser Cannons,W8,418,584.0185,2100,31395,1790.797,2768.996,0.625,0.625,33.945,0.425,0.05,0.17,0.17,0.12,0.12,0.05,0.05,0.17,0.05,
object/tangible/ship/components/weapon/wpn_cygnus_eradicator_1.iff,"Cygnus ""Eradicator 1"" Disruptor",W8,437,584.0185,2500,31395,2049.468,3168.962,0.625,0.625,33.945,0.425,0.05,0.17,0.17,0.14,0.14,0.05,0.05,0.17,0.05,
object/tangible/ship/components/weapon/wpn_gyrhil_auto_blaster.iff,Gyrhil 72 Twin Auto-Blasters,W8,327,584.0185,2300,31395,1989.775,3076.662,0.625,0.625,33.945,0.425,0.05,0.17,0.17,0.12,0.12,0.05,0.05,0.17,0.05,
object/tangible/ship/components/weapon/wpn_hk_scorcher_advanced.iff,"Hoersch-Kessel ""Scorcher Advanced""",W8,285,584.0185,2300,31395,1989.775,3076.662,0.625,0.625,33.945,0.425,0.05,0.17,0.17,0.12,0.12,0.05,0.05,0.17,0.05,
object/tangible/ship/components/weapon/wpn_mission_reward_rebel_incom_tricannon.iff,"Incom ""Tri-Cannon""",W8,934,700.8225,2800,38220,2387.73,3691.995,0.625,0.625,14.144,0.425,0.0001,0.0001,0.0001,0.0001,0.0001,0.0001,0.0001,0.0001,0.0001,
object/tangible/ship/components/weapon/wpn_mandal_heavy_annihilator.iff,MandalMotors Heavy Annihilator,W8,222,584.0185,2300,31395,1989.775,3076.662,0.625,0.625,33.945,0.425,0.05,0.17,0.17,0.12,0.12,0.05,0.05,0.17,0.05,
object/tangible/ship/components/weapon/wpn_sds_heavy_imperial_spc_forces_cannon.iff,Sienar Design Systems Heavy Imperial Special Forces Cannon,W8,740,700.8225,2300,35490,1989.775,3076.662,0.625,0.625,35.076,0.408,0.05,0.17,0.17,0.12,0.12,0.05,0.05,0.17,0.05,
object/tangible/ship/components/weapon/wpn_sfs_imperial_special_forces_blaster.iff,Sienar Fleet Systems Imperial Special Forces Blaster,W8,209,642.4205,2300,34125,1989.775,3076.662,0.625,0.625,33.945,0.425,0.05,0.17,0.17,0.12,0.12,0.05,0.05,0.17,0.05,
object/tangible/ship/components/weapon/wpn_incom_quad_blaster.iff,Subpro/Incom Quad Blaster,W8,281,584.0185,2300,31395,1989.775,3076.662,0.625,0.625,33.945,0.425,0.05,0.17,0.17,0.12,0.12,0.05,0.05,0.17,0.05,
object/tangible/ship/components/weapon/wpn_taim_heavy_laser.iff,Taim & Bak Ht-12 Heavy Laser Cannon,W8,256,584.0185,2300,31395,1989.775,3076.662,0.625,0.625,33.945,0.425,0.05,0.17,0.17,0.12,0.12,0.05,0.05,0.17,0.05,
object/tangible/ship/components/weapon/wpn_vengeance_ion_cannon.iff,Vengeance Ion Cannon,W8,265,584.0185,2300,31395,1989.775,3076.662,0.625,0.625,33.945,0.425,0.05,0.17,0.17,0.12,0.12,0.05,0.05,0.17,0.05,
object/tangible/ship/components/weapon/wpn_armek_advanced.iff,Armek Advanced,W9,72,495.171,2400,42900,1981.3,3209.45,0.6,0.45,29.868,0.34,0.05,0.17,0.17,0.12,0.12,0.05,0.05,0.17,0.05,
object/tangible/ship/components/weapon/wpn_borstel_rg9.iff,Borstel RG9 Laser Cannon,W9,105,550.19,2400,46800,1981.3,3209.45,0.5,0.5,29.868,0.34,0.05,0.17,0.17,0.12,0.12,0.05,0.05,0.17,0.05,
object/tangible/ship/components/weapon/wpn_hk_scorcher_elite.iff,"Hoersch-Kessel ""Scorcher Elite""",W9,115,550.19,2400,52650,1981.3,3209.45,0.6,0.6,32.357,0.408,0.05,0.17,0.17,0.12,0.12,0.05,0.05,0.17,0.05,
object/tangible/ship/components/weapon/wpn_kessel_rebel_incom_dualcore_flashcannon.iff,Incom Dual-Core Flashcannon,W9,137,550.19,2400,46800,1981.3,3209.45,0.5,0.5,29.868,0.34,0.05,0.17,0.17,0.12,0.12,0.05,0.05,0.17,0.05,
object/tangible/ship/components/weapon/wpn_incom_heavy_quad_blaster.iff,Incom Heavy Quad Blaster,W9,77,550.19,2400,46800,1981.3,3209.45,0.5,0.5,29.868,0.34,0.05,0.17,0.17,0.12,0.12,0.05,0.05,0.17,0.05,
object/tangible/ship/components/weapon/wpn_koensayr_ion_accelerator_advanced.iff,Koensayr Ion-Accelerator Advanced Cannon,W9,336,550.19,2600,46800,2040.739,3305.733,0.6,0.4,29.868,0.34,0.05,0.17,0.17,0.14,0.14,0.05,0.05,0.17,0.05,
object/tangible/ship/components/weapon/wpn_mandal_advanced_annihilator.iff,MandalMotors Advanced Annihilator,W9,92,550.19,2400,46800,1981.3,3209.45,0.55,0.55,29.868,0.357,0.05,0.17,0.17,0.12,0.12,0.06,0.06,0.17,0.05,
object/tangible/ship/components/weapon/wpn_kessel_imperial_rendili_prototype_x.iff,"Rendili ""Prototype X"" Disruptor",W9,384,495.171,2400,42900,1981.3,3209.45,0.6,0.45,29.868,0.34,0.05,0.17,0.17,0.12,0.12,0.05,0.05,0.17,0.05,
object/tangible/ship/components/weapon/wpn_rendili_advanced.iff,Rendili Advanced Blaster,W9,54,605.209,2400,50700,1981.3,3209.45,0.5,0.5,29.868,0.34,0.05,0.17,0.17,0.12,0.12,0.05,0.05,0.17,0.05,
object/tangible/ship/components/weapon/wpn_kessel_rebel_riiz_combine_slammer_cannon.iff,"Riiz Combine ""Slammer"" Cannon",W9,44,550.19,2400,46800,1981.3,3209.45,0.5,0.5,29.868,0.34,0.05,0.17,0.17,0.12,0.12,0.05,0.05,0.17,0.05,
object/tangible/ship/components/weapon/wpn_sds_elite.iff,Sienar Design Systems Elite Blasters,W9,53,605.209,2400,50700,1981.3,3209.45,0.5,0.5,29.868,0.34,0.05,0.17,0.17,0.12,0.12,0.05,0.05,0.17,0.05,
object/tangible/ship/components/weapon/wpn_kessel_imperial_sfs_elite_ops.iff,"Sienar Fleet Systems ""Elite Ops"" Blaster",W9,51,550.19,2400,46800,1981.3,3209.45,0.5,0.5,29.868,0.34,0.05,0.17,0.17,0.12,0.12,0.05,0.05,0.17,0.05,
object/tangible/ship/components/weapon/wpn_sfs_elite.iff,Sienar Fleet Systems Elite Cannon,W9,80,550.19,2200,46800,1783.17,2888.505,0.5,0.5,29.868,0.34,0.05,0.17,0.17,0.12,0.12,0.05,0.05,0.17,0.05,
object/tangible/ship/components/weapon/wpn_taim_kx9.iff,Taim & Bak KX9 Laser Cannon,W9,85,550.19,2400,46800,1981.3,3209.45,0.5,0.5,29.868,0.34,0.05,0.17,0.17,0.12,0.12,0.05,0.05,0.17,0.05,
object/tangible/ship/components/weapon/wpn_blastech_inferno.iff,"Blastech SG-250 ""Inferno"" Autocannon",W9,99,550.19,2400,46800,1981.3,3209.45,0.5,0.6,17.204,0.27,0.05,0.17,0.17,0.12,0.12,0.05,0.05,0.0001,0.0001,
object/tangible/ship/components/weapon/wpn_kessel_rebel_unknown_rayslinger.iff,"(Unknown Manufacturer) ""Rayslinger"" Blaster",W0,612,687.7375,2600,56400,2550.924,4132.167,0.75,0.5,37.335,0.425,0.05,0.17,0.17,0.14,0.14,0.05,0.05,0.17,0.05,
object/tangible/ship/components/weapon/wpn_armek_elite.iff,ArMek Elite Ion Cannon,W0,585,618.964,2400,51700,2476.625,4011.813,0.75,0.563,37.335,0.425,0.05,0.17,0.17,0.12,0.12,0.05,0.05,0.17,0.05,
object/tangible/ship/components/weapon/wpn_corellian_ag2g_quad_laser.iff,Corellian AG-2G Quad Laser Cannon,W0,292,687.7375,2200,56400,2228.963,3610.631,0.625,0.625,37.335,0.425,0.05,0.17,0.17,0.12,0.12,0.05,0.05,0.17,0.05,
object/tangible/ship/components/weapon/wpn_corellian_heavy_gauss.iff,Corellian Beamrail Gauss Cannon,W0,2059,687.7375,2600,56400,2550.924,4132.167,0.75,0.5,37.335,0.425,0.05,0.17,0.17,0.14,0.14,0.05,0.05,0.17,0.05,
object/tangible/ship/components/weapon/wpn_cygnus_elite.iff,Cygnus Elite Disruptor,W0,109,687.7375,2400,56400,2476.625,4011.813,0.625,0.625,37.335,0.425,0.05,0.17,0.17,0.12,0.12,0.05,0.05,0.17,0.05,
object/tangible/ship/components/weapon/wpn_gyrhil_r9x.iff,Gyrhil R-9X Laser Cannon,W0,250,756.5115,2400,61100,2476.625,4011.813,0.625,0.625,37.335,0.425,0.05,0.17,0.17,0.12,0.12,0.05,0.05,0.17,0.05,
object/tangible/ship/components/weapon/wpn_heavy_ionic_pulse_weapon.iff,Heavy Ionic Pulse Weapon,W0,64,618.964,2400,51700,2476.625,4011.813,0.563,0.75,37.335,0.425,0.05,0.17,0.17,0.12,0.12,0.05,0.05,0.17,0.05,
object/tangible/ship/components/weapon/wpn_hoersch_railgun.iff,Hoersch Railgun,W0,2165,618.964,2400,51700,2476.625,4011.813,0.563,0.75,37.335,0.425,0.05,0.17,0.17,0.12,0.12,0.05,0.05,0.17,0.05,
object/tangible/ship/components/weapon/wpn_hk_modified_scorcher_elite.iff,"Hoersch-Kessel Modified Elite ""Scorcher""",W0,305,756.5115,2400,65800,2476.625,4011.813,0.75,0.75,43.557,0.44625,0.05,0.17,0.17,0.12,0.12,0.05,0.05,0.17,0.05,
object/tangible/ship/components/weapon/wpn_vulcan_cannon.iff,"Incom ""Trandoshan Special"" Repeater Cannon",W0,458,687.7375,2200,56400,2228.963,3610.631,0.625,0.625,37.335,0.425,0.05,0.17,0.17,0.12,0.12,0.05,0.05,0.17,0.05,
object/tangible/ship/components/weapon/wpn_incom_elite_quad_blaster.iff,Incom Elite Quad Blaster,W0,208,687.7375,2400,56400,2476.625,4011.813,0.625,0.625,37.335,0.425,0.05,0.17,0.17,0.12,0.12,0.05,0.05,0.17,0.05,
object/tangible/ship/components/weapon/wpn_mandal_elite_annihilator.iff,MandalMotors Elite Annihilator,W0,434,756.5115,2400,61100,2476.625,4011.813,0.563,0.563,37.335,0.40375,0.05,0.17,0.17,0.12,0.12,0.06,0.06,0.17,0.05,
object/tangible/ship/components/weapon/wpn_kessel_imperial_sds_experimental_secret_ops.iff,"Sienar Design Systems Experimental ""Secret Ops"" Blaster",W0,299,687.7375,2400,56400,2476.625,4011.813,0.625,0.625,37.335,0.425,0.05,0.17,0.17,0.12,0.12,0.05,0.05,0.17,0.05,
object/tangible/ship/components/weapon/wpn_sds_modified_elite.iff,Sienar Design Systems Modified Elite Blaster,W0,161,687.7375,2400,56400,2476.625,4011.813,0.625,0.625,37.335,0.425,0.05,0.17,0.17,0.12,0.12,0.05,0.05,0.17,0.05,
object/tangible/ship/components/weapon/wpn_seinar_ls72.iff,Sienar Fleet Systems L-s7.2 Laser Cannon,W0,193,756.5115,2400,61100,2476.625,4011.813,0.625,0.625,37.335,0.425,0.05,0.17,0.17,0.12,0.12,0.05,0.05,0.17,0.05,
object/tangible/ship/components/weapon/wpn_taim_elite.iff,Taim & Bak Elite Blaster,W0,278,687.7375,2200,56400,2228.963,3610.631,0.625,0.625,37.335,0.425,0.05,0.17,0.17,0.12,0.12,0.05,0.05,0.17,0.05,
