default,300,43.5,37.41,136.125,136.125,136.125,1,100,100,100,100,82.5,82.5,82.5,50,200,200,200,200,5,200,200,200,200,5,200,200,,,20,20,,20,20,20,,20,,20,,wpn_generic,200,200,120,250,,,0.531,,200,200,25.6,25.6,,,0.531,,20,20,25.6,25.6,,,0.531,,20,20,25.6,25.6,,,0.531,,20,20,25.6,25.6,,,0.531,,20,20,25.6,25.6,,,0.531,,20,20,25.6,25.6,,,0.531,,20,20,25.6,25.6,,,0.531
arc170,6000,17,15,72,72,72,1.95,1592,3185,1592,3185,48,48,48,60,1592,3185,10000,10000,30,500,400,400,500,5,8000,8000,1592,3185,20,20,15,20,20,20,,20,,20,,wpn_incom_disruptor,1592,3185,4000,5400,,,0.32,,200,200,23.6,23.6,,,0.345,wpn_std_countermeasure,250,250,25,100,,,0.1,,,,,,,,,,,,,,,,,,,,,,,,,,,,,,,,,,,,,,,,
assaultship,300,43.5,37.41,41.2,41.2,41.2,1,100,100,100,100,24.1,24.1,24.1,50,200,200,200,200,5,200,200,200,200,5,800,800,,,20,20,,20,20,20,,20,,20,,wpn_generic,200,200,120,250,,,1.358,,200,200,65.536,65.536,,,1.358,,20,20,65.536,65.536,,,1.358,,20,20,65.536,65.536,,,1.358,,20,20,65.536,65.536,,,1.358,,20,20,65.536,65.536,,,1.358,,20,20,65.536,65.536,,,1.358,,20,20,65.536,65.536,,,1.358
awing,300,22.3,11.15,64.1,64.1,64.1,1.91,100,100,100,100,32.2,32.2,32.2,60,200,200,500,600,5,200,200,200,200,5,500,500,,,20,20,,20,20,20,,20,,20,,wpn_awing_blaster,200,200,180,250,,,0.509,wpn_slayn_imagerec_missile_s01,200,200,24.576,24.576,,,3,,20,20,24.576,24.576,,,0.509,,20,20,24.576,24.576,,,0.509,,20,20,24.576,24.576,,,0.509,,20,20,24.576,24.576,,,0.509,,20,20,24.576,24.576,,,0.509,,20,20,24.576,24.576,,,0.509
blacksun_heavy_s01,519,12.2,15.67,43,43,43,1.91,300,300,100,100,21,21,21,42,500,800,600,800,5,500,400,400,500,5,700,700,,,20,20,,20,20,20,,20,,20,,wpn_incom_disruptor,200,200,320,410,,,0.345,wpn_incom_disruptor,200,200,23.6,23.6,,,0.345,wpn_incom_disruptor,20,20,23.6,23.6,,,0.345,wpn_xwing_missile_s01,200,200,471,1543,0.9,0.23,6,wpn_std_countermeasure,250,250,25,100,,,0.1,,,,,,,,,,,,,,,,,,,,,,,,
blacksun_heavy_s02,519,12.2,15.67,43,43,43,1.91,300,300,100,100,21,21,21,42,500,800,600,800,5,500,400,400,500,5,700,700,,,20,20,,20,20,20,,20,,20,,wpn_incom_disruptor,200,200,320,410,,,0.345,wpn_incom_disruptor,200,200,23.6,23.6,,,0.345,wpn_incom_disruptor,20,20,23.6,23.6,,,0.345,wpn_xwing_missile_s01,200,200,471,1543,0.9,0.23,6,wpn_std_countermeasure,250,250,25,100,,,0.1,,,,,,,,,,,,,,,,,,,,,,,,
blacksun_heavy_s03,519,12.2,15.67,43,43,43,1.91,300,300,100,100,21,21,21,42,500,800,600,800,5,500,400,400,500,5,700,700,,,20,20,,20,20,20,,20,,20,,wpn_incom_disruptor,200,200,320,410,,,0.345,wpn_incom_disruptor,200,200,23.6,23.6,,,0.345,wpn_incom_disruptor,20,20,23.6,23.6,,,0.345,wpn_xwing_missile_s01,200,200,471,1543,0.9,0.23,6,wpn_std_countermeasure,250,250,25,100,,,0.1,,,,,,,,,,,,,,,,,,,,,,,,
blacksun_heavy_s04,519,12.2,15.67,43,43,43,1.91,300,300,100,100,21,21,21,42,500,800,600,800,5,500,400,400,500,5,700,700,,,20,20,,20,20,20,,20,,20,,wpn_incom_disruptor,200,200,320,410,,,0.345,wpn_incom_disruptor,200,200,23.6,23.6,,,0.345,wpn_incom_disruptor,20,20,23.6,23.6,,,0.345,wpn_xwing_missile_s01,200,200,471,1543,0.9,0.23,6,wpn_std_countermeasure,250,250,25,100,,,0.1,,,,,,,,,,,,,,,,,,,,,,,,
blacksun_light_s01,519,16.8,8.4,61,61,61,1.81,300,300,100,100,34,34,34,55,500,400,300,500,5,500,400,400,500,5,300,300,,,20,20,,20,20,20,,20,,20,,wpn_incom_disruptor,200,200,120,250,,,0.345,,,,,,,,,,,,,,,,,,,,,,,,,,,,,,,,,,,,,,,,,,,,,,,,,,,,,,,,
blacksun_light_s02,519,16.8,8.4,61,61,61,1.81,300,300,100,100,34,34,34,55,500,400,300,500,5,500,400,400,500,5,300,300,,,20,20,,20,20,20,,20,,20,,wpn_incom_disruptor,200,200,120,250,,,0.345,,,,,,,,,,,,,,,,,,,,,,,,,,,,,,,,,,,,,,,,,,,,,,,,,,,,,,,,
blacksun_light_s03,519,16.8,8.4,61,61,61,1.81,300,300,100,100,34,34,34,55,500,400,300,500,5,500,400,400,500,5,300,300,,,20,20,,20,20,20,,20,,20,,wpn_incom_disruptor,200,200,120,250,,,0.345,,,,,,,,,,,,,,,,,,,,,,,,,,,,,,,,,,,,,,,,,,,,,,,,,,,,,,,,
blacksun_light_s04,519,16.8,8.4,61,61,61,1.81,300,300,100,100,34,34,34,55,500,400,300,500,5,500,400,400,500,5,300,300,,,20,20,,20,20,20,,20,,20,,wpn_incom_disruptor,200,200,120,250,,,0.345,,,,,,,,,,,,,,,,,,,,,,,,,,,,,,,,,,,,,,,,,,,,,,,,,,,,,,,,
blacksun_medium_s01,519,16.8,8.4,61,61,61,1.81,300,300,100,100,34,34,34,55,500,400,300,500,5,500,400,400,500,5,300,300,,,20,20,,,,,,,,,,wpn_incom_disruptor,200,200,120,250,,,0.345,wpn_incom_disruptor,200,200,120,250,,,0.345,,,,,,,,,wpn_std_countermeasure,250,250,25,100,,,0.1,,,,,,,,,,,,,,,,,,,,,,,,,,,,,,,,
blacksun_medium_s02,519,16.8,8.4,61,61,61,1.81,300,300,100,100,34,34,34,55,500,400,300,500,5,500,400,400,500,5,300,300,,,20,20,,,,,,,,,,wpn_incom_disruptor,200,200,120,250,,,0.345,wpn_incom_disruptor,200,200,120,250,,,0.345,,,,,,,,,wpn_std_countermeasure,250,250,25,100,,,0.1,,,,,,,,,,,,,,,,,,,,,,,,,,,,,,,,
blacksun_medium_s03,519,16.8,8.4,61,61,61,1.81,300,300,100,100,34,34,34,55,500,400,300,500,5,500,400,400,500,5,300,300,,,20,20,,,,,,,,,,wpn_incom_disruptor,200,200,120,250,,,0.345,wpn_incom_disruptor,200,200,120,250,,,0.345,,,,,,,,,wpn_std_countermeasure,250,250,25,100,,,0.1,,,,,,,,,,,,,,,,,,,,,,,,,,,,,,,,
blacksun_medium_s04,519,16.8,8.4,61,61,61,1.81,300,300,100,100,34,34,34,55,500,400,300,500,5,500,400,400,500,5,300,300,,,20,20,,,,,,,,,,wpn_incom_disruptor,200,200,120,250,,,0.345,wpn_incom_disruptor,200,200,120,250,,,0.345,,,,,,,,,wpn_std_countermeasure,250,250,25,100,,,0.1,,,,,,,,,,,,,,,,,,,,,,,,,,,,,,,,
bwing,300,16.2,8.1,52.7,52.7,52.7,1.76,100,100,100,100,22.3,22.3,22.3,48,200,200,600,700,5,200,200,200,200,5,800,800,,,20,20,,20,20,20,,20,,20,,wpn_bwing_blaster,200,200,200,310,,,0.679,wpn_bwing_blaster,200,200,32.768,32.768,,,0.679,wpn_bwing_blaster,20,20,32.768,32.768,,,0.679,wpn_bwing_blaster,20,20,32.768,32.768,,,0.679,,20,20,32.768,32.768,,,0.679,,20,20,32.768,32.768,,,0.679,,20,20,32.768,32.768,,,0.679,,20,20,32.768,32.768,,,0.679
civshuttle,300,26.1,22.446,20.6,20.6,20.6,1,100,100,100,100,16.2,16.2,16.2,30,200,200,200,200,5,200,200,200,200,5,200,200,,,20,20,,20,20,20,,20,,20,,wpn_generic,200,200,120,250,,,0.17,,200,200,8.192,8.192,,,0.17,,20,20,8.192,8.192,,,0.17,,20,20,8.192,8.192,,,0.17,,20,20,8.192,8.192,,,0.17,,20,20,8.192,8.192,,,0.17,,20,20,8.192,8.192,,,0.17,,20,20,8.192,8.192,,,0.17
civspeeder,300,34.8,29.928,43.8,43.8,43.8,1,100,100,100,100,21.3,21.3,21.3,40,200,200,200,200,5,200,200,200,200,5,200,200,,,20,20,,20,20,20,,20,,20,,wpn_generic,200,200,120,250,,,0.085,,200,200,4.096,4.096,,,0.085,,20,20,4.096,4.096,,,0.085,,20,20,4.096,4.096,,,0.085,,20,20,4.096,4.096,,,0.085,,20,20,4.096,4.096,,,0.085,,20,20,4.096,4.096,,,0.085,,20,20,4.096,4.096,,,0.085
civtaxi,300,43.5,37.41,25.3,25.3,25.3,1,100,100,100,100,19.1,19.1,19.1,50,200,200,200,200,5,200,200,200,200,5,200,200,,,20,20,,20,20,20,,20,,20,,wpn_generic,200,200,120,250,,,0.127,,200,200,6.144,6.144,,,0.127,,20,20,6.144,6.144,,,0.127,,20,20,6.144,6.144,,,0.127,,20,20,6.144,6.144,,,0.127,,20,20,6.144,6.144,,,0.127,,20,20,6.144,6.144,,,0.127,,20,20,6.144,6.144,,,0.127
civtransport,300,26.1,22.446,21.3,21.3,21.3,1.65,100,100,100,100,14.2,14.2,14.2,30,200,200,200,200,5,200,200,200,200,5,200,200,,,20,20,,20,20,20,,20,,20,,wpn_generic,200,200,120,250,,,0.064,,200,200,3.072,3.072,,,0.064,,20,20,3.072,3.072,,,0.064,,20,20,3.072,3.072,,,0.064,,20,20,3.072,3.072,,,0.064,,20,20,3.072,3.072,,,0.064,,20,20,3.072,3.072,,,0.064,,20,20,3.072,3.072,,,0.064
corvette,60000,8,8,3,3,3,1.76,5000,10000,5000,10000,3,3,3,32,5000,10000,20000,20000,50,5000,10000,20000,20000,40,15000,15000,5000,10000,20,5000,,20,5000,5000,5000,10000,10000,10000,10000,wpn_corvette_turret_sm_s01,4000,8000,520,640,,,0.471,wpn_corvette_turret_sm_s01,4000,8000,520,640,,,0.471,wpn_corvette_turret_sm_s01,4000,8000,520,640,,,0.471,wpn_corvette_turret_sm_s01,4000,8000,520,640,,,0.471,wpn_corvette_turret_sm_s01,4000,8000,520,640,,,0.471,wpn_corvette_turret_sm_s01,4000,8000,520,640,,,0.471,wpn_corvette_turret_sm_s01,4000,8000,520,640,,,0.471,wpn_corvette_turret_sm_s01,4000,8000,520,640,,,0.471
corvette_ep3,15250,8,8,3,3,3,1.76,2275,6200,2275,6200,3,3,3,32,2275,6200,2400,2400,18,1275,4200,1200,1200,18,1590,1590,1590,4760,200,4760,,20,1200,1000,1400,1200,1450,1170,1560,wpn_corvette_turret_sm_s01,1000,1200,520,640,,,0.471,wpn_corvette_turret_sm_s01,1000,1200,520,640,,,0.471,wpn_corvette_turret_sm_s01,1000,1200,520,640,,,0.471,wpn_corvette_turret_sm_s01,1000,1200,520,640,,,0.471,wpn_corvette_turret_sm_s01,1000,1200,520,640,,,0.471,wpn_corvette_turret_sm_s01,1000,1200,520,640,,,0.471,wpn_corvette_turret_sm_s01,1000,1200,520,640,,,0.471,wpn_corvette_turret_sm_s01,1000,1200,520,640,,,0.471
corvette_interior,30000,8,8,3,3,3,1.76,2000,5000,2000,5000,3,3,3,32,3000,10000,6000,6000,50,3000,5000,3000,3000,40,5000,5000,1000,5000,20,5000,,20,5000,5000,5000,10000,10000,2000,2000,wpn_corvette_turret_sm_s01,600,1000,520,640,,,0.471,wpn_corvette_turret_sm_s01,600,1000,520,640,,,0.471,wpn_corvette_turret_sm_s01,600,1000,520,640,,,0.471,wpn_corvette_turret_sm_s01,600,1000,520,640,,,0.471,wpn_corvette_turret_sm_s01,600,1000,520,640,,,0.471,wpn_corvette_turret_sm_s01,600,1000,520,640,,,0.471,wpn_corvette_turret_sm_s01,600,1000,520,640,,,0.471,wpn_corvette_turret_sm_s01,600,1000,520,640,,,0.471
decimator,654,8.1,12.4,43.2,43.2,43.2,1.81,100,100,100,100,21.4,21.4,21.4,46,500,400,600,600,5,500,400,400,500,5,700,700,,,20,20,,20,20,20,,20,,20,,wpn_incom_disruptor,200,200,320,340,,,0.429,,200,200,15.488,15.488,,,0.429,,20,20,15.488,15.488,,,0.429,,20,20,15.488,15.488,,,0.429,,20,20,15.488,15.488,,,0.429,,20,20,15.488,15.488,,,0.429,,20,20,15.488,15.488,,,0.429,,20,20,15.488,15.488,,,0.429
droid_fighter,519,10.2,4.5,60,60,60,1.81,300,300,100,100,32,32,32,45,500,400,300,400,5,500,400,400,500,5,200,200,,,20,20,,20,20,20,,20,,20,,wpn_z95_blaster,200,200,120,250,,,0.345,,200,200,23.6,23.6,,,0.345,,20,20,23.6,23.6,,,0.345,,20,20,23.6,23.6,,,0.345,,20,20,23.6,23.6,,,0.345,,20,20,23.6,23.6,,,0.345,,20,20,23.6,23.6,,,0.345,,20,20,23.6,23.6,,,0.345
escape_pod,400,10.2,4.5,51,51,51,1.68,300,300,100,100,21,21,21,45,500,400,200,200,4,500,400,2876,2876,4,200,200,,,20,20,,20,20,20,,20,,20,,wpn_incom_disruptor,200,200,470,500,,,0.345,,200,200,471,1543,0.9,0.23,8.98,,20,20,23.6,23.6,,,0.345,,20,20,23.6,23.6,,,0.345,,20,20,23.6,23.6,,,0.345,,20,20,23.6,23.6,,,0.345,,20,20,23.6,23.6,,,0.345,,20,20,23.6,23.6,,,0.345
firespray,519,28.2,14.1,106.165,47,106.165,1.76,100,100,100,100,56.1,28,56.1,57,500,400,600,800,5,500,400,400,500,5,600,600,,,20,20,,20,20,20,,20,,20,,wpn_incom_disruptor,200,200,210,320,,,0.345,wpn_incom_disruptor,200,200,23.6,23.6,,,0.345,,20,20,23.6,23.6,,,0.345,,20,20,23.6,23.6,,,0.345,,20,20,23.6,23.6,,,0.345,,20,20,23.6,23.6,,,0.345,,20,20,23.6,23.6,,,0.345,,20,20,23.6,23.6,,,0.345
freighterheavy,300,17.4,14.964,20,20,20,2,100,100,100,100,12,12,12,12,200,200,600,800,5,200,200,200,200,5,800,800,,,20,20,,20,20,20,,20,,20,,wpn_generic,200,200,320,600,,,0.679,,200,200,32.768,32.768,,,0.679,,20,20,32.768,32.768,,,0.679,,20,20,32.768,32.768,,,0.679,,20,20,32.768,32.768,,,0.679,,20,20,32.768,32.768,,,0.679,,20,20,32.768,32.768,,,0.679,,20,20,32.768,32.768,,,0.679
freighterlight,300,34.8,29.928,24,24,24,2,100,100,100,100,19,19,19,20,200,200,300,600,5,200,200,200,200,5,500,500,,,20,20,,20,20,20,,20,,20,,wpn_generic,200,200,240,480,,,0.17,,200,200,8.192,8.192,,,0.17,,20,20,8.192,8.192,,,0.17,,20,20,8.192,8.192,,,0.17,,20,20,8.192,8.192,,,0.17,,20,20,8.192,8.192,,,0.17,,20,20,8.192,8.192,,,0.17,,20,20,8.192,8.192,,,0.17
freightermedium,300,26.1,22.446,22,22,22,2,100,100,100,100,16,16,16,16,200,200,400,700,5,200,200,200,200,5,600,600,,,20,20,,20,20,20,,20,,20,,wpn_generic,200,200,300,510,,,0.34,,200,200,16.384,16.384,,,0.34,,20,20,16.384,16.384,,,0.34,,20,20,16.384,16.384,,,0.34,,20,20,16.384,16.384,,,0.34,,20,20,16.384,16.384,,,0.34,,20,20,16.384,16.384,,,0.34,,20,20,16.384,16.384,,,0.34
hutt_light_s01,519,16.8,8.4,61,61,61,1.81,300,300,100,100,34,34,34,55,500,400,300,500,5,500,400,400,500,5,300,300,,,20,20,,20,20,20,,20,,20,,wpn_incom_disruptor,200,200,120,250,,,0.345,,200,200,23.6,23.6,,,0.345,,20,20,23.6,23.6,,,0.345,,20,20,23.6,23.6,,,0.345,,20,20,23.6,23.6,,,0.345,,20,20,23.6,23.6,,,0.345,,20,20,23.6,23.6,,,0.345,,20,20,23.6,23.6,,,0.345
hutt_light_s02,519,16.8,8.4,61,61,61,1.81,300,300,100,100,34,34,34,55,500,400,300,500,5,500,400,400,500,5,300,300,,,20,20,,20,20,20,,20,,20,,wpn_incom_disruptor,200,200,120,250,,,0.345,,200,200,23.6,23.6,,,0.345,,20,20,23.6,23.6,,,0.345,,20,20,23.6,23.6,,,0.345,,20,20,23.6,23.6,,,0.345,,20,20,23.6,23.6,,,0.345,,20,20,23.6,23.6,,,0.345,,20,20,23.6,23.6,,,0.345
hutt_medium_s01,519,12.2,15.67,55,55,55,1.85,300,300,100,100,28,28,28,46,500,400,400,700,5,500,400,400,500,5,500,500,,,20,20,,20,20,20,,20,,20,,wpn_incom_disruptor,200,200,210,320,,,0.345,,200,200,23.6,23.6,,,0.345,,20,20,23.6,23.6,,,0.345,,20,20,23.6,23.6,,,0.345,,20,20,23.6,23.6,,,0.345,,20,20,23.6,23.6,,,0.345,,20,20,23.6,23.6,,,0.345,,20,20,23.6,23.6,,,0.345
hutt_medium_s02,519,12.2,15.67,55,55,55,1.85,300,300,100,100,28,28,28,46,500,400,400,700,5,500,400,400,500,5,500,500,,,20,20,,20,20,20,,20,,20,,wpn_incom_disruptor,200,200,210,320,,,0.345,,200,200,23.6,23.6,,,0.345,,20,20,23.6,23.6,,,0.345,,20,20,23.6,23.6,,,0.345,,20,20,23.6,23.6,,,0.345,,20,20,23.6,23.6,,,0.345,,20,20,23.6,23.6,,,0.345,,20,20,23.6,23.6,,,0.345
hutt_heavy_s01,519,12.2,15.67,43,43,43,1.91,300,300,100,100,21,21,21,42,500,800,600,800,5,500,400,400,500,5,700,700,,,20,20,,20,20,20,,20,,20,,wpn_incom_disruptor,200,200,320,410,,,0.345,wpn_incom_disruptor,200,200,23.6,23.6,,,0.345,wpn_incom_disruptor,20,20,23.6,23.6,,,0.345,,20,20,23.6,23.6,,,0.345,,20,20,23.6,23.6,,,0.345,,20,20,23.6,23.6,,,0.345,,20,20,23.6,23.6,,,0.345,,20,20,23.6,23.6,,,0.345
hutt_heavy_s02,519,12.2,15.67,43,43,43,1.91,300,300,100,100,21,21,21,42,500,800,600,800,5,500,400,400,500,5,700,700,,,20,20,,20,20,20,,20,,20,,wpn_incom_disruptor,200,200,320,410,,,0.345,wpn_incom_disruptor,200,200,23.6,23.6,,,0.345,wpn_incom_disruptor,20,20,23.6,23.6,,,0.345,,20,20,23.6,23.6,,,0.345,,20,20,23.6,23.6,,,0.345,,20,20,23.6,23.6,,,0.345,,20,20,23.6,23.6,,,0.345,,20,20,23.6,23.6,,,0.345
imperial_gunboat,30000,8,8,3,3,3,1.76,2000,5000,2000,5000,3,3,3,32,3000,10000,6000,6000,50,3000,5000,3000,3000,40,5000,5000,1000,5000,20,5000,,20,5000,2000,2000,2000,2000,2000,2000,wpn_tieadvanced_blaster,200,200,100,150,,,0.356,wpn_tieadvanced_blaster,200,200,100,150,,,0.356,wpn_tieadvanced_blaster,200,200,100,150,,,0.356,wpn_tieadvanced_blaster,200,200,100,150,,,0.356,wpn_tieadvanced_blaster,200,200,100,150,,,0.356,wpn_tieadvanced_blaster,200,200,100,150,,,0.356,,,,,,,,,,,,,,,,
lambdashuttle,300,26.1,22.446,43,43,43,2,100,100,100,100,21,21,21,36,200,200,700,900,5,200,200,200,200,5,800,800,,,20,20,,20,20,20,,20,,20,,wpn_tieadvanced_blaster,200,200,220,360,,,1.125,wpn_tieadvanced_blaster,200,200,54.272,54.272,,,1.125,,20,20,54.272,54.272,,,1.125,,20,20,54.272,54.272,,,1.125,,20,20,54.272,54.272,,,1.125,,20,20,54.272,54.272,,,1.125,,20,20,54.272,54.272,,,1.125,,20,20,54.272,54.272,,,1.125
nebulon,30000,2,1,3,3,0,1,100,5000,100,5000,3,3,0,10,200,5000,200,200,5,200,5000,200,200,5,5000,5000,,5000,20,5000,,20,5000,20,,20,,20,,wpn_capitalship_turret_test,200,200,10,20,,,0.345,wpn_capitalship_turret_test,200,200,10,20,,,0.345,,20,5000,10,20,,,0.679,,20,5000,10,20,,,0.679,,20,5000,10,20,,,0.679,,20,5000,10,20,,,0.679,,20,5000,10,20,,,0.679,,20,5000,10,20,,,0.679
player_advanced_xwing,6000,17,15,72,72,72,1.95,1592,3185,1592,3185,78,78,78,93,1592,3185,10000,10000,30,500,400,3654,3654,4,8000,8000,1592,3185,900,900,40,900,900,20,,20,,20,,wpn_incom_blaster,1592,3185,4000,5400,,,0.4,wpn_incom_blaster,1592,3185,4000,5400,,,0.4,,200,200,471,1543,0.9,0.23,6,wpn_xwing_missile_s01,1592,3185,4000,5400,0.9,0.23,0.32,wpn_std_countermeasure,250,250,25,100,,,0.1,,20,20,23.6,23.6,,,0.345,,20,20,23.6,23.6,,,0.345,,20,20,23.6,23.6,,,0.345
player_advanced_z95,1442,13.4,10.2,68,55,84,1.91,300,300,100,100,50,32,64,45,500,400,876,876,4,500,400,2876,2876,4,400,400,,,20,20,15,20,20,20,,20,,20,,wpn_z95_blaster,200,200,470,500,,,0.345,wpn_xwing_missile_s01,200,200,471,1543,0.9,0.23,8.98,wpn_std_countermeasure,250,250,25,100,,,0.1,,20,20,23.6,23.6,,,0.345,,20,20,23.6,23.6,,,0.345,,20,20,23.6,23.6,,,0.345,,20,20,23.6,23.6,,,0.345,,600,20,520,640,,,0.471
player_arc170,6000,17,15,72,72,72,1.95,1592,3185,1592,3185,48,48,48,60,1592,3185,10000,10000,30,500,400,400,500,5,8000,8000,1592,3185,20,20,15,20,20,20,,20,,20,,wpn_incom_disruptor,1592,3185,4000,5400,,,0.32,wpn_incom_disruptor,1592,3185,4000,5400,,,0.32,wpn_incom_disruptor,1592,3185,4000,5400,,,0.32,,,,,,,,,,,,,,,,,,,,,,,,,,,,,,,,,,,,,,,,
player_awing,1125,16.2,11.15,70,68,74,1.68,300,300,100,100,56,52,54,60,500,400,610,610,4,500,400,2412,2412,4,376,376,,,,,,20,20,20,,20,,20,,wpn_awing_blaster,200,200,350,510,,,0.345,wpn_slayn_imagerec_missile_s01,200,200,321,732,0.78,0.32,9.32,wpn_std_countermeasure,250,250,25,100,,,0.1,,20,20,23.6,23.6,,,0.345,,20,20,23.6,23.6,,,0.345,,20,20,23.6,23.6,,,0.345,,20,20,23.6,23.6,,,0.345,,20,20,23.6,23.6,,,0.345
player_basic_hutt_light,400,13.8,12.5,72,72,76,1.95,100,200,100,200,48,48,52,42,100,200,300,300,2,,,,,,250,250,100,200,,,,100,200,20,,20,,20,,wpn_z95_basic,100,200,330,420,,,0.345,,,,,,,,,wpn_std_countermeasure,100,200,40,70,,,0.1,,,,,,,,,,,,,,,,,,,,,,,,,,,,,,,,,,,,,,,,
player_basic_tiefighter,400,16,14,72,72,76,1.95,100,200,100,200,48,48,52,50,,,,,,,,,,,650,650,100,200,,,,100,200,20,,20,,20,,wpn_tiefighter_basic,100,200,330,420,,,0.345,,,,,,,,,wpn_std_countermeasure,100,200,40,70,,,0.1,,,,,,,,,,,,,,,,,,,,,,,,,,,,,,,,,,,,,,,,
player_basic_z95,400,13.8,12.5,72,72,76,1.95,100,200,100,200,48,48,52,42,100,200,300,300,2,,,,,,250,250,100,200,,,,100,200,20,,20,,20,,wpn_z95_basic,100,200,330,420,,,0.345,,,,,,,,,wpn_std_countermeasure,100,200,40,70,,,0.1,,,,,,,,,,,,,,,,,,,,,,,,,,,,,,,,,,,,,,,,
player_blacksun_heavy_s01,519,12.2,15.67,43,43,43,1.91,300,300,100,100,21,21,21,42,500,800,600,800,5,500,400,400,500,5,700,700,,,20,20,,20,20,20,,20,,20,,wpn_incom_disruptor,200,200,320,410,,,0.345,wpn_incom_disruptor,200,200,23.6,23.6,,,0.345,wpn_incom_disruptor,20,20,23.6,23.6,,,0.345,,,,,,,,,wpn_std_countermeasure,250,250,25,100,,,0.1,,,,,,,,,,,,,,,,,,,,,,,,
player_blacksun_heavy_s02,519,12.2,15.67,43,43,43,1.91,300,300,100,100,21,21,21,42,500,800,600,800,5,500,400,400,500,5,700,700,,,20,20,,20,20,20,,20,,20,,wpn_incom_disruptor,200,200,320,410,,,0.345,wpn_incom_disruptor,200,200,23.6,23.6,,,0.345,wpn_incom_disruptor,20,20,23.6,23.6,,,0.345,wpn_xwing_missile_s01,,,,,,,,wpn_std_countermeasure,250,250,25,100,,,0.1,,,,,,,,,,,,,,,,,,,,,,,,
player_blacksun_heavy_s03,519,12.2,15.67,43,43,43,1.91,300,300,100,100,21,21,21,42,500,800,600,800,5,500,400,400,500,5,700,700,,,20,20,,20,20,20,,20,,20,,wpn_incom_disruptor,200,200,320,410,,,0.345,wpn_incom_disruptor,200,200,23.6,23.6,,,0.345,wpn_incom_disruptor,20,20,23.6,23.6,,,0.345,wpn_xwing_missile_s01,,,,,,,,wpn_std_countermeasure,250,250,25,100,,,0.1,,,,,,,,,,,,,,,,,,,,,,,,
player_blacksun_heavy_s04,519,12.2,15.67,43,43,43,1.91,300,300,100,100,21,21,21,42,500,800,600,800,5,500,400,400,500,5,700,700,,,20,20,,20,20,20,,20,,20,,wpn_incom_disruptor,200,200,320,410,,,0.345,wpn_incom_disruptor,200,200,23.6,23.6,,,0.345,wpn_incom_disruptor,20,20,23.6,23.6,,,0.345,wpn_xwing_missile_s01,,,,,,,,wpn_std_countermeasure,250,250,25,100,,,0.1,,,,,,,,,,,,,,,,,,,,,,,,
player_blacksun_light_s01,519,16.8,8.4,61,61,61,1.81,300,300,100,100,34,34,34,55,500,400,300,500,5,500,400,400,500,5,300,300,,,20,20,,20,20,20,,20,,20,,wpn_incom_disruptor,200,200,120,250,,,0.345,,,,,,,,,,,,,,,,,,,,,,,,,,,,,,,,,,,,,,,,,,,,,,,,,,20,,23.6,23.6,,,0.345
player_blacksun_light_s02,519,16.8,8.4,61,61,61,1.81,300,300,100,100,34,34,34,55,500,400,300,500,5,500,400,400,500,5,300,300,,,20,20,,20,20,20,,20,,20,,wpn_incom_disruptor,200,200,120,250,,,0.345,,,,,,,,,,,,,,,,,,,,,,,,,,,,,,,,,,,,,,,,,,,,,,,,,,20,,23.6,23.6,,,0.345
player_blacksun_light_s03,519,16.8,8.4,61,61,61,1.81,300,300,100,100,34,34,34,55,500,400,300,500,5,500,400,400,500,5,300,300,,,20,20,,20,20,20,,20,,20,,wpn_incom_disruptor,200,200,120,250,,,0.345,,,,,,,,,,,,,,,,,,,,,,,,,,,,,,,,,,,,,,,,,,,,,,,,,,20,,23.6,23.6,,,0.345
player_blacksun_light_s04,519,16.8,8.4,61,61,61,1.81,300,300,100,100,34,34,34,55,500,400,300,500,5,500,400,400,500,5,300,300,,,20,20,,20,20,20,,20,,20,,wpn_incom_disruptor,200,200,120,250,,,0.345,,,,,,,,,,,,,,,,,,,,,,,,,,,,,,,,,,,,,,,,,,,,,,,,,,20,,23.6,23.6,,,0.345
player_blacksun_medium_s01,519,16.8,8.4,61,61,61,1.81,300,300,100,100,34,34,34,55,500,400,300,500,5,500,400,400,500,5,300,300,,,20,20,,,,,,,,,,wpn_incom_disruptor,200,200,120,250,,,0.345,wpn_incom_disruptor,200,200,120,250,,,0.345,,,,,,,,,wpn_std_countermeasure,250,250,25,100,,,0.1,,,,,,,,,,,,,,,,,,,,,,,,,,,,,,,,
player_blacksun_medium_s02,519,16.8,8.4,61,61,61,1.81,300,300,100,100,34,34,34,55,500,400,300,500,5,500,400,400,500,5,300,300,,,20,20,,,,,,,,,,wpn_incom_disruptor,200,200,120,250,,,0.345,wpn_incom_disruptor,200,200,120,250,,,0.345,,,,,,,,,wpn_std_countermeasure,250,250,25,100,,,0.1,,,,,,,,,,,,,,,,,,,,,,,,,,,,,,,,
player_blacksun_medium_s03,519,16.8,8.4,61,61,61,1.81,300,300,100,100,34,34,34,55,500,400,300,500,5,500,400,400,500,5,300,300,,,20,20,,,,,,,,,,wpn_incom_disruptor,200,200,120,250,,,0.345,wpn_incom_disruptor,200,200,120,250,,,0.345,,,,,,,,,wpn_std_countermeasure,250,250,25,100,,,0.1,,,,,,,,,,,,,,,,,,,,,,,,,,,,,,,,
player_blacksun_medium_s04,519,16.8,8.4,61,61,61,1.81,300,300,100,100,34,34,34,55,500,400,300,500,5,500,400,400,500,5,300,300,,,20,20,,,,,,,,,,wpn_incom_disruptor,200,200,120,250,,,0.345,wpn_incom_disruptor,200,200,120,250,,,0.345,,,,,,,,,wpn_std_countermeasure,250,250,25,100,,,0.1,,,,,,,,,,,,,,,,,,,,,,,,,,,,,,,,
player_blacksun_vaksai,519,16.8,8.4,61,61,61,1.81,300,300,100,100,34,34,34,55,500,400,300,500,5,500,400,400,500,5,300,300,,,20,20,,20,20,20,,20,,20,,wpn_incom_disruptor,200,200,120,250,,,0.345,,,,,,,,,,,,,,,,,,,,,,,,,,,,,,,,,,,,,,,,,,,,,,,,,,,,,,,,
player_bwing,1765,16.2,12.3,48,38,52,1.72,300,300,100,100,32,22,42,48,500,400,1510,1510,4,500,400,3216,3216,4,650,650,,,20,20,15,20,20,20,,20,,20,,wpn_bwing_blaster,200,200,610,810,,,0.345,wpn_bwing_blaster,200,200,890,1532,0.62,0.54,0.345,wpn_bwing_blaster,20,20,23.6,23.6,,,0.345,wpn_bwing_blaster,20,20,23.6,23.6,,,0.345,wpn_std_countermeasure,250,250,25,100,,,10,,20,20,23.6,23.6,,,0.345,,20,20,23.6,23.6,,,0.345,,20,20,23.6,23.6,,,0.345
player_decimator,5000,14.4,13.7,76,38,82,1.85,400,400,100,100,54,21,54,65,500,400,1623,1623,3,500,400,4212,4212,3,1100,1100,,,20,20,15,20,20,20,,20,,20,,wpn_incom_disruptor,200,200,750,1500,,,0.345,wpn_incom_disruptor,200,200,618.7221,986.3164,,,0.345,wpn_xwing_missile_s01,20,20,23.6,23.6,,,6,wpn_std_countermeasure,250,250,25,100,,,0.1,,20,20,23.6,23.6,,,0.345,,20,20,23.6,23.6,,,0.345,,20,20,23.6,23.6,,,0.345,,20,20,23.6,23.6,,,0.345
player_firespray,1650,28.2,14.1,92,87,96,1.68,100,100,100,100,70,50,80,57,500,400,1400,1400,5,500,400,400,500,5,200,200,,,20,20,15,20,20,20,,20,,20,,wpn_incom_disruptor,200,200,120,250,,,0.345,wpn_incom_disruptor,200,200,23.6,23.6,,,0.345,wpn_std_countermeasure,250,250,25,100,,,0.1,,20,20,23.6,23.6,,,0.345,,20,20,23.6,23.6,,,0.345,,20,20,23.6,23.6,,,0.345,,20,20,23.6,23.6,,,0.345,,20,20,23.6,23.6,,,0.345
player_grievous_starship,1500,28.2,14.1,92,87,96,1.91,100,100,100,100,70,50,80,57,500,400,1400,1400,5,500,400,400,500,5,200,200,,,20,20,15,20,20,20,,20,,20,,wpn_incom_disruptor,200,200,120,250,,,0.345,wpn_incom_disruptor,200,200,23.6,23.6,,,0.345,,,,,,,,,,,,,,,,,,,,,,,,,,,,,,,,,,,,,,,,,,,,,,,,
player_gunship_imperial,5000,14.4,13.7,76,38,82,1.85,400,400,100,100,54,21,54,65,500,400,1623,1623,3,500,400,4212,4212,3,1100,1100,,,20,20,15,20,20,20,,20,,20,,wpn_incom_disruptor,200,200,750,1500,,,0.345,wpn_incom_disruptor,200,200,618.7221,986.3164,,,0.345,wpn_incom_disruptor,200,200,618.7221,986.3164,,,0.345,wpn_incom_disruptor,200,200,618.7221,986.3164,,,0.345,wpn_incom_disruptor,200,200,618.7221,986.3164,,,0.345,wpn_incom_disruptor,200,200,618.7221,986.3164,,,0.345,wpn_incom_disruptor,200,200,618.7221,986.3164,,,0.345,wpn_incom_disruptor,200,200,618.7221,986.3164,,,0.345
player_gunship_neutral,5000,14.4,13.7,76,38,82,1.85,400,400,100,100,54,21,54,65,500,400,1623,1623,3,500,400,4212,4212,3,1100,1100,,,20,20,15,20,20,20,,20,,20,,wpn_incom_disruptor,200,200,750,1500,,,0.345,wpn_incom_disruptor,200,200,618.7221,986.3164,,,0.345,wpn_incom_disruptor,200,200,618.7221,986.3164,,,0.345,wpn_incom_disruptor,200,200,618.7221,986.3164,,,0.345,wpn_incom_disruptor,200,200,618.7221,986.3164,,,0.345,wpn_incom_disruptor,200,200,618.7221,986.3164,,,0.345,wpn_incom_disruptor,200,200,618.7221,986.3164,,,0.345,wpn_incom_disruptor,200,200,618.7221,986.3164,,,0.345
player_gunship_rebel,5000,14.4,13.7,76,38,82,1.85,400,400,100,100,54,21,54,65,500,400,1623,1623,3,500,400,4212,4212,3,1100,1100,,,20,20,15,20,20,20,,20,,20,,wpn_incom_disruptor,200,200,750,1500,,,0.345,wpn_incom_disruptor,200,200,618.7221,986.3164,,,0.345,wpn_incom_disruptor,200,200,618.7221,986.3164,,,0.345,wpn_incom_disruptor,200,200,618.7221,986.3164,,,0.345,wpn_incom_disruptor,200,200,618.7221,986.3164,,,0.345,wpn_incom_disruptor,200,200,618.7221,986.3164,,,0.345,wpn_incom_disruptor,200,200,618.7221,986.3164,,,0.345,wpn_incom_disruptor,200,200,618.7221,986.3164,,,0.345
player_hutt_light_s01,6000,17,15,72,72,72,1.95,1592,3185,1592,3185,48,48,48,60,1592,3185,10000,10000,30,500,400,400,500,5,8000,8000,1592,3185,20,20,15,20,20,20,,20,,20,,wpn_incom_disruptor,1592,3185,4000,5400,,,0.32,,200,200,23.6,23.6,,,0.345,wpn_std_countermeasure,250,250,25,100,,,0.1,,20,20,23.6,23.6,,,0.345,,20,20,23.6,23.6,,,0.345,,20,20,23.6,23.6,,,0.345,,20,20,23.6,23.6,,,0.345,,20,20,23.6,23.6,,,0.345
player_hutt_light_s02,1340,16.8,14.3,82,73,82,1.75,300,300,100,100,60,40,60,55,500,400,870,870,5,500,400,400,500,5,200,200,,,20,20,15,20,20,20,,20,,20,,wpn_incom_disruptor,200,200,120,250,,,0.345,,200,200,23.6,23.6,,,0.345,wpn_std_countermeasure,250,250,25,100,,,0.1,,20,20,23.6,23.6,,,0.345,,20,20,23.6,23.6,,,0.345,,20,20,23.6,23.6,,,0.345,,20,20,23.6,23.6,,,0.345,,20,20,23.6,23.6,,,0.345
player_hutt_medium_s01,1512,12.2,15.67,71,77,82,1.76,300,300,100,100,46,28,53,46,500,400,980,980,5,500,400,400,500,5,200,200,,,20,20,15,20,20,20,,20,,20,,wpn_incom_disruptor,200,200,120,250,,,0.345,,200,200,23.6,23.6,,,0.345,wpn_std_countermeasure,250,250,25,100,,,0.1,,20,20,23.6,23.6,,,0.345,,20,20,23.6,23.6,,,0.345,,20,20,23.6,23.6,,,0.345,,20,20,23.6,23.6,,,0.345,,20,20,23.6,23.6,,,0.345
player_hutt_medium_s02,1512,12.2,15.67,71,77,82,1.76,300,300,100,100,46,28,53,46,500,400,980,980,5,500,400,400,500,5,200,200,,,20,20,15,20,20,20,,20,,20,,wpn_incom_disruptor,200,200,120,250,,,0.345,,200,200,23.6,23.6,,,0.345,wpn_std_countermeasure,250,250,25,100,,,0.1,,20,20,23.6,23.6,,,0.345,,20,20,23.6,23.6,,,0.345,,20,20,23.6,23.6,,,0.345,,20,20,23.6,23.6,,,0.345,,20,20,27.648,27.648,,,0.573
player_hutt_heavy_s01,6000,17,15,72,72,72,1.95,1592,3185,1592,3185,48,48,48,60,1592,3185,10000,10000,30,500,400,400,500,5,8000,8000,1592,3185,20,20,15,20,20,20,,20,,20,,wpn_incom_disruptor,1592,3185,4000,5400,,,0.32,wpn_incom_disruptor,1592,3185,4000,5400,,,0.32,wpn_incom_disruptor,1592,3185,4000,5400,,,0.32,,20,20,23.6,23.6,,,0.345,wpn_std_countermeasure,250,250,25,100,,,10,,20,20,23.6,23.6,,,0.345,,20,20,23.6,23.6,,,0.345,,20,20,27.648,27.648,,,0.573
player_hutt_heavy_s02,1512,12.2,15.67,61,41,61,1.76,300,300,100,100,41,21,41,46,500,400,980,980,5,500,400,400,500,5,200,200,,,20,20,15,20,20,20,,20,,20,,wpn_incom_disruptor,200,200,120,250,,,0.345,wpn_incom_disruptor,200,200,23.6,23.6,,,0.345,wpn_incom_disruptor,20,20,23.6,23.6,,,0.345,,20,20,23.6,23.6,,,0.345,wpn_std_countermeasure,250,250,25,100,,,10,,20,20,23.6,23.6,,,0.345,,20,20,23.6,23.6,,,0.345,,20,20,24.576,24.576,,,0.509
player_hutt_turret_ship,1512,12.2,15.67,61,41,61,1.76,300,300,100,100,41,21,41,46,500,400,980,980,5,500,400,400,500,5,200,200,,,20,20,15,20,20,20,,20,,20,,wpn_incom_disruptor,200,200,120,250,,,0.345,wpn_incom_disruptor,200,200,23.6,23.6,,,0.345,wpn_incom_disruptor,20,20,23.6,23.6,,,0.345,wpn_incom_disruptor,20,20,23.6,23.6,,,0.345,wpn_std_countermeasure,250,250,25,100,,,10,,20,20,23.6,23.6,,,0.345,,20,20,23.6,23.6,,,0.345,,20,20,24.576,24.576,,,0.509
player_prototype_hutt_light,800,14.2,12.5,72,72,76,1.95,100,200,100,200,48,48,52,45,100,200,300,300,2,,,,,,250,250,100,200,,,,,,,,,,,,wpn_prototype,100,200,330,420,,,0.345,,,,,,,,,,,,,,,,,,,,,,,,,,,,,,,,,,,,,,,,,,,,,,,,,,,,,,,,
player_prototype_tiefighter,800,16,14,72,72,76,1.95,100,200,100,200,48,48,52,50,100,200,300,300,2,,,,,,250,250,100,200,,,,,,,,,,,,wpn_prototype_tie,100,200,330,420,,,0.345,,,,,,,,,,,,,,,,,,,,,,,,,,,,,,,,,,,,,,,,,,,,,,,,,,,,,,,,
player_prototype_z95,800,14.2,12.5,72,72,76,1.95,100,200,100,200,48,48,52,45,100,200,300,300,2,,,,,,250,250,100,200,,,,,,,,,,,,wpn_prototype,100,200,330,420,,,0.345,,,,,,,,,,,,,,,,,,,,,,,,,,,,,,,,,,,,,,,,,,,,,,,,,,,,,,,,
player_jedi_starfighter,1512,12.2,15.67,71,77,82,1.76,300,300,100,100,46,28,53,46,500,400,980,980,5,500,400,400,500,5,200,200,,,20,20,15,20,20,20,,20,,20,,wpn_incom_disruptor,200,200,120,250,,,0.345,wpn_incom_disruptor,200,200,120,250,,,0.345,,,,,,,,,,,,,,,,,,,,,,,,,,,,,,,,,,,,,,,,,,,,,,,,
player_naboo_n1,1125,16.2,11.15,70,68,74,1.68,300,300,100,100,56,52,54,60,500,400,610,610,4,500,400,2412,2412,4,376,376,,,20,20,15,20,20,20,,20,,20,,wpn_awing_blaster,200,200,350,510,,,0.345,wpn_slayn_imagerec_missile_s01,200,200,321,732,0.78,0.32,9.32,wpn_std_countermeasure,250,250,25,100,,,0.1,,20,20,23.6,23.6,,,0.345,,20,20,23.6,23.6,,,0.345,,20,20,23.6,23.6,,,0.345,,20,20,23.6,23.6,,,0.345,,20,20,23.6,23.6,,,0.345
player_sorosuub_space_yacht,1512,12.2,15.67,61,41,61,1.76,300,300,100,100,41,21,41,46,500,400,980,980,5,500,400,400,500,5,200,200,,,20,20,15,,,,,,,,,,,,,,,,,,,,,,,,,,,,,,,,,,,,,,,,,,,,,,,,,,,,,,,,,,,,,,,,,,,,,,,,
player_test_falcon,1942,12.2,8.21,50,50,50,1.85,400,400,100,100,50,50,50,35,500,400,1300,1300,3,500,400,4212,4212,3,1100,1100,,,20,20,,20,20,20,,20,,20,,wpn_generic,200,200,610,920,,,0.345,,200,200,23.6,23.6,,,0.345,,20,20,23.6,23.6,,,0.345,,20,20,23.6,23.6,,,0.345,,20,20,23.6,23.6,,,0.345,,20,20,23.6,23.6,,,0.345,,20,20,23.6,23.6,,,0.345,,20,20,24.576,24.576,,,0.509
player_tieadvanced,1462.5,21.4,14.6,71,59,83,1.82,300,300,300,300,58,42,62,52,300,300,996,996,6,300,300,3210,3210,6,400,400,,,20,20,15,20,20,20,,20,,20,,wpn_tieadvanced_blaster,200,200,470,610,,,0.356,wpn_sienar_heatseeker_missile_s01,200,200,754,1432,0.6,0.43,12.43,wpn_std_countermeasure,250,250,25,100,,,10,,20,20,27.648,27.648,,,0.573,,20,20,27.648,27.648,,,0.573,,20,20,27.648,27.648,,,0.573,,20,20,27.648,27.648,,,0.573,,20,20,24.576,24.576,,,0.509
player_tieadvanced_modified,1462.5,21.4,14.6,71,59,83,1.82,300,300,300,300,58,42,62,52,300,300,996,996,6,300,300,3210,3210,6,400,400,,,20,20,15,20,20,20,,20,,20,,wpn_tieadvanced_blaster,200,200,470,610,,,0.356,wpn_sienar_heatseeker_missile_s01,200,200,754,1432,0.6,0.43,12.43,wpn_std_countermeasure,250,250,25,100,,,10,,20,20,27.648,27.648,,,0.573,,20,20,27.648,27.648,,,0.573,,20,20,27.648,27.648,,,0.573,,20,20,27.648,27.648,,,0.573,,20,20,24.576,24.576,,,0.509
player_tieaggressor,1643.2,18.3,16.9,53,53,53,1.75,300,300,300,300,32,32,32,46,300,300,1121,1121,9,300,300,3210,3210,6,400,400,,,20,20,15,20,20,20,,20,,20,,wpn_tieadvanced_blaster,200,200,470,610,,,0.356,wpn_tieadvanced_blaster,200,200,470,610,,,0.356,,20,20,27.648,27.648,,,0.573,wpn_std_countermeasure,250,250,25,100,,,0.1,,20,20,27.648,27.648,,,0.573,,20,20,27.648,27.648,,,0.573,,20,20,27.648,27.648,,,0.573,,20,20,27.648,27.648,,,0.573
player_tiebomber,2131,20.2,16.12,61,41,61,1.88,300,300,300,300,41,21,41,50,300,300,1254,1254,0,300,300,0,0,0,400,400,,,20,20,15,20,20,20,,20,,20,,wpn_generic,200,200,510,580,,,0.287,wpn_generic,200,200,510,580,0.8,0.56,0.287,wpn_seinar_concussion_missile_s01,20,20,23.6,23.6,,,0.345,wpn_seinar_concussion_missile_s01,20,20,23.6,23.6,,,0.345,wpn_std_countermeasure,250,250,25,100,,,0.1,,20,20,24.576,24.576,,,0.509,,20,20,24.576,24.576,,,0.509,,20,20,24.576,24.576,,,0.509
player_tiefighter,1350,16.8,15.4,82,73,82,1.78,300,300,300,300,60,40,66,48,300,300,0,0,0,300,300,0,0,0,400,400,,,20,20,,20,20,20,,20,,20,,wpn_generic,200,200,510,580,,,0.287,wpn_seinar_concussion_missile_s01,200,200,512,823,0.8,0.56,9.23,wpn_std_countermeasure,250,250,25,100,,,0.1,,20,20,24.576,24.576,,,0.509,,20,20,24.576,24.576,,,0.509,,20,20,24.576,24.576,,,0.509,,20,20,24.576,24.576,,,0.509,,20,20,27.648,27.648,,,0.573
player_tiefighter_modified,1350,16.8,15.4,82,73,82,1.78,300,300,300,300,60,40,66,48,300,300,0,0,0,300,300,0,0,0,400,400,,,20,20,,20,20,20,,20,,20,,wpn_generic,200,200,510,580,,,0.287,wpn_seinar_concussion_missile_s01,200,200,512,823,0.8,0.56,9.23,wpn_std_countermeasure,250,250,25,100,,,0.1,,20,20,24.576,24.576,,,0.509,,20,20,24.576,24.576,,,0.509,,20,20,24.576,24.576,,,0.509,,20,20,24.576,24.576,,,0.509,,20,20,27.648,27.648,,,0.573
player_tie_in,1350,16.8,15.4,82,73,82,1.78,300,300,300,300,60,40,66,48,300,300,0,0,0,300,300,0,0,0,400,400,,,20,20,,20,20,20,,20,,20,,wpn_generic,200,200,510,580,,,0.287,wpn_seinar_concussion_missile_s01,200,200,512,823,0.8,0.56,9.23,wpn_std_countermeasure,250,250,25,100,,,0.1,,20,20,24.576,24.576,,,0.509,,20,20,24.576,24.576,,,0.509,,20,20,24.576,24.576,,,0.509,,20,20,24.576,24.576,,,0.509,,20,20,23.6,23.6,,,0.345
player_tieinterceptor,6000,17,15,72,72,72,1.95,1592,3185,1592,3185,48,48,48,60,1592,3185,10000,10000,30,300,300,2865,2865,8,8000,8000,1592,3185,20,20,15,20,20,20,,20,,20,,wpn_generic,1592,3185,4000,5400,,,0.32,wpn_sienar_heatseeker_missile_s01,1592,3185,10000,12000,0.9,0.76,1,wpn_std_countermeasure,250,250,25,100,,,0.1,,1592,3185,4000,5400,,,0.32,,20,20,27.648,27.648,,,0.573,,20,20,27.648,27.648,,,0.573,,20,20,27.648,27.648,,,0.573,,20,20,23.6,23.6,,,0.345
player_tieinterceptor_imperial_guard,6000,17,15,72,72,72,1.95,1592,3185,1592,3185,48,48,48,60,1592,3185,10000,10000,30,300,300,2865,2865,8,8000,8000,1592,3185,20,20,15,20,20,20,,20,,20,,wpn_generic,1592,3185,4000,5400,,,0.32,wpn_sienar_heatseeker_missile_s01,1592,3185,10000,12000,0.9,0.76,1,wpn_std_countermeasure,250,250,25,100,,,0.1,,1592,3185,4000,5400,,,0.32,,20,20,27.648,27.648,,,0.573,,20,20,27.648,27.648,,,0.573,,20,20,27.648,27.648,,,0.573,,20,20,23.6,23.6,,,0.345
player_tie_light_duty,1350,16.8,15.4,82,73,82,1.78,300,300,300,300,60,40,66,48,300,300,0,0,0,300,300,0,0,0,400,400,,,20,20,,20,20,20,,20,,20,,wpn_generic,200,200,510,580,,,0.287,wpn_seinar_concussion_missile_s01,200,200,512,823,0.8,0.56,9.23,wpn_std_countermeasure,250,250,25,100,,,0.1,,20,20,24.576,24.576,,,0.509,,20,20,24.576,24.576,,,0.509,,20,20,24.576,24.576,,,0.509,,20,20,24.576,24.576,,,0.509,,20,20,23.6,23.6,,,0.345
player_tieoppressor,1765,33.7,40.1,71,71,71,1.78,300,300,300,300,32,32,32,60,300,300,1099,1099,8,300,300,2865,2865,8,500,500,,,20,20,15,20,20,20,,20,,20,,wpn_tieadvanced_blaster,200,200,550,650,,,0.318,wpn_sienar_heatseeker_missile_s01,200,200,657,1210,0.9,0.76,14.52,wpn_std_countermeasure,250,250,25,100,,,0.1,,20,20,27.648,27.648,,,0.573,,20,20,27.648,27.648,,,0.573,,20,20,27.648,27.648,,,0.573,,20,20,27.648,27.648,,,0.573,,20,20,23.6,23.6,,,0.345
player_vwing,2100,18,16,73,69,75,1.98,310,310,200,200,59,53,55,75,510,410,620,620,8,510,410,2520,2520,6,410,405,,,20,20,15,20,20,20,,20,,20,,wpn_generic,200,200,472,615,,,0.36,wpn_slayn_imagerec_missile_s01,200,200,326,736,0.78,0.32,9.35,wpn_std_countermeasure,250,250,25,100,,,0.1,,20,20,24.576,24.576,,,0.509,,20,20,24.576,24.576,,,0.509,,20,20,24.576,24.576,,,0.509,,20,20,24.576,24.576,,,0.509,,20,20,23.6,23.6,,,0.345
player_xwing,6000,17,15,72,72,72,1.95,1592,3185,1592,3185,78,78,78,93,1592,3185,10000,10000,30,500,400,3654,3654,4,8000,8000,1592,3185,900,900,40,900,900,20,,20,,20,,wpn_incom_blaster,1592,3185,4000,5400,,,0.4,wpn_incom_blaster,1592,3185,4000,5400,,,0.4,,200,200,471,1543,0.9,0.23,6,wpn_xwing_missile_s01,1592,3185,4000,5400,0.9,0.23,0.32,wpn_std_countermeasure,250,250,25,100,,,0.1,,20,20,23.6,23.6,,,0.345,,20,20,23.6,23.6,,,0.345,,20,20,23.6,23.6,,,0.345
player_y8_mining_ship,5000,14.4,13.7,76,38,82,1.85,400,400,100,100,54,21,54,65,500,400,1623,1623,3,500,400,4212,4212,3,1100,1100,,,20,20,15,20,20,20,,20,,20,,wpn_tractor_pulse_gun,200,200,618.7221,986.3164,,,0.345,wpn_incom_disruptor,200,200,750,1500,,,0.345,wpn_mining_laser_mk2,500,300,750,1500,,,0.345,wpn_incom_disruptor,200,200,750,1500,,,0.345,wpn_incom_disruptor,200,200,750,1500,,,0.345,,,,,,,,,,,,,,,,,,,,,,,,
player_ykl37r,5000,14.4,13.7,76,38,82,1.85,400,400,100,100,54,21,54,65,500,400,1623,1623,3,500,400,4212,4212,3,1100,1100,,,20,20,15,20,20,20,,20,,20,,wpn_incom_disruptor,200,200,750,1500,,,0.345,wpn_incom_disruptor,200,200,618.7221,986.3164,,,0.345,wpn_xwing_missile_s01,20,20,23.6,23.6,,,6,wpn_std_countermeasure,250,250,25,100,,,0.1,,20,20,23.6,23.6,,,0.345,,20,20,23.6,23.6,,,0.345,,20,20,23.6,23.6,,,0.345,,20,20,23.6,23.6,,,0.345
player_yt1300,5000,14.4,13.7,76,38,82,1.85,400,400,100,100,54,21,54,65,500,400,1623,1623,3,500,400,4212,4212,3,1100,1100,,,20,20,15,20,20,20,,20,,20,,wpn_incom_disruptor,200,200,750,1500,,,0.345,wpn_incom_disruptor,200,200,618.7221,986.3164,,,0.345,wpn_xwing_missile_s01,20,20,23.6,23.6,,,6,wpn_std_countermeasure,20,20,23.6,23.6,,,0.345,,20,20,23.6,23.6,,,0.345,,20,20,23.6,23.6,,,0.345,,20,20,23.6,23.6,,,0.345,,20,20,23.6,23.6,,,0.345
player_yt2400,5000,14.4,13.7,76,38,82,1.85,400,400,100,100,54,21,54,65,500,400,1623,1623,3,500,400,4212,4212,3,1100,1100,,,20,20,15,20,20,20,,20,,20,,wpn_incom_disruptor,200,200,750,1500,,,0.345,wpn_incom_disruptor,200,200,618.7221,986.3164,,,0.345,wpn_xwing_missile_s01,20,20,23.6,23.6,,,6,,,,,,,,,wpn_std_countermeasure,20,20,23.6,23.6,,,0.345,,20,20,23.6,23.6,,,0.345,,20,20,23.6,23.6,,,0.345,,20,20,23.6,23.6,,,0.345
player_ywing,1942,12.9,11.2,42,62,72,1.85,400,400,100,100,30,38,48,34,500,400,1243,1243,3,500,400,4212,4212,3,1100,1100,,,20,20,15,20,20,20,,20,,20,,wpn_incom_disruptor,200,200,610,830,,,0.345,wpn_incom_disruptor,200,200,322,1877,0.5,0.8,16.23,wpn_seinar_concussion_missile_s01,20,20,23.6,23.6,,,0.345,wpn_std_countermeasure,250,250,25,100,,,0.1,,20,20,23.6,23.6,,,0.345,,20,20,23.6,23.6,,,0.345,,20,20,23.6,23.6,,,0.345,,,20,,,,,
player_ywing_longprobe,1942,12.9,11.2,42,62,72,1.85,400,400,100,100,30,38,48,34,500,400,1243,1243,3,500,400,4212,4212,3,1100,1100,,,20,20,15,20,20,20,,20,,20,,wpn_incom_disruptor,200,200,610,830,,,0.345,wpn_incom_disruptor,200,200,322,1877,0.5,0.8,16.23,wpn_seinar_concussion_missile_s01,20,20,23.6,23.6,,,0.345,wpn_std_countermeasure,250,250,25,100,,,0.1,,20,20,23.6,23.6,,,0.345,,20,20,23.6,23.6,,,0.345,,20,20,23.6,23.6,,,0.345,,600,20,520,640,,,0.471
player_z95,1442,13.4,10.2,68,55,84,1.91,300,300,100,100,50,32,64,45,500,400,876,876,4,500,400,2876,2876,4,400,400,,,20,20,15,20,20,20,,20,,20,,wpn_z95_blaster,200,200,470,500,,,0.345,wpn_xwing_missile_s01,200,200,471,1543,0.9,0.23,8.98,wpn_std_countermeasure,250,250,25,100,,,0.1,,20,20,23.6,23.6,,,0.345,,20,20,23.6,23.6,,,0.345,,20,20,23.6,23.6,,,0.345,,20,20,23.6,23.6,,,0.345,,600,20,520,640,,,0.471
probe_droid_pod,400,10.2,4.5,22,22,22,1.82,300,300,100,100,14,14,14,45,500,400,200,200,4,500,400,2876,2876,4,400,400,,,20,20,,20,20,20,,20,,20,,,200,200,470,500,,,0.345,,200,200,471,1543,0.9,0.23,8.98,,20,20,23.6,23.6,,,0.345,,20,20,23.6,23.6,,,0.345,,20,20,23.6,23.6,,,0.345,,20,20,23.6,23.6,,,0.345,,20,20,23.6,23.6,,,0.345,,600,20,520,640,,,0.471
rebel_gunboat,30000,8,8,3,3,3,1.76,2000,5000,2000,5000,3,3,3,32,3000,10000,6000,60000,50,3000,5000,3000,3000,40,5000,5000,1000,5000,20,5000,,20,5000,2000,2000,2000,2000,2000,2000,wpn_incom_blaster,200,200,100,150,,,0.345,wpn_incom_blaster,200,200,100,150,,,0.345,wpn_incom_blaster,200,200,100,150,,,0.345,,,,,,,,,,,,,,,,,,,,,,,,,,,,,,,,,,20,,32.768,32.768,,,0.679
sorosuub_space_yacht,1512,12.2,15.67,61,41,61,1.76,300,300,100,100,41,21,41,46,500,400,980,980,5,500,400,400,500,5,200,200,,,20,20,15,,,,,,,,,,,,,,,,,,,,,,,,,,,,,,,,,,,,,,,,,,,,,,,,,,,,,,,,,,,,,,,,,,,,,,,,
spacestation_avatar_platform,30000,8,8,3,3,3,1.76,2000,5000,2000,5000,3,3,3,32,3000,10000,6000,6000,50,3000,5000,3000,3000,40,5000,5000,1000,5000,20,5000,,20,5000,2000,2000,2000,2000,2000,2000,,,,,,,,,,,,,,,,,,,,,,,,,,,,,,,,,,,,,,,,,,,,,,,,,,,,,,,,,,,,,,,,
spacestation_ord_mantell_dungeon,30000,8,8,3,3,3,1.76,2000,5000,2000,5000,3,3,3,32,3000,10000,6000,6000,50,3000,5000,3000,3000,40,5000,5000,1000,5000,20,5000,,20,5000,2000,2000,2000,2000,2000,2000,,,,,,,,,,,,,,,,,,,,,,,,,,,,,,,,,,,,,,,,,,,,,,,,,,,,,,,,,,,,,,,,
spacestation_imperial,30000,8,8,3,3,3,1.76,2000,5000,2000,5000,3,3,3,32,3000,10000,6000,6000,50,3000,5000,3000,3000,40,5000,5000,1000,5000,20,5000,,20,5000,2000,2000,2000,2000,2000,2000,,,,,,,,,,,,,,,,,,,,,,,,,,,,,,,,,,,,,,,,,,,,,,,,,,,,,,,,,,,,,,,,
spacestation_neutral,30000,8,8,3,3,3,1.76,2000,5000,2000,5000,3,3,3,32,3000,10000,6000,6000,50,3000,5000,3000,3000,40,5000,5000,1000,5000,20,5000,,20,5000,2000,2000,2000,2000,2000,2000,,,,,,,,,,,,,,,,,,,,,,,,,,,,,,,,,,,,,,,,,,,,,,,,,,,,,,,,,,,,,,,,
spacestation_rebel,30000,,,,,,1.76,2000,5000,,,,,,,50000,50000,50000,50000,50,50000,50000,50000,50000,40,50000,50000,50000,50000,20,5000,,20,5000,200000,200000,200000,200000,200000,200000,,,,,,,,,,,,,,,,,,,,,,,,,,,,,,,,,,,,,,,,,,,,,,,,,,,,,,,,,,,,,,,,
spacestation_mining_outpost,30000,,,,,,1.76,2000,5000,,,,,,,50000,50000,50000,50000,50,50000,50000,50000,50000,40,50000,50000,50000,50000,20,5000,,20,5000,200000,200000,200000,200000,200000,200000,,,,,,,,,,,,,,,,,,,,,,,,,,,,,,,,,,,,,,,,,,,,,,,,,,,,,,,,,,,,,,,,
spacestation_trade_fed,30000,,,,,,1.76,2000,5000,,,,,,,50000,50000,50000,50000,50,50000,50000,50000,50000,40,50000,50000,50000,50000,20,5000,,20,5000,200000,200000,200000,200000,200000,200000,,,,,,,,,,,,,,,,,,,,,,,,,,,,,,,,,,,,,,,,,,,,,,,,,,,,,,,,,,,,,,,,
spacestation_corsec,30000,,,,,,1.76,2000,5000,,,,,,,50000,50000,50000,50000,50,50000,50000,50000,50000,40,50000,50000,50000,50000,20,5000,,20,5000,200000,200000,200000,200000,200000,200000,,,,,,,,,,,,,,,,,,,,,,,,,,,,,,,,,,,,,,,,,,,,,,,,,,,,,,,,,,,,,,,,
spacestation_rsf,30000,,,,,,1.76,2000,5000,,,,,,,50000,50000,50000,50000,50,50000,50000,50000,50000,40,50000,50000,50000,50000,20,5000,,20,5000,200000,200000,200000,200000,200000,200000,,,,,,,,,,,,,,,,,,,,,,,,,,,,,,,,,,,,,,,,,,,,,,,,,,,,,,,,,,,,,,,,
spacestation_rebel_outpost,30000,,,,,,1.76,2000,5000,,,,,,,,,,,,,,,,,,,,,,,,,,,,,,,,,,,,,,,,,,,,,,,,,,,,,,,,,,,,,,,,,,,,,,,,,,,,,,,,,,,,,,,,,,,,,,,
spacestation_imperial_outpost,30000,,,,,,1.76,2000,5000,,,,,,,,,,,,,,,,,,,,,,,,,,,,,,,,,,,,,,,,,,,,,,,,,,,,,,,,,,,,,,,,,,,,,,,,,,,,,,,,,,,,,,,,,,,,,,,
star_destroyer,100000,0,0,0,0,0,1.88,25000,50000,25000,50000,0,0,0,0,25000,50000,75000,75000,5,25000,50000,75000,75000,5,25000,25000,25000,50000,20,20,,20,20,200000,200000,200000,200000,200000,200000,,,,,,,,,,,,,,,,,,,,,,,,,,,,,,,,,,,,,,,,,,,,,,,,,,,,,,,,,,,,,,,,
star_destroyer_heroic,100000,0,0,0,0,0,1.88,25000,50000,25000,50000,0,0,0,0,25000,50000,75000,75000,5,25000,50000,75000,75000,5,25000,25000,25000,50000,20,20,,20,20,200000,200000,200000,200000,200000,200000,,,,,,,,,,,,,,,,,,,,,,,,,,,,,,,,,,,,,,,,,,,,,,,,,,,,,,,,,,,,,,,,
test_falcon,300,23.5,15.67,22,22,22,1.85,100,100,100,100,14,14,14,45,200,200,200,200,5,200,200,200,200,5,200,200,,,20,20,,20,20,20,,20,,20,,wpn_incom_disruptor,200,200,120,250,,,0.265,,200,200,12.8,12.8,,,0.265,,20,20,12.8,12.8,,,0.265,,20,20,12.8,12.8,,,0.265,,20,20,12.8,12.8,,,0.265,,20,20,12.8,12.8,,,0.265,,20,20,12.8,12.8,,,0.265,,20,20,24.576,24.576,,,0.509
tieadvanced,322,21.4,10.7,54.3,54.3,54.3,1.84,100,100,100,100,28.1,28.1,28.1,52,200,200,400,700,5,200,200,200,200,5,500,500,,,20,20,,20,20,20,,20,,20,,wpn_generic,200,200,210,320,,,0.573,wpn_sienar_heatseeker_missile_s01,200,200,27.648,27.648,,,3,,20,20,27.648,27.648,,,0.573,,20,20,27.648,27.648,,,0.573,,20,20,27.648,27.648,,,0.573,,20,20,27.648,27.648,,,0.573,,20,20,27.648,27.648,,,0.573,,20,20,24.576,24.576,,,0.509
tieaggressor,322,12.5,6.25,42.1,42.1,42.1,1.78,100,100,100,100,18.3,18.3,18.3,46,200,200,500,800,5,200,200,200,200,5,600,600,,,20,20,,20,20,20,,20,,20,,wpn_generic,200,200,240,360,,,0.573,wpn_sienar_heatseeker_missile_s01,200,200,27.648,27.648,,,4,,20,20,27.648,27.648,,,0.573,,20,20,27.648,27.648,,,0.573,,20,20,27.648,27.648,,,0.573,,20,20,27.648,27.648,,,0.573,,20,20,27.648,27.648,,,0.573,,20,20,27.648,27.648,,,0.573
tiebomber,544,20.2,16.12,24.4,24.4,24.4,1.75,100,100,100,100,12.4,12.4,12.4,50,200,200,700,900,5,200,200,200,200,5,800,800,,,20,20,,20,20,20,,20,,20,,wpn_generic,200,200,310,420,,,0.679,wpn_seinar_concussion_missile_s01,200,200,32.768,32.768,,,2,wpn_seinar_concussion_missile_s01,20,20,32.768,32.768,,,2,,20,20,32.768,32.768,,,0.679,,20,20,32.768,32.768,,,0.679,,20,20,32.768,32.768,,,0.679,,20,20,32.768,32.768,,,0.679,,20,20,24.576,24.576,,,0.509
tiefighter,412,14.2,6.3,51.8,51.8,51.8,1.75,100,100,100,100,26.5,26.5,26.5,48,200,200,0,0,5,200,200,200,200,5,500,500,,,20,20,,20,20,20,,20,,20,,wpn_generic,200,200,180,220,,,0.509,wpn_seinar_concussion_missile_s01,200,200,24.576,24.576,,,3,wpn_std_countermeasure,20,20,24.576,24.576,,,1,,20,20,24.576,24.576,,,0.509,,20,20,24.576,24.576,,,0.509,,20,20,24.576,24.576,,,0.509,,20,20,24.576,24.576,,,0.509,,20,20,27.648,27.648,,,0.573
tie_in,412,14.2,6.3,51.8,51.8,51.8,1.75,100,100,100,100,26.5,26.5,26.5,48,200,200,0,0,5,200,200,200,200,5,500,500,,,20,20,,20,20,20,,20,,20,,wpn_generic,200,200,180,220,,,0.509,wpn_seinar_concussion_missile_s01,200,200,24.576,24.576,,,3,wpn_std_countermeasure,20,20,24.576,24.576,,,1,,20,20,24.576,24.576,,,0.509,,20,20,24.576,24.576,,,0.509,,20,20,24.576,24.576,,,0.509,,20,20,24.576,24.576,,,0.509,,20,20,23.6,23.6,,,0.345
tieinterceptor,341,23.5,11.75,64.1,64.1,64.1,1.75,100,100,100,100,32.2,32.2,32.2,60,500,400,300,300,5,500,400,400,500,5,600,600,,,20,20,,20,20,20,,20,,20,,wpn_tieadvanced_blaster,200,200,220,340,,,0.573,wpn_sienar_heatseeker_missile_s01,200,200,27.648,27.648,,,4,,20,20,27.648,27.648,,,0.573,,20,20,27.648,27.648,,,0.573,,20,20,27.648,27.648,,,0.573,,20,20,27.648,27.648,,,0.573,,20,20,27.648,27.648,,,0.573,,20,20,12.8,12.8,,,0.265
tie_light_duty,412,14.2,6.3,51.8,51.8,51.8,1.75,100,100,100,100,26.5,26.5,26.5,48,200,200,0,0,5,200,200,200,200,5,500,500,,,20,20,,20,20,20,,20,,20,,wpn_generic,200,200,180,220,,,0.509,wpn_seinar_concussion_missile_s01,200,200,24.576,24.576,,,3,wpn_std_countermeasure,20,20,24.576,24.576,,,1,,20,20,24.576,24.576,,,0.509,,20,20,24.576,24.576,,,0.509,,20,20,24.576,24.576,,,0.509,,20,20,24.576,24.576,,,0.509,,20,20,15.488,15.488,,,0.429
tieoppressor,341,23.5,11.75,22.3,22.3,22.3,1.75,100,100,100,100,10.1,10.1,10.1,60,500,400,500,600,5,500,400,400,500,5,700,700,,,20,20,,20,20,20,,20,,20,,wpn_tieadvanced_blaster,200,200,310,450,,,0.573,wpn_seinar_concussion_missile_s01,200,200,27.648,27.648,,,2,,20,20,27.648,27.648,,,0.573,,20,20,27.648,27.648,,,0.573,,20,20,27.648,27.648,,,0.573,,20,20,27.648,27.648,,,0.573,,20,20,27.648,27.648,,,0.573,,20,20,15.488,15.488,,,0.429
xwing,519,12.1,3.2,55.9,55.9,55.9,1.75,100,100,100,100,28.6,28.6,28.6,49,500,400,500,600,5,500,400,400,500,5,500,500,,,20,20,,20,20,20,,20,,20,,wpn_incom_blaster,200,200,190,230,,,0.345,wpn_incom_disruptor,200,200,23.6,23.6,,,0.345,wpn_incom_proton_missile_s01,20,20,23.6,23.6,,,3,,20,20,23.6,23.6,,,0.345,,20,20,23.6,23.6,,,0.345,,20,20,23.6,23.6,,,0.345,,20,20,23.6,23.6,,,0.345,,20,20,15.488,15.488,,,0.429
xwing_s02,210,23.5,16.12,55.9,55.9,55.9,2,100,100,100,100,28.6,28.6,28.6,70,500,400,400,500,5,500,400,400,500,5,500,500,,,20,20,,20,20,20,,20,,20,,wpn_incom_blaster,200,200,190,230,,,0.265,,200,200,12.8,12.8,,,0.265,wpn_incom_proton_missile_s01,20,20,12.8,12.8,,,4,,20,20,12.8,12.8,,,0.265,,20,20,12.8,12.8,,,0.265,,20,20,12.8,12.8,,,0.265,,20,20,12.8,12.8,,,0.265,,20,20,23.6,23.6,,,0.345
ykl37r,654,8.1,12.4,43.2,43.2,43.2,1.81,100,100,100,100,21.4,21.4,21.4,46,500,400,600,600,5,500,400,400,500,5,700,700,,,20,20,,20,20,20,,20,,20,,wpn_incom_disruptor,200,200,320,340,,,0.429,,200,200,15.488,15.488,,,0.429,,20,20,15.488,15.488,,,0.429,,20,20,15.488,15.488,,,0.429,,20,20,15.488,15.488,,,0.429,,20,20,15.488,15.488,,,0.429,,20,20,15.488,15.488,,,0.429,,20,20,23.6,23.6,,,0.345
yt1300,654,8.1,12.4,43.2,43.2,43.2,1.81,100,100,100,100,21.4,21.4,21.4,46,500,400,600,600,5,500,400,400,500,5,700,700,,,20,20,,20,20,20,,20,,20,,wpn_incom_disruptor,200,200,320,340,,,0.429,,200,200,15.488,15.488,,,0.429,,20,20,15.488,15.488,,,0.429,,20,20,15.488,15.488,,,0.429,,20,20,15.488,15.488,,,0.429,,20,20,15.488,15.488,,,0.429,,20,20,15.488,15.488,,,0.429,,20,20,23.6,23.6,,,0.345
yt1300_interior,654,8.1,12.4,43.2,43.2,43.2,1.81,100,100,100,100,21.4,21.4,21.4,48,500,400,600,600,5,500,400,400,500,5,700,700,,,20,20,,20,20,20,,20,,20,,wpn_incom_disruptor,200,200,320,340,,,0.429,,200,200,15.488,15.488,,,0.429,,20,20,15.488,15.488,,,0.429,,20,20,15.488,15.488,,,0.429,,20,20,15.488,15.488,,,0.429,,20,20,15.488,15.488,,,0.429,,20,20,15.488,15.488,,,0.429,,,20,,,,,
yt2400,654,8.1,12.4,43.2,43.2,43.2,1.81,100,100,100,100,21.4,21.4,21.4,46,500,400,600,600,5,500,400,400,500,5,700,700,,,20,20,,20,20,20,,20,,20,,wpn_incom_disruptor,200,200,320,340,,,0.429,,200,200,15.488,15.488,,,0.429,,20,20,15.488,15.488,,,0.429,,20,20,15.488,15.488,,,0.429,,20,20,15.488,15.488,,,0.429,,20,20,15.488,15.488,,,0.429,,20,20,15.488,15.488,,,0.429,,20,20,23.6,23.6,,,0.345
ywing,339,8.4,9.3,31.9,31.9,31.9,1.88,100,100,100,100,16.7,16.7,16.7,34,500,400,500,600,5,500,400,400,500,5,600,600,,,20,20,,20,20,20,,20,,20,,wpn_incom_disruptor,200,200,220,320,,,0.345,wpn_incom_disruptor,200,200,23.6,23.6,,,0.345,,20,20,23.6,23.6,,,0.345,,20,20,23.6,23.6,,,0.345,,20,20,23.6,23.6,,,0.345,,20,20,23.6,23.6,,,0.345,,20,20,23.6,23.6,,,0.345,,,20,,,,,
ywing_longprobe,339,8.4,9.3,31.9,31.9,31.9,1.88,100,100,100,100,16.7,16.7,16.7,34,500,400,500,600,5,500,400,400,500,5,600,600,,,20,20,,20,20,20,,20,,20,,wpn_incom_disruptor,200,200,220,320,,,0.345,wpn_incom_disruptor,200,200,23.6,23.6,,,0.345,,20,20,23.6,23.6,,,0.345,,20,20,23.6,23.6,,,0.345,,20,20,23.6,23.6,,,0.345,,20,20,23.6,23.6,,,0.345,,20,20,23.6,23.6,,,0.345,,,20,,,,,
z95,519,10.2,4.5,47.9,47.9,47.9,1.91,300,300,100,100,21.4,21.4,21.4,45,500,400,300,500,5,500,400,400,500,5,400,400,,,20,20,,20,20,20,,20,,20,,wpn_z95_blaster,200,200,120,220,,,0.345,wpn_incom_seismic_missile_s01,200,200,23.6,23.6,,,3,,20,20,23.6,23.6,,,0.345,,20,20,23.6,23.6,,,0.345,,20,20,23.6,23.6,,,0.345,,20,20,23.6,23.6,,,0.345,,20,20,23.6,23.6,,,0.345,,,20,,,,,
arc170_tier1,264,10.2,8.7,46.2,38.4,52.1,1.82,165,165,165,165,23.1,18.3,28.6,42,165,165,660,660,3.3,,,,,,320,320,165,165,,,,,,,,,,,,wpn_incom_blaster,165,165,33,44,0.56,0.56,0.78,wpn_incom_blaster,165,165,33,44,0.56,0.56,0.78,wpn_incom_blaster,165,165,33,44,0.56,0.56,0.78,,,,,,,,,,,,,,,,,,,,,,,,,,,,,,,,,,,,,,,,
arc170_tier2,660,10.51,8.96,47.59,39.55,53.66,1.82,495,495,495,495,23.79,18.85,29.46,43.26,495,495,1980,1980,5.94,,,,,,960,960,495,495,,,,,,,,,,,,wpn_incom_blaster,495,495,69.3,96.8,0.56,0.56,0.78,wpn_incom_blaster,495,495,69.3,96.8,0.56,0.56,0.78,wpn_incom_blaster,495,495,69.3,96.8,0.56,0.56,0.78,,,,,,,,,,,,,,,,,,,,,,,,,,,,,,,,,,,,,,,,
arc170_tier3,1320,10.82,9.23,49.01,40.74,55.27,1.82,1188,1188,1188,1188,24.51,19.41,30.34,44.56,1188,1188,4752,4752,10.16,,,,,,2304,2304,1188,1188,,,,,,,,,,,,wpn_incom_blaster,1188,1188,122.25,178.89,0.56,0.56,0.78,wpn_incom_blaster,1188,1188,122.25,178.89,0.56,0.56,0.78,wpn_incom_blaster,1188,1188,122.25,178.89,0.56,0.56,0.78,,,,,,,,,,,,,,,,,,,,,,,,,,,,,,,,,,,,,,,,
arc170_tier4,2112,11.15,9.51,50.48,41.96,56.93,1.82,2280.96,2280.96,2280.96,2280.96,25.24,20,31.25,45.89,2280.96,2280.96,9123.84,9123.84,16.5,,,,,,4423.68,4423.68,2280.96,2280.96,,,,,,,,,,,,wpn_incom_blaster,2280.96,2280.96,181.14,277.69,0.56,0.56,0.78,wpn_incom_blaster,2280.96,2280.96,181.14,277.69,0.56,0.56,0.78,wpn_incom_blaster,2280.96,2280.96,181.14,277.69,0.56,0.56,0.78,,,,,,,,,,,,,,,,,,,,,,,,,,,,,,,,,,,,,,,,
arc170_tier5,2703.36,11.48,9.79,52,43.22,58.64,1.82,3503.55,3503.55,3503.55,3503.55,26,20.6,32.19,47.27,3503.55,3503.55,14014.22,14014.22,25.47,,,,,,6794.77,6794.77,3503.55,3503.55,,,,,,,,,,,,wpn_incom_blaster,3503.55,3503.55,225.46,362.09,0.56,0.56,0.78,wpn_incom_blaster,3503.55,3503.55,225.46,362.09,0.56,0.56,0.78,wpn_incom_blaster,3503.55,3503.55,225.46,362.09,0.56,0.56,0.78,,,,,,,,,,,,,,,,,,,,,,,,,,,,,,,,,,,,,,,,
awing_mercenary,1080,11.9,9.23,49.01,40.74,55.27,1.62,972,972,972,972,24.51,19.41,30.34,49.01,972,972,3888,3888,9.23,,,,,,2073.6,2073.6,972,972,,,,,,,,,,,,wpn_awing_blaster,972,972,111.13,162.62,0.56,0.56,0.78,,,,,,,,,,,,,,,,,,,,,,,,,,,,,,,,,,,,,,,,,,,,,,,,,,,,,,,,
blacksun_heavy_npe,144,10.2,8.7,46.2,38.4,52.1,1.77,180,180,180,180,23.1,18.3,28.6,42,100,100,300,300,3.3,,,,,,150,150,180,180,,,,,,,,,,,,wpn_incom_disruptor,180,180,36,48,0.56,0.56,0.78,wpn_incom_disruptor,180,180,36,48,0.56,0.56,0.78,,,,,,,,,wpn_seinar_concussion_missile_s01,180,180,72,144,0.75,0.75,3,,,,,,,,,,,,,,,,,,,,,,,,,,,,,,,,
blacksun_light_npe,120,10.2,8.7,46.2,38.4,52.1,1.87,135,135,135,135,23.1,18.3,28.6,42,135,135,275,275,3.3,,,,,,100,100,135,135,,,,,,,,,,,,wpn_incom_disruptor,135,135,27,36,0.56,0.56,0.78,,,,,,,,,,,,,,,,,,,,,,,,,,,,,,,,,,,,,,,,,,,,,,,,,,,,,,,,
blacksun_medium_npe,132,10.2,8.7,46.2,38.4,52.1,1.8,165,165,165,165,23.1,18.3,28.6,42,165,165,300,300,3.3,,,,,,125,125,165,165,,,,,,,,,,,,wpn_incom_disruptor,165,165,33,44,0.56,0.56,0.78,,,,,,,,,wpn_seinar_concussion_missile_s01,165,165,66,132,0.75,0.75,3,,,,,,,,,,,,,,,,,,,,,,,,,,,,,,,,,,,,,,,,
grievous_starship_tier1,216,11.22,8.7,46.2,38.4,52.1,1.62,135,135,135,135,23.1,18.3,28.6,46.2,135,135,540,540,3,,,,,,288,288,135,135,,,,,,,,,,,,wpn_incom_disruptor,150,150,30,40,0.56,0.56,0.78,wpn_incom_disruptor,150,150,30,40,0.56,0.56,0.78,,,,,,,,,,,,,,,,,,,,,,,,,,,,,,,,,,,,,,,,,,,,,,,,
grievous_starship_tier2,540,11.56,8.96,47.59,39.55,53.66,1.62,405,405,405,405,23.79,18.85,29.46,47.59,405,405,1620,1620,5.4,,,,,,864,864,405,405,,,,,,,,,,,,wpn_incom_disruptor,450,450,63,88,0.56,0.56,0.78,wpn_incom_disruptor,450,450,63,88,0.56,0.56,0.78,,,,,,,,,,,,,,,,,,,,,,,,,,,,,,,,,,,,,,,,,,,,,,,,
grievous_starship_tier3,1080,11.9,9.23,49.01,40.74,55.27,1.62,972,972,972,972,24.51,19.41,30.34,49.01,972,972,3888,3888,9.23,,,,,,2073.6,2073.6,972,972,,,,,,,,,,,,wpn_incom_disruptor,1080,1080,111.13,162.62,0.56,0.56,0.78,wpn_incom_disruptor,1080,1080,111.13,162.62,0.56,0.56,0.78,,,,,,,,,,,,,,,,,,,,,,,,,,,,,,,,,,,,,,,,,,,,,,,,
grievous_starship_tier4,1728,12.26,9.51,50.48,41.96,56.93,1.62,1866.24,1866.24,1866.24,1866.24,25.24,20,31.25,50.48,1866.24,1866.24,7464.96,7464.96,15,,,,,,3981.31,3981.31,1866.24,1866.24,,,,,,,,,,,,wpn_incom_disruptor,2073.6,2073.6,164.67,252.44,0.56,0.56,0.78,wpn_incom_disruptor,2073.6,2073.6,164.67,252.44,0.56,0.56,0.78,,,,,,,,,,,,,,,,,,,,,,,,,,,,,,,,,,,,,,,,,,,,,,,,
grievous_starship_tier5,2211.84,12.63,9.79,52,43.22,58.64,1.62,2866.54,2866.54,2866.54,2866.54,26,20.6,32.19,52,2866.54,2866.54,11466.18,11466.18,23.15,,,,,,6115.3,6115.3,2866.54,2866.54,,,,,,,,,,,,wpn_incom_disruptor,3185.05,3185.05,204.96,329.17,0.56,0.56,0.78,wpn_incom_disruptor,3185.05,3185.05,204.96,329.17,0.56,0.56,0.78,,,,,,,,,,,,,,,,,,,,,,,,,,,,,,,,,,,,,,,,,,,,,,,,
jedi_starfighter_tier1,360,10.2,8.7,46.2,38.4,52.1,1.85,150,150,150,150,23.1,18.3,28.6,42,150,150,0,0,0,,,,,,480,480,150,150,,,,,,,,,,,,wpn_incom_disruptor,150,150,30,40,0.56,0.56,0.78,wpn_incom_disruptor,150,150,30,40,0.56,0.56,0.78,,,,,,,,,,,,,,,,,,,,,,,,,,,,,,,,,,,,,,,,,,,,,,,,
jedi_starfighter_tier2,900,10.51,8.96,47.59,39.55,53.66,1.85,450,450,450,450,23.79,18.85,29.46,43.26,450,450,0,0,0,,,,,,1440,1440,450,450,,,,,,,,,,,,wpn_incom_disruptor,450,450,63,88,0.56,0.56,0.78,wpn_incom_disruptor,450,450,63,88,0.56,0.56,0.78,,,,,,,,,,,,,,,,,,,,,,,,,,,,,,,,,,,,,,,,,,,,,,,,
jedi_starfighter_tier3,1800,10.82,9.23,49.01,40.74,55.27,1.85,1080,1080,1080,1080,24.51,19.41,30.34,44.56,1080,1080,0,0,0,,,,,,3456,3456,1080,1080,,,,,,,,,,,,wpn_incom_disruptor,1080,1080,111.13,162.62,0.56,0.56,0.78,wpn_incom_disruptor,1080,1080,111.13,162.62,0.56,0.56,0.78,,,,,,,,,,,,,,,,,,,,,,,,,,,,,,,,,,,,,,,,,,,,,,,,
jedi_starfighter_tier4,2880,11.15,9.51,50.48,41.96,56.93,1.85,2073.6,2073.6,2073.6,2073.6,25.24,20,31.25,45.89,2073.6,2073.6,0,0,0,,,,,,6635.52,6635.52,2073.6,2073.6,,,,,,,,,,,,wpn_incom_disruptor,2073.6,2073.6,164.67,252.44,0.56,0.56,0.78,wpn_incom_disruptor,2073.6,2073.6,164.67,252.44,0.56,0.56,0.78,,,,,,,,,,,,,,,,,,,,,,,,,,,,,,,,,,,,,,,,,,,,,,,,
jedi_starfighter_tier5,3686.4,11.48,9.79,52,43.22,58.64,1.85,3185.05,3185.05,3185.05,3185.05,26,20.6,32.19,47.27,3185.05,3185.05,0,0,0,,,,,,10192.16,10192.16,3185.05,3185.05,,,,,,,,,,,,wpn_incom_disruptor,3185.05,3185.05,204.96,329.17,0.56,0.56,0.78,wpn_incom_disruptor,3185.05,3185.05,204.96,329.17,0.56,0.56,0.78,,,,,,,,,,,,,,,,,,,,,,,,,,,,,,,,,,,,,,,,,,,,,,,,
y8_mining_ship_tier1,480,10.2,8.7,46.2,38.4,52.1,1.83,300,300,300,300,23.1,18.3,28.6,42,300,300,1800,1800,3,,,,,,960,960,300,300,,,,,,,,,,,,,,,,,,,,,,,,,,,,,,,,,,,,,,,,,,,,,,,,,,,,,,,,,,,,,,,,,,,,,,,,,,,
y8_mining_ship_tier2,1200,10.51,8.96,47.59,39.55,53.66,1.83,900,900,900,900,23.79,18.85,29.46,43.26,900,900,5400,5400,5.4,,,,,,2880,2880,900,900,,,,,,,,,,,,,,,,,,,,,,,,,,,,,,,,,,,,,,,,,,,,,,,,,,,,,,,,,,,,,,,,,,,,,,,,,,,
y8_mining_ship_tier3,2400,10.82,9.23,49.01,40.74,55.27,1.83,2160,2160,2160,2160,24.51,19.41,30.34,44.56,2160,2160,12960,12960,9.23,,,,,,6912,6912,2160,2160,,,,,,,,,,,,,,,,,,,,,,,,,,,,,,,,,,,,,,,,,,,,,,,,,,,,,,,,,,,,,,,,,,,,,,,,,,,
y8_mining_ship_tier4,3840,11.15,9.51,50.48,41.96,56.93,1.83,4147.2,4147.2,4147.2,4147.2,25.24,20,31.25,45.89,4147.2,4147.2,24883.2,24883.2,15,,,,,,13271.04,13271.04,4147.2,4147.2,,,,,,,,,,,,,,,,,,,,,,,,,,,,,,,,,,,,,,,,,,,,,,,,,,,,,,,,,,,,,,,,,,,,,,,,,,,
y8_mining_ship_tier5,4915.2,11.48,9.79,52,43.22,58.64,1.83,6370.1,6370.1,6370.1,6370.1,26,20.6,32.19,47.27,6370.1,6370.1,38220.6,38220.6,23.15,,,,,,20384.32,20384.32,6370.1,6370.1,,,,,,,,,,,,,,,,,,,,,,,,,,,,,,,,,,,,,,,,,,,,,,,,,,,,,,,,,,,,,,,,,,,,,,,,,,,
mining_asteroid_static,2457.6,,,,,,1.84,,,,,,,,,,,,,,,,,,,,,,,,,,,,,,,,,,,,,,,,,,,,,,,,,,,,,,,,,,,,,,,,,,,,,,,,,,,,,,,,,,,,,,,,,,,,,,,,,
mining_asteroid_dynamic,2457.6,,,,,,1.84,,,,,,,,,,,,,,,,,,,,,,,,,,,,,,,,,,,,,,,,,,,,,,,,,,,,,,,,,,,,,,,,,,,,,,,,,,,,,,,,,,,,,,,,,,,,,,,,,
tieinterceptor_imperial_guard_tier1,240,11.22,8.7,46.2,38.4,52.1,1.64,150,150,150,150,23.1,18.3,28.6,50.4,150,150,510,510,2.55,,,,,,320,320,150,150,,,,,,,,,,,,wpn_tieadvanced_blaster,150,150,30,40,0.56,0.56,0.78,,,,,,,,,,,,,,,,,,,,,,,,,,,,,,,,,,,,,,,,,,,,,,,,,,,,,,,,
tieinterceptor_imperial_guard_tier2,600,11.56,8.96,47.59,39.55,53.66,1.64,450,450,450,450,23.79,18.85,29.46,51.91,450,450,1530,1530,4.59,,,,,,960,960,450,450,,,,,,,,,,,,wpn_tieadvanced_blaster,450,450,63,88,0.56,0.56,0.78,,,,,,,,,,,,,,,,,,,,,,,,,,,,,,,,,,,,,,,,,,,,,,,,,,,,,,,,
tieinterceptor_imperial_guard_tier3,1200,11.9,9.23,49.01,40.74,55.27,1.64,1080,1080,1080,1080,24.51,19.41,30.34,53.47,1080,1080,3672,3672,7.85,,,,,,2304,2304,1080,1080,,,,,,,,,,,,wpn_tieadvanced_blaster,1080,1080,111.13,162.62,0.56,0.56,0.78,,,,,,,,,,,,,,,,,,,,,,,,,,,,,,,,,,,,,,,,,,,,,,,,,,,,,,,,
tieinterceptor_imperial_guard_tier4,1920,12.26,9.51,50.48,41.96,56.93,1.64,2073.6,2073.6,2073.6,2073.6,25.24,20,31.25,55.07,2073.6,2073.6,7050.24,7050.24,12.75,,,,,,4423.68,4423.68,2073.6,2073.6,,,,,,,,,,,,wpn_tieadvanced_blaster,2073.6,2073.6,164.67,252.44,0.56,0.56,0.78,,,,,,,,,,,,,,,,,,,,,,,,,,,,,,,,,,,,,,,,,,,,,,,,,,,,,,,,
tieinterceptor_imperial_guard_tier5,2457.6,12.63,9.79,52,43.22,58.64,1.64,3185.05,3185.05,3185.05,3185.05,26,20.6,32.19,56.73,3185.05,3185.05,10829.17,10829.17,19.68,,,,,,6794.77,6794.77,3185.05,3185.05,,,,,,,,,,,,wpn_tieadvanced_blaster,3185.05,3185.05,204.96,329.17,0.56,0.56,0.78,,,,,,,,,,,,,,,,,,,,,,,,,,,,,,,,,,,,,,,,,,,,,,,,,,,,,,,,
kessel_mine_turret_tier1,240,0,0,0,0,0,1.64,150,150,0,0,0,0,0,0,150,150,660,660,3,,,,,,256,256,150,150,,,,,,,,,,,,wpn_incom_disruptor,150,150,30,40,0.56,0.56,0.78,wpn_incom_disruptor,150,150,30,40,0.56,0.56,0.78,,,,,,,,,,,,,,,,,,,,,,,,,,,,,,,,,,,,,,,,,,,,,,,,
kessel_mine_turret_tier2,600,0,0,0,0,0,1.64,450,450,0,0,0,0,0,0,450,450,1980,1980,5.4,,,,,,768,768,450,450,,,,,,,,,,,,wpn_incom_disruptor,450,450,63,88,0.56,0.56,0.78,wpn_incom_disruptor,450,450,63,88,0.56,0.56,0.78,,,,,,,,,,,,,,,,,,,,,,,,,,,,,,,,,,,,,,,,,,,,,,,,
kessel_mine_turret_tier3,1200,0,0,0,0,0,1.64,1080,1080,0,0,0,0,0,0,1080,1080,4752,4752,9.23,,,,,,1843.2,1843.2,1080,1080,,,,,,,,,,,,wpn_incom_disruptor,1080,1080,111.13,162.62,0.56,0.56,0.78,wpn_incom_disruptor,1080,1080,111.13,162.62,0.56,0.56,0.78,,,,,,,,,,,,,,,,,,,,,,,,,,,,,,,,,,,,,,,,,,,,,,,,
kessel_mine_turret_tier4,1920,0,0,0,0,0,1.64,2073.6,2073.6,0,0,0,0,0,0,2073.6,2073.6,9123.84,9123.84,15,,,,,,3538.94,3538.94,2073.6,2073.6,,,,,,,,,,,,wpn_incom_disruptor,2073.6,2073.6,164.67,252.44,0.56,0.56,0.78,wpn_incom_disruptor,2073.6,2073.6,164.67,252.44,0.56,0.56,0.78,,,,,,,,,,,,,,,,,,,,,,,,,,,,,,,,,,,,,,,,,,,,,,,,
kessel_mine_turret_tier5,2457.6,0,0,0,0,0,1.64,3185.05,3185.05,0,0,0,0,0,0,3185.05,3185.05,14014.22,14014.22,23.15,,,,,,5435.82,5435.82,3185.05,3185.05,,,,,,,,,,,,wpn_incom_disruptor,3185.05,3185.05,204.96,329.17,0.56,0.56,0.78,wpn_incom_disruptor,3185.05,3185.05,204.96,329.17,0.56,0.56,0.78,,,,,,,,,,,,,,,,,,,,,,,,,,,,,,,,,,,,,,,,,,,,,,,,
player_corvette,60000,8,8,3,3,3,1.76,5000,10000,5000,10000,3,3,3,32,5000,10000,20000,20000,50,5000,10000,20000,20000,40,15000,15000,5000,10000,20,5000,,20,5000,5000,5000,10000,10000,10000,10000,wpn_corvette_turret_sm_s01,4000,8000,520,640,,,0.471,wpn_corvette_turret_sm_s01,4000,8000,520,640,,,0.471,wpn_corvette_turret_sm_s01,4000,8000,520,640,,,0.471,wpn_corvette_turret_sm_s01,4000,8000,520,640,,,0.471,wpn_corvette_turret_sm_s01,4000,8000,520,640,,,0.471,wpn_corvette_turret_sm_s01,4000,8000,520,640,,,0.471,wpn_corvette_turret_sm_s01,4000,8000,520,640,,,0.471,wpn_corvette_turret_sm_s01,4000,8000,520,640,,,0.471
player_star_destroyer,100000,0,0,0,0,0,1.88,25000,50000,25000,50000,0,0,0,0,25000,50000,75000,75000,5,25000,50000,75000,75000,5,25000,25000,25000,50000,20,20,,20,20,200000,200000,200000,200000,200000,200000,,,,,,,,,,,,,,,,,,,,,,,,,,,,,,,,,,,,,,,,,,,,,,,,,,,,,,,,,,,,,,,,
nova_orion_intro_01_tier6,3600,10.2,8.7,46.2,38.4,52.1,2,2250,2250,2250,2250,23.1,18.3,28.6,42,2250,2250,12000,12000,21,,,,,,4800,4800,2250,2250,,,,,,,,,,,,wpn_incom_disruptor,2250,2250,300,400,0.56,0.56,0.78,,,,,,,,,wpn_seinar_concussion_missile_s01,2250,2250,600,1200,0.75,0.75,3,,,,,,,,,,,,,,,,,,,,,,,,,,,,,,,,,,,,,,,,
nova_orion_intro_01_tier7,9000,10.51,8.96,47.59,39.55,53.66,2,6750,6750,6750,6750,23.79,18.85,29.46,43.26,6750,6750,36000,36000,37.8,,,,,,14400,14400,6750,6750,,,,,,,,,,,,wpn_incom_disruptor,6750,6750,630,880,0.56,0.56,0.78,,,,,,,,,wpn_seinar_concussion_missile_s01,6750,6750,1260,2640,0.75,0.75,3,,,,,,,,,,,,,,,,,,,,,,,,,,,,,,,,,,,,,,,,
nova_orion_intro_01_tier8,18000,10.82,9.23,49.01,40.74,55.27,2,16200,16200,16200,16200,24.51,19.41,30.34,44.56,16200,16200,86400,86400,64.64,,,,,,34560,34560,16200,16200,,,,,,,,,,,,wpn_incom_disruptor,16200,16200,1111.32,1626.24,0.56,0.56,0.78,,,,,,,,,wpn_seinar_concussion_missile_s01,16200,16200,2222.64,4878.72,0.75,0.75,3,,,,,,,,,,,,,,,,,,,,,,,,,,,,,,,,,,,,,,,,
nova_orion_intro_01_tier9,28800,11.15,9.51,50.48,41.96,56.93,2,31104,31104,31104,31104,25.24,20,31.25,45.89,31104,31104,165888,165888,105,,,,,,66355.2,66355.2,31104,31104,,,,,,,,,,,,wpn_incom_disruptor,31104,31104,1646.71,2524.44,0.56,0.56,0.78,,,,,,,,,wpn_seinar_concussion_missile_s01,31104,31104,3293.42,7573.32,0.75,0.75,3,,,,,,,,,,,,,,,,,,,,,,,,,,,,,,,,,,,,,,,,
nova_orion_intro_01_tier10,36864,11.48,9.79,52,43.22,58.64,2,47775.74,47775.74,47775.74,47775.74,26,20.6,32.19,47.27,47775.74,47775.74,254803.97,254803.97,162.05,,,,,,101921.59,101921.59,47775.74,47775.74,,,,,,,,,,,,wpn_incom_disruptor,47775.74,47775.74,2049.62,3291.75,0.56,0.56,0.78,,,,,,,,,wpn_seinar_concussion_missile_s01,47775.74,47775.74,4099.24,9875.25,0.75,0.75,3,,,,,,,,,,,,,,,,,,,,,,,,,,,,,,,,,,,,,,,,
nova_orion_patrol_heavy_tier6,3600,10.2,8.7,46.2,38.4,52.1,2,2250,2250,2250,2250,23.1,18.3,28.6,42,2250,2250,15000,15000,21,,,,,,6400,6400,2250,2250,,,,,,,,,,,,wpn_incom_disruptor,2250,2250,300,400,0.56,0.56,0.78,wpn_incom_disruptor,2250,2250,300,400,0.56,0.56,0.78,,,,,,,,,wpn_seinar_concussion_missile_s01,2250,2250,600,1200,0.75,0.75,3,,,,,,,,,,,,,,,,,,,,,,,,,,,,,,,,
nova_orion_patrol_heavy_tier7,9000,10.51,8.96,47.59,39.55,53.66,2,6750,6750,6750,6750,23.79,18.85,29.46,43.26,6750,6750,45000,45000,37.8,,,,,,19200,19200,6750,6750,,,,,,,,,,,,wpn_incom_disruptor,6750,6750,630,880,0.56,0.56,0.78,wpn_incom_disruptor,6750,6750,630,880,0.56,0.56,0.78,,,,,,,,,wpn_seinar_concussion_missile_s01,6750,6750,1260,2640,0.75,0.75,3,,,,,,,,,,,,,,,,,,,,,,,,,,,,,,,,
nova_orion_patrol_heavy_tier8,18000,10.82,9.23,49.01,40.74,55.27,2,16200,16200,16200,16200,24.51,19.41,30.34,44.56,16200,16200,108000,108000,64.64,,,,,,46080,46080,16200,16200,,,,,,,,,,,,wpn_incom_disruptor,16200,16200,1111.32,1626.24,0.56,0.56,0.78,wpn_incom_disruptor,16200,16200,1111.32,1626.24,0.56,0.56,0.78,,,,,,,,,wpn_seinar_concussion_missile_s01,16200,16200,2222.64,4878.72,0.75,0.75,3,,,,,,,,,,,,,,,,,,,,,,,,,,,,,,,,
nova_orion_patrol_heavy_tier9,28800,11.15,9.51,50.48,41.96,56.93,2,31104,31104,31104,31104,25.24,20,31.25,45.89,31104,31104,207360,207360,105,,,,,,88473.6,88473.6,31104,31104,,,,,,,,,,,,wpn_incom_disruptor,31104,31104,1646.71,2524.44,0.56,0.56,0.78,wpn_incom_disruptor,31104,31104,1646.71,2524.44,0.56,0.56,0.78,,,,,,,,,wpn_seinar_concussion_missile_s01,31104,31104,3293.42,7573.32,0.75,0.75,3,,,,,,,,,,,,,,,,,,,,,,,,,,,,,,,,
nova_orion_patrol_heavy_tier10,36864,11.48,9.79,52,43.22,58.64,2,47775.74,47775.74,47775.74,47775.74,26,20.6,32.19,47.27,47775.74,47775.74,318504.96,318504.96,162.05,,,,,,135895.45,135895.45,47775.74,47775.74,,,,,,,,,,,,wpn_incom_disruptor,47775.74,47775.74,2049.62,3291.75,0.56,0.56,0.78,wpn_incom_disruptor,47775.74,47775.74,2049.62,3291.75,0.56,0.56,0.78,,,,,,,,,wpn_seinar_concussion_missile_s01,47775.74,47775.74,4099.24,9875.25,0.75,0.75,3,,,,,,,,,,,,,,,,,,,,,,,,,,,,,,,,
nova_orion_patrol_light_tier6,3600,10.2,8.7,46.2,38.4,52.1,2,2250,2250,2250,2250,23.1,18.3,28.6,42,2250,2250,9000,9000,21,,,,,,3200,3200,2250,2250,,,,,,,,,,,,wpn_incom_disruptor,2250,2250,300,400,0.56,0.56,0.78,,,,,,,,,,,,,,,,,,,,,,,,,,,,,,,,,,,,,,,,,,,,,,,,,,,,,,,,
nova_orion_patrol_light_tier7,9000,10.51,8.96,47.59,39.55,53.66,2,6750,6750,6750,6750,23.79,18.85,29.46,43.26,6750,6750,27000,27000,37.8,,,,,,9600,9600,6750,6750,,,,,,,,,,,,wpn_incom_disruptor,6750,6750,630,880,0.56,0.56,0.78,,,,,,,,,,,,,,,,,,,,,,,,,,,,,,,,,,,,,,,,,,,,,,,,,,,,,,,,
nova_orion_patrol_light_tier8,18000,10.82,9.23,49.01,40.74,55.27,2,16200,16200,16200,16200,24.51,19.41,30.34,44.56,16200,16200,64800,64800,64.64,,,,,,23040,23040,16200,16200,,,,,,,,,,,,wpn_incom_disruptor,16200,16200,1111.32,1626.24,0.56,0.56,0.78,,,,,,,,,,,,,,,,,,,,,,,,,,,,,,,,,,,,,,,,,,,,,,,,,,,,,,,,
nova_orion_patrol_light_tier9,28800,11.15,9.51,50.48,41.96,56.93,2,31104,31104,31104,31104,25.24,20,31.25,45.89,31104,31104,124416,124416,105,,,,,,44236.8,44236.8,31104,31104,,,,,,,,,,,,wpn_incom_disruptor,31104,31104,1646.71,2524.44,0.56,0.56,0.78,,,,,,,,,,,,,,,,,,,,,,,,,,,,,,,,,,,,,,,,,,,,,,,,,,,,,,,,
nova_orion_patrol_light_tier10,36864,11.48,9.79,52,43.22,58.64,2,47775.74,47775.74,47775.74,47775.74,26,20.6,32.19,47.27,47775.74,47775.74,191102.98,191102.98,162.05,,,,,,67947.72,67947.72,47775.74,47775.74,,,,,,,,,,,,wpn_incom_disruptor,47775.74,47775.74,2049.62,3291.75,0.56,0.56,0.78,,,,,,,,,,,,,,,,,,,,,,,,,,,,,,,,,,,,,,,,,,,,,,,,,,,,,,,,
nova_orion_patrol_med_tier6,3600,10.2,8.7,46.2,38.4,52.1,2,2250,2250,2250,2250,23.1,18.3,28.6,42,2250,2250,12000,12000,21,,,,,,4800,4800,2250,2250,,,,,,,,,,,,wpn_incom_disruptor,2250,2250,300,400,0.56,0.56,0.78,,,,,,,,,,,,,,,,,,,,,,,,,,,,,,,,,,,,,,,,,,,,,,,,,,,,,,,,
nova_orion_patrol_med_tier7,9000,10.51,8.96,47.59,39.55,53.66,2,6750,6750,6750,6750,23.79,18.85,29.46,43.26,6750,6750,36000,36000,37.8,,,,,,14400,14400,6750,6750,,,,,,,,,,,,wpn_incom_disruptor,6750,6750,630,880,0.56,0.56,0.78,,,,,,,,,,,,,,,,,,,,,,,,,,,,,,,,,,,,,,,,,,,,,,,,,,,,,,,,
nova_orion_patrol_med_tier8,18000,10.82,9.23,49.01,40.74,55.27,2,16200,16200,16200,16200,24.51,19.41,30.34,44.56,16200,16200,86400,86400,64.64,,,,,,34560,34560,16200,16200,,,,,,,,,,,,wpn_incom_disruptor,16200,16200,1111.32,1626.24,0.56,0.56,0.78,,,,,,,,,,,,,,,,,,,,,,,,,,,,,,,,,,,,,,,,,,,,,,,,,,,,,,,,
nova_orion_patrol_med_tier9,28800,11.15,9.51,50.48,41.96,56.93,2,31104,31104,31104,31104,25.24,20,31.25,45.89,31104,31104,165888,165888,105,,,,,,66355.2,66355.2,31104,31104,,,,,,,,,,,,wpn_incom_disruptor,31104,31104,1646.71,2524.44,0.56,0.56,0.78,,,,,,,,,,,,,,,,,,,,,,,,,,,,,,,,,,,,,,,,,,,,,,,,,,,,,,,,
nova_orion_patrol_med_tier10,36864,11.48,9.79,52,43.22,58.64,2,47775.74,47775.74,47775.74,47775.74,26,20.6,32.19,47.27,47775.74,47775.74,254803.97,254803.97,162.05,,,,,,101921.59,101921.59,47775.74,47775.74,,,,,,,,,,,,wpn_incom_disruptor,47775.74,47775.74,2049.62,3291.75,0.56,0.56,0.78,,,,,,,,,,,,,,,,,,,,,,,,,,,,,,,,,,,,,,,,,,,,,,,,,,,,,,,,
nova_orion_pirate_heavy_tier6,3600,10.2,8.7,46.2,38.4,52.1,1.9,2250,2250,2250,2250,23.1,18.3,28.6,42,2250,2250,15000,15000,21,,,,,,6400,6400,2250,2250,,,,,,,,,,,,wpn_incom_disruptor,2250,2250,300,400,0.56,0.56,0.78,wpn_incom_disruptor,2250,2250,300,400,0.56,0.56,0.78,,,,,,,,,wpn_seinar_concussion_missile_s01,2250,2250,600,1200,0.75,0.75,3,,,,,,,,,,,,,,,,,,,,,,,,,,,,,,,,
nova_orion_pirate_heavy_tier7,9000,10.51,8.96,47.59,39.55,53.66,1.9,6750,6750,6750,6750,23.79,18.85,29.46,43.26,6750,6750,45000,45000,37.8,,,,,,19200,19200,6750,6750,,,,,,,,,,,,wpn_incom_disruptor,6750,6750,630,880,0.56,0.56,0.78,wpn_incom_disruptor,6750,6750,630,880,0.56,0.56,0.78,,,,,,,,,wpn_seinar_concussion_missile_s01,6750,6750,1260,2640,0.75,0.75,3,,,,,,,,,,,,,,,,,,,,,,,,,,,,,,,,
nova_orion_pirate_heavy_tier8,18000,10.82,9.23,49.01,40.74,55.27,1.9,16200,16200,16200,16200,24.51,19.41,30.34,44.56,16200,16200,108000,108000,64.64,,,,,,46080,46080,16200,16200,,,,,,,,,,,,wpn_incom_disruptor,16200,16200,1111.32,1626.24,0.56,0.56,0.78,wpn_incom_disruptor,16200,16200,1111.32,1626.24,0.56,0.56,0.78,,,,,,,,,wpn_seinar_concussion_missile_s01,16200,16200,2222.64,4878.72,0.75,0.75,3,,,,,,,,,,,,,,,,,,,,,,,,,,,,,,,,
nova_orion_pirate_heavy_tier9,28800,11.15,9.51,50.48,41.96,56.93,1.9,31104,31104,31104,31104,25.24,20,31.25,45.89,31104,31104,207360,207360,105,,,,,,88473.6,88473.6,31104,31104,,,,,,,,,,,,wpn_incom_disruptor,31104,31104,1646.71,2524.44,0.56,0.56,0.78,wpn_incom_disruptor,31104,31104,1646.71,2524.44,0.56,0.56,0.78,,,,,,,,,wpn_seinar_concussion_missile_s01,31104,31104,3293.42,7573.32,0.75,0.75,3,,,,,,,,,,,,,,,,,,,,,,,,,,,,,,,,
nova_orion_pirate_heavy_tier10,36864,11.48,9.79,52,43.22,58.64,1.9,47775.74,47775.74,47775.74,47775.74,26,20.6,32.19,47.27,47775.74,47775.74,318504.96,318504.96,162.05,,,,,,135895.45,135895.45,47775.74,47775.74,,,,,,,,,,,,wpn_incom_disruptor,47775.74,47775.74,2049.62,3291.75,0.56,0.56,0.78,wpn_incom_disruptor,47775.74,47775.74,2049.62,3291.75,0.56,0.56,0.78,,,,,,,,,wpn_seinar_concussion_missile_s01,47775.74,47775.74,4099.24,9875.25,0.75,0.75,3,,,,,,,,,,,,,,,,,,,,,,,,,,,,,,,,
nova_orion_pirate_light_tier6,3600,10.2,8.7,46.2,38.4,52.1,2,2250,2250,2250,2250,23.1,18.3,28.6,42,2250,2250,9000,9000,21,,,,,,3200,3200,2250,2250,,,,,,,,,,,,wpn_incom_disruptor,2250,2250,300,400,0.56,0.56,0.78,,,,,,,,,,,,,,,,,,,,,,,,,,,,,,,,,,,,,,,,,,,,,,,,,,,,,,,,
nova_orion_pirate_light_tier7,9000,10.51,8.96,47.59,39.55,53.66,2,6750,6750,6750,6750,23.79,18.85,29.46,43.26,6750,6750,27000,27000,37.8,,,,,,9600,9600,6750,6750,,,,,,,,,,,,wpn_incom_disruptor,6750,6750,630,880,0.56,0.56,0.78,,,,,,,,,,,,,,,,,,,,,,,,,,,,,,,,,,,,,,,,,,,,,,,,,,,,,,,,
nova_orion_pirate_light_tier8,18000,10.82,9.23,49.01,40.74,55.27,2,16200,16200,16200,16200,24.51,19.41,30.34,44.56,16200,16200,64800,64800,64.64,,,,,,23040,23040,16200,16200,,,,,,,,,,,,wpn_incom_disruptor,16200,16200,1111.32,1626.24,0.56,0.56,0.78,,,,,,,,,,,,,,,,,,,,,,,,,,,,,,,,,,,,,,,,,,,,,,,,,,,,,,,,
nova_orion_pirate_light_tier9,28800,11.15,9.51,50.48,41.96,56.93,2,31104,31104,31104,31104,25.24,20,31.25,45.89,31104,31104,124416,124416,105,,,,,,44236.8,44236.8,31104,31104,,,,,,,,,,,,wpn_incom_disruptor,31104,31104,1646.71,2524.44,0.56,0.56,0.78,,,,,,,,,,,,,,,,,,,,,,,,,,,,,,,,,,,,,,,,,,,,,,,,,,,,,,,,
nova_orion_pirate_light_tier10,36864,11.48,9.79,52,43.22,58.64,2,47775.74,47775.74,47775.74,47775.74,26,20.6,32.19,47.27,47775.74,47775.74,191102.98,191102.98,162.05,,,,,,67947.72,67947.72,47775.74,47775.74,,,,,,,,,,,,wpn_incom_disruptor,47775.74,47775.74,2049.62,3291.75,0.56,0.56,0.78,,,,,,,,,,,,,,,,,,,,,,,,,,,,,,,,,,,,,,,,,,,,,,,,,,,,,,,,
nova_orion_boss_minion_01_tier6,3600,10.2,8.7,46.2,38.4,52.1,2,2250,2250,2250,2250,23.1,18.3,28.6,42,2250,2250,9000,9000,21,,,,,,3200,3200,2250,2250,,,,,,,,,,,,wpn_incom_disruptor,2250,2250,307.5,410,0.56,0.56,0.78,,,,,,,,,,,,,,,,,,,,,,,,,,,,,,,,,,,,,,,,,,,,,,,,,,,,,,,,
nova_orion_boss_minion_01_tier7,9000,10.51,8.96,47.59,39.55,53.66,2,6750,6750,6750,6750,23.79,18.85,29.46,43.26,6750,6750,27000,27000,37.8,,,,,,9600,9600,6750,6750,,,,,,,,,,,,wpn_incom_disruptor,6750,6750,645.75,902,0.56,0.56,0.78,,,,,,,,,,,,,,,,,,,,,,,,,,,,,,,,,,,,,,,,,,,,,,,,,,,,,,,,
nova_orion_boss_minion_01_tier8,18000,10.82,9.23,49.01,40.74,55.27,2,16200,16200,16200,16200,24.51,19.41,30.34,44.56,16200,16200,64800,64800,64.64,,,,,,23040,23040,16200,16200,,,,,,,,,,,,wpn_incom_disruptor,16200,16200,1139.1,1666.9,0.56,0.56,0.78,,,,,,,,,,,,,,,,,,,,,,,,,,,,,,,,,,,,,,,,,,,,,,,,,,,,,,,,
nova_orion_boss_minion_01_tier9,28800,11.15,9.51,50.48,41.96,56.93,2,31104,31104,31104,31104,25.24,20,31.25,45.89,31104,31104,124416,124416,105,,,,,,44236.8,44236.8,31104,31104,,,,,,,,,,,,wpn_incom_disruptor,31104,31104,1687.88,2587.56,0.56,0.56,0.78,,,,,,,,,,,,,,,,,,,,,,,,,,,,,,,,,,,,,,,,,,,,,,,,,,,,,,,,
nova_orion_boss_minion_01_tier10,36864,11.48,9.79,52,43.22,58.64,2,47775.74,47775.74,47775.74,47775.74,26,20.6,32.19,47.27,47775.74,47775.74,191102.98,191102.98,162.05,,,,,,67947.72,67947.72,47775.74,47775.74,,,,,,,,,,,,wpn_incom_disruptor,47775.74,47775.74,2100.86,3374.04,0.56,0.56,0.78,,,,,,,,,,,,,,,,,,,,,,,,,,,,,,,,,,,,,,,,,,,,,,,,,,,,,,,,
nova_orion_boss_minion_02,3600,10.2,8.7,46.2,38.4,52.1,2,2250,2250,2250,2250,23.1,18.3,28.6,42,2250,2250,15000,15000,21,2250,2250,15000,15000,21,6400,6400,,,20,20,,20,20,20,,20,,20,,wpn_incom_disruptor,2250,2250,300,400,,,0.78,,2250,2250,15.488,15.488,,,0.78,,20,20,15.488,15.488,,,0.429,,20,20,15.488,15.488,,,0.429,,20,20,15.488,15.488,,,0.429,,20,20,15.488,15.488,,,0.429,,20,20,15.488,15.488,,,0.429,,20,20,15.488,15.488,,,0.429
nova_orion_boss_minion_02_tier6,3600,10.2,8.7,46.2,38.4,52.1,2,2250,2250,2250,2250,23.1,18.3,28.6,42,2250,2250,15000,15000,21,,,,,,6400,6400,2250,2250,,,,,,,,,,,,wpn_tieadvanced_blaster,2250,2250,300,400,0.56,0.56,0.78,wpn_tieadvanced_blaster,2250,2250,300,400,0.56,0.56,0.78,wpn_seinar_concussion_missile_s01,2250,2250,600,1200,0.75,0.75,3,,,,,,,,,,,,,,,,,,,,,,,,,,,,,,,,,,,,,,,,
nova_orion_boss_minion_02_tier7,9000,10.51,8.96,47.59,39.55,53.66,2,6750,6750,6750,6750,23.79,18.85,29.46,43.26,6750,6750,45000,45000,37.8,,,,,,19200,19200,6750,6750,,,,,,,,,,,,wpn_tieadvanced_blaster,6750,6750,630,880,0.56,0.56,0.78,wpn_tieadvanced_blaster,6750,6750,630,880,0.56,0.56,0.78,wpn_seinar_concussion_missile_s01,6750,6750,1260,2640,0.75,0.75,3,,,,,,,,,,,,,,,,,,,,,,,,,,,,,,,,,,,,,,,,
nova_orion_boss_minion_02_tier8,18000,10.82,9.23,49.01,40.74,55.27,2,16200,16200,16200,16200,24.51,19.41,30.34,44.56,16200,16200,108000,108000,64.64,,,,,,46080,46080,16200,16200,,,,,,,,,,,,wpn_tieadvanced_blaster,16200,16200,1111.32,1626.24,0.56,0.56,0.78,wpn_tieadvanced_blaster,16200,16200,1111.32,1626.24,0.56,0.56,0.78,wpn_seinar_concussion_missile_s01,16200,16200,2222.64,4878.72,0.75,0.75,3,,,,,,,,,,,,,,,,,,,,,,,,,,,,,,,,,,,,,,,,
nova_orion_boss_minion_02_tier9,28800,11.15,9.51,50.48,41.96,56.93,2,31104,31104,31104,31104,25.24,20,31.25,45.89,31104,31104,207360,207360,105,,,,,,88473.6,88473.6,31104,31104,,,,,,,,,,,,wpn_tieadvanced_blaster,31104,31104,1646.71,2524.44,0.56,0.56,0.78,wpn_tieadvanced_blaster,31104,31104,1646.71,2524.44,0.56,0.56,0.78,wpn_seinar_concussion_missile_s01,31104,31104,3293.42,7573.32,0.75,0.75,3,,,,,,,,,,,,,,,,,,,,,,,,,,,,,,,,,,,,,,,,
nova_orion_boss_minion_02_tier10,36864,11.48,9.79,52,43.22,58.64,2,47775.74,47775.74,47775.74,47775.74,26,20.6,32.19,47.27,47775.74,47775.74,318504.96,318504.96,162.05,,,,,,135895.45,135895.45,47775.74,47775.74,,,,,,,,,,,,wpn_tieadvanced_blaster,47775.74,47775.74,2049.62,3291.75,0.56,0.56,0.78,wpn_tieadvanced_blaster,47775.74,47775.74,2049.62,3291.75,0.56,0.56,0.78,wpn_seinar_concussion_missile_s01,47775.74,47775.74,4099.24,9875.25,0.75,0.75,3,,,,,,,,,,,,,,,,,,,,,,,,,,,,,,,,,,,,,,,,
nova_orion_boss_ship_tier6,3600,10.2,8.7,46.2,38.4,52.1,2,2250,2250,2250,2250,23.1,18.3,28.6,42,2250,2250,15000,15000,21,,,,,,6400,6400,2250,2250,,,,,,,,,,,,wpn_incom_blaster,2250,2250,300,400,0.56,0.56,0.78,wpn_incom_disruptor,2250,2250,300,400,0.56,0.56,0.78,wpn_incom_blaster,2250,2250,300,400,0.56,0.56,0.78,wpn_incom_disruptor,2250,2250,300,400,0.56,0.56,0.78,wpn_seinar_concussion_missile_s01,2250,2250,600,1200,0.75,0.75,3,,,,,,,,,,,,,,,,,,,,,,,,
nova_orion_boss_ship_tier7,9000,10.51,8.96,47.59,39.55,53.66,2,6750,6750,6750,6750,23.79,18.85,29.46,43.26,6750,6750,45000,45000,37.8,,,,,,19200,19200,6750,6750,,,,,,,,,,,,wpn_incom_blaster,6750,6750,630,880,0.56,0.56,0.78,wpn_incom_disruptor,6750,6750,630,880,0.56,0.56,0.78,wpn_incom_blaster,6750,6750,630,880,0.56,0.56,0.78,wpn_incom_disruptor,6750,6750,630,880,0.56,0.56,0.78,wpn_seinar_concussion_missile_s01,6750,6750,1260,2640,0.75,0.75,3,,,,,,,,,,,,,,,,,,,,,,,,
nova_orion_boss_ship_tier8,18000,10.82,9.23,49.01,40.74,55.27,2,16200,16200,16200,16200,24.51,19.41,30.34,44.56,16200,16200,108000,108000,64.64,,,,,,46080,46080,16200,16200,,,,,,,,,,,,wpn_incom_blaster,16200,16200,1111.32,1626.24,0.56,0.56,0.78,wpn_incom_disruptor,16200,16200,1111.32,1626.24,0.56,0.56,0.78,wpn_incom_blaster,16200,16200,1111.32,1626.24,0.56,0.56,0.78,wpn_incom_disruptor,16200,16200,1111.32,1626.24,0.56,0.56,0.78,wpn_seinar_concussion_missile_s01,16200,16200,2222.64,4878.72,0.75,0.75,3,,,,,,,,,,,,,,,,,,,,,,,,
nova_orion_boss_ship_tier9,28800,11.15,9.51,50.48,41.96,56.93,2,31104,31104,31104,31104,25.24,20,31.25,45.89,31104,31104,207360,207360,105,,,,,,88473.6,88473.6,31104,31104,,,,,,,,,,,,wpn_incom_blaster,31104,31104,1646.71,2524.44,0.56,0.56,0.78,wpn_incom_disruptor,31104,31104,1646.71,2524.44,0.56,0.56,0.78,wpn_incom_blaster,31104,31104,1646.71,2524.44,0.56,0.56,0.78,wpn_incom_disruptor,31104,31104,1646.71,2524.44,0.56,0.56,0.78,wpn_seinar_concussion_missile_s01,31104,31104,3293.42,7573.32,0.75,0.75,3,,,,,,,,,,,,,,,,,,,,,,,,
nova_orion_boss_ship_tier10,36864,11.48,9.79,52,43.22,58.64,2,47775.74,47775.74,47775.74,47775.74,26,20.6,32.19,47.27,47775.74,47775.74,318504.96,318504.96,162.05,,,,,,135895.45,135895.45,47775.74,47775.74,,,,,,,,,,,,wpn_incom_blaster,47775.74,47775.74,2049.62,3291.75,0.56,0.56,0.78,wpn_incom_disruptor,47775.74,47775.74,2049.62,3291.75,0.56,0.56,0.78,wpn_incom_blaster,47775.74,47775.74,2049.62,3291.75,0.56,0.56,0.78,wpn_incom_disruptor,47775.74,47775.74,2049.62,3291.75,0.56,0.56,0.78,wpn_seinar_concussion_missile_s01,47775.74,47775.74,4099.24,9875.25,0.75,0.75,3,,,,,,,,,,,,,,,,,,,,,,,,
nova_orion_smuggler_heavy_tier6,3600,10.2,8.7,46.2,38.4,52.1,1.9,2250,2250,2250,2250,23.1,18.3,28.6,42,2250,2250,15000,15000,21,,,,,,6400,6400,2250,2250,,,,,,,,,,,,wpn_incom_disruptor,2250,2250,300,400,0.56,0.56,0.78,wpn_incom_disruptor,2250,2250,300,400,0.56,0.56,0.78,,,,,,,,,wpn_seinar_concussion_missile_s01,2250,2250,600,1200,0.75,0.75,3,,,,,,,,,,,,,,,,,,,,,,,,,,,,,,,,
nova_orion_smuggler_heavy_tier7,9000,10.51,8.96,47.59,39.55,53.66,1.9,6750,6750,6750,6750,23.79,18.85,29.46,43.26,6750,6750,45000,45000,37.8,,,,,,19200,19200,6750,6750,,,,,,,,,,,,wpn_incom_disruptor,6750,6750,630,880,0.56,0.56,0.78,wpn_incom_disruptor,6750,6750,630,880,0.56,0.56,0.78,,,,,,,,,wpn_seinar_concussion_missile_s01,6750,6750,1260,2640,0.75,0.75,3,,,,,,,,,,,,,,,,,,,,,,,,,,,,,,,,
nova_orion_smuggler_heavy_tier8,18000,10.82,9.23,49.01,40.74,55.27,1.9,16200,16200,16200,16200,24.51,19.41,30.34,44.56,16200,16200,108000,108000,64.64,,,,,,46080,46080,16200,16200,,,,,,,,,,,,wpn_incom_disruptor,16200,16200,1111.32,1626.24,0.56,0.56,0.78,wpn_incom_disruptor,16200,16200,1111.32,1626.24,0.56,0.56,0.78,,,,,,,,,wpn_seinar_concussion_missile_s01,16200,16200,2222.64,4878.72,0.75,0.75,3,,,,,,,,,,,,,,,,,,,,,,,,,,,,,,,,
nova_orion_smuggler_heavy_tier9,28800,11.15,9.51,50.48,41.96,56.93,1.9,31104,31104,31104,31104,25.24,20,31.25,45.89,31104,31104,207360,207360,105,,,,,,88473.6,88473.6,31104,31104,,,,,,,,,,,,wpn_incom_disruptor,31104,31104,1646.71,2524.44,0.56,0.56,0.78,wpn_incom_disruptor,31104,31104,1646.71,2524.44,0.56,0.56,0.78,,,,,,,,,wpn_seinar_concussion_missile_s01,31104,31104,3293.42,7573.32,0.75,0.75,3,,,,,,,,,,,,,,,,,,,,,,,,,,,,,,,,
nova_orion_smuggler_heavy_tier10,36864,11.48,9.79,52,43.22,58.64,1.9,47775.74,47775.74,47775.74,47775.74,26,20.6,32.19,47.27,47775.74,47775.74,318504.96,318504.96,162.05,,,,,,135895.45,135895.45,47775.74,47775.74,,,,,,,,,,,,wpn_incom_disruptor,47775.74,47775.74,2049.62,3291.75,0.56,0.56,0.78,wpn_incom_disruptor,47775.74,47775.74,2049.62,3291.75,0.56,0.56,0.78,,,,,,,,,wpn_seinar_concussion_missile_s01,47775.74,47775.74,4099.24,9875.25,0.75,0.75,3,,,,,,,,,,,,,,,,,,,,,,,,,,,,,,,,
nova_orion_smuggler_light_tier6,3600,10.2,8.7,46.2,38.4,52.1,2,2250,2250,2250,2250,23.1,18.3,28.6,42,2250,2250,9000,9000,21,,,,,,3200,3200,2250,2250,,,,,,,,,,,,wpn_incom_disruptor,2250,2250,300,400,0.56,0.56,0.78,,,,,,,,,,,,,,,,,,,,,,,,,,,,,,,,,,,,,,,,,,,,,,,,,,,,,,,,
nova_orion_smuggler_light_tier7,9000,10.51,8.96,47.59,39.55,53.66,2,6750,6750,6750,6750,23.79,18.85,29.46,43.26,6750,6750,27000,27000,37.8,,,,,,9600,9600,6750,6750,,,,,,,,,,,,wpn_incom_disruptor,6750,6750,630,880,0.56,0.56,0.78,,,,,,,,,,,,,,,,,,,,,,,,,,,,,,,,,,,,,,,,,,,,,,,,,,,,,,,,
nova_orion_smuggler_light_tier8,18000,10.82,9.23,49.01,40.74,55.27,2,16200,16200,16200,16200,24.51,19.41,30.34,44.56,16200,16200,64800,64800,64.64,,,,,,23040,23040,16200,16200,,,,,,,,,,,,wpn_incom_disruptor,16200,16200,1111.32,1626.24,0.56,0.56,0.78,,,,,,,,,,,,,,,,,,,,,,,,,,,,,,,,,,,,,,,,,,,,,,,,,,,,,,,,
nova_orion_smuggler_light_tier9,28800,11.15,9.51,50.48,41.96,56.93,2,31104,31104,31104,31104,25.24,20,31.25,45.89,31104,31104,124416,124416,105,,,,,,44236.8,44236.8,31104,31104,,,,,,,,,,,,wpn_incom_disruptor,31104,31104,1646.71,2524.44,0.56,0.56,0.78,,,,,,,,,,,,,,,,,,,,,,,,,,,,,,,,,,,,,,,,,,,,,,,,,,,,,,,,
nova_orion_smuggler_light_tier10,36864,11.48,9.79,52,43.22,58.64,2,47775.74,47775.74,47775.74,47775.74,26,20.6,32.19,47.27,47775.74,47775.74,191102.98,191102.98,162.05,,,,,,67947.72,67947.72,47775.74,47775.74,,,,,,,,,,,,wpn_incom_disruptor,47775.74,47775.74,2049.62,3291.75,0.56,0.56,0.78,,,,,,,,,,,,,,,,,,,,,,,,,,,,,,,,,,,,,,,,,,,,,,,,,,,,,,,,
nova_orion_smuggler_medium_tier6,3600,10.2,8.7,46.2,38.4,52.1,1.95,2250,2250,2250,2250,23.1,18.3,28.6,42,2250,2250,12000,12000,21,,,,,,4800,4800,2250,2250,,,,,,,,,,,,wpn_incom_disruptor,2250,2250,300,400,0.56,0.56,0.78,,,,,,,,,,,,,,,,,,,,,,,,,,,,,,,,,,,,,,,,,,,,,,,,,,,,,,,,
nova_orion_smuggler_medium_tier7,9000,10.51,8.96,47.59,39.55,53.66,1.95,6750,6750,6750,6750,23.79,18.85,29.46,43.26,6750,6750,36000,36000,37.8,,,,,,14400,14400,6750,6750,,,,,,,,,,,,wpn_incom_disruptor,6750,6750,630,880,0.56,0.56,0.78,,,,,,,,,,,,,,,,,,,,,,,,,,,,,,,,,,,,,,,,,,,,,,,,,,,,,,,,
nova_orion_smuggler_medium_tier8,18000,10.82,9.23,49.01,40.74,55.27,1.95,16200,16200,16200,16200,24.51,19.41,30.34,44.56,16200,16200,86400,86400,64.64,,,,,,34560,34560,16200,16200,,,,,,,,,,,,wpn_incom_disruptor,16200,16200,1111.32,1626.24,0.56,0.56,0.78,,,,,,,,,,,,,,,,,,,,,,,,,,,,,,,,,,,,,,,,,,,,,,,,,,,,,,,,
nova_orion_smuggler_medium_tier9,28800,11.15,9.51,50.48,41.96,56.93,1.95,31104,31104,31104,31104,25.24,20,31.25,45.89,31104,31104,165888,165888,105,,,,,,66355.2,66355.2,31104,31104,,,,,,,,,,,,wpn_incom_disruptor,31104,31104,1646.71,2524.44,0.56,0.56,0.78,,,,,,,,,,,,,,,,,,,,,,,,,,,,,,,,,,,,,,,,,,,,,,,,,,,,,,,,
nova_orion_smuggler_medium_tier10,36864,11.48,9.79,52,43.22,58.64,1.95,47775.74,47775.74,47775.74,47775.74,26,20.6,32.19,47.27,47775.74,47775.74,254803.97,254803.97,162.05,,,,,,101921.59,101921.59,47775.74,47775.74,,,,,,,,,,,,wpn_incom_disruptor,47775.74,47775.74,2049.62,3291.75,0.56,0.56,0.78,,,,,,,,,,,,,,,,,,,,,,,,,,,,,,,,,,,,,,,,,,,,,,,,,,,,,,,,
awing_tier1,216,11.22,8.7,46.2,38.4,52.1,1.62,135,135,135,135,23.1,18.3,28.6,46.2,135,135,540,540,3,,,,,,288,288,135,135,,,,,,,,,,,,wpn_awing_blaster,135,135,30,40,0.56,0.56,0.78,,,,,,,,,,,,,,,,,,,,,,,,,,,,,,,,,,,,,,,,,,,,,,,,,,,,,,,,
awing_tier2,540,11.56,8.96,47.59,39.55,53.66,1.62,405,405,405,405,23.79,18.85,29.46,47.59,405,405,1620,1620,5.4,,,,,,864,864,405,405,,,,,,,,,,,,wpn_awing_blaster,405,405,63,88,0.56,0.56,0.78,,,,,,,,,,,,,,,,,,,,,,,,,,,,,,,,,,,,,,,,,,,,,,,,,,,,,,,,
awing_tier3,1080,11.9,9.23,49.01,40.74,55.27,1.62,972,972,972,972,24.51,19.41,30.34,49.01,972,972,3888,3888,9.23,,,,,,2073.6,2073.6,972,972,,,,,,,,,,,,wpn_awing_blaster,972,972,111.13,162.62,0.56,0.56,0.78,,,,,,,,,,,,,,,,,,,,,,,,,,,,,,,,,,,,,,,,,,,,,,,,,,,,,,,,
awing_tier4,1728,12.26,9.51,50.48,41.96,56.93,1.62,1866.24,1866.24,1866.24,1866.24,25.24,20,31.25,50.48,1866.24,1866.24,7464.96,7464.96,15,,,,,,3981.31,3981.31,1866.24,1866.24,,,,,,,,,,,,wpn_awing_blaster,1866.24,1866.24,164.67,252.44,0.56,0.56,0.78,,,,,,,,,,,,,,,,,,,,,,,,,,,,,,,,,,,,,,,,,,,,,,,,,,,,,,,,
awing_tier5,2211.84,12.63,9.79,52,43.22,58.64,1.62,2866.54,2866.54,2866.54,2866.54,26,20.6,32.19,52,2866.54,2866.54,11466.18,11466.18,23.15,,,,,,6115.3,6115.3,2866.54,2866.54,,,,,,,,,,,,wpn_awing_blaster,2866.54,2866.54,204.96,329.17,0.56,0.56,0.78,,,,,,,,,,,,,,,,,,,,,,,,,,,,,,,,,,,,,,,,,,,,,,,,,,,,,,,,
blacksun_heavy_tier1,288,10.2,8.7,46.2,38.4,52.1,1.77,180,180,180,180,23.1,18.3,28.6,42,180,180,780,780,3.3,,,,,,384,384,180,180,,,,,,,,,,,,wpn_incom_disruptor,180,180,36,48,0.56,0.56,0.78,wpn_incom_disruptor,180,180,36,48,0.56,0.56,0.78,,,,,,,,,wpn_seinar_concussion_missile_s01,180,180,72,144,0.75,0.75,3,,,,,,,,,,,,,,,,,,,,,,,,,,,,,,,,
blacksun_heavy_tier2,720,10.51,8.96,47.59,39.55,53.66,1.77,540,540,540,540,23.79,18.85,29.46,43.26,540,540,2340,2340,5.94,,,,,,1152,1152,540,540,,,,,,,,,,,,wpn_incom_disruptor,540,540,75.6,105.6,0.56,0.56,0.78,wpn_incom_disruptor,540,540,75.6,105.6,0.56,0.56,0.78,,,,,,,,,wpn_seinar_concussion_missile_s01,540,540,151.2,316.8,0.75,0.75,3,,,,,,,,,,,,,,,,,,,,,,,,,,,,,,,,
blacksun_heavy_tier3,1440,10.82,9.23,49.01,40.74,55.27,1.77,1296,1296,1296,1296,24.51,19.41,30.34,44.56,1296,1296,5616,5616,10.16,,,,,,2764.8,2764.8,1296,1296,,,,,,,,,,,,wpn_incom_disruptor,1296,1296,133.36,195.15,0.56,0.56,0.78,wpn_incom_disruptor,1296,1296,133.36,195.15,0.56,0.56,0.78,,,,,,,,,wpn_seinar_concussion_missile_s01,1296,1296,266.72,585.45,0.75,0.75,3,,,,,,,,,,,,,,,,,,,,,,,,,,,,,,,,
blacksun_heavy_tier4,2304,11.15,9.51,50.48,41.96,56.93,1.77,2488.32,2488.32,2488.32,2488.32,25.24,20,31.25,45.89,2488.32,2488.32,10782.72,10782.72,16.5,,,,,,5308.42,5308.42,2488.32,2488.32,,,,,,,,,,,,wpn_incom_disruptor,2488.32,2488.32,197.61,302.93,0.56,0.56,0.78,wpn_incom_disruptor,2488.32,2488.32,197.61,302.93,0.56,0.56,0.78,,,,,,,,,wpn_seinar_concussion_missile_s01,2488.32,2488.32,395.22,908.79,0.75,0.75,3,,,,,,,,,,,,,,,,,,,,,,,,,,,,,,,,
blacksun_heavy_tier5,2949.12,11.48,9.79,52,43.22,58.64,1.77,3822.06,3822.06,3822.06,3822.06,26,20.6,32.19,47.27,3822.06,3822.06,16562.26,16562.26,25.47,,,,,,8153.73,8153.73,3822.06,3822.06,,,,,,,,,,,,wpn_incom_disruptor,3822.06,3822.06,245.95,395.01,0.56,0.56,0.78,wpn_incom_disruptor,3822.06,3822.06,245.95,395.01,0.56,0.56,0.78,,,,,,,,,wpn_seinar_concussion_missile_s01,3822.06,3822.06,491.9,1185.03,0.75,0.75,3,,,,,,,,,,,,,,,,,,,,,,,,,,,,,,,,
blacksun_light_tier1,240,10.2,8.7,46.2,38.4,52.1,1.87,135,135,135,135,23.1,18.3,28.6,42,135,135,660,660,3.3,,,,,,256,256,135,135,,,,,,,,,,,,wpn_incom_disruptor,135,135,27,36,0.56,0.56,0.78,,,,,,,,,,,,,,,,,,,,,,,,,,,,,,,,,,,,,,,,,,,,,,,,,,,,,,,,
blacksun_light_tier2,600,10.51,8.96,47.59,39.55,53.66,1.87,405,405,405,405,23.79,18.85,29.46,43.26,405,405,1980,1980,5.94,,,,,,768,768,405,405,,,,,,,,,,,,wpn_incom_disruptor,405,405,56.7,79.2,0.56,0.56,0.78,,,,,,,,,,,,,,,,,,,,,,,,,,,,,,,,,,,,,,,,,,,,,,,,,,,,,,,,
blacksun_light_tier3,1200,10.82,9.23,49.01,40.74,55.27,1.87,972,972,972,972,24.51,19.41,30.34,44.56,972,972,4752,4752,10.16,,,,,,1843.2,1843.2,972,972,,,,,,,,,,,,wpn_incom_disruptor,972,972,100.02,146.36,0.56,0.56,0.78,,,,,,,,,,,,,,,,,,,,,,,,,,,,,,,,,,,,,,,,,,,,,,,,,,,,,,,,
blacksun_light_tier4,1920,11.15,9.51,50.48,41.96,56.93,1.87,1866.24,1866.24,1866.24,1866.24,25.24,20,31.25,45.89,1866.24,1866.24,9123.84,9123.84,16.5,,,,,,3538.94,3538.94,1866.24,1866.24,,,,,,,,,,,,wpn_incom_disruptor,1866.24,1866.24,148.2,227.2,0.56,0.56,0.78,,,,,,,,,,,,,,,,,,,,,,,,,,,,,,,,,,,,,,,,,,,,,,,,,,,,,,,,
blacksun_light_tier5,2457.6,11.48,9.79,52,43.22,58.64,1.87,2866.54,2866.54,2866.54,2866.54,26,20.6,32.19,47.27,2866.54,2866.54,14014.22,14014.22,25.47,,,,,,5435.82,5435.82,2866.54,2866.54,,,,,,,,,,,,wpn_incom_disruptor,2866.54,2866.54,184.47,296.26,0.56,0.56,0.78,,,,,,,,,,,,,,,,,,,,,,,,,,,,,,,,,,,,,,,,,,,,,,,,,,,,,,,,
blacksun_medium_tier1,264,10.2,8.7,46.2,38.4,52.1,1.8,165,165,165,165,23.1,18.3,28.6,42,165,165,720,720,3.3,,,,,,320,320,165,165,,,,,,,,,,,,wpn_incom_disruptor,165,165,33,44,0.56,0.56,0.78,,,,,,,,,wpn_seinar_concussion_missile_s01,165,165,66,132,0.75,0.75,3,,,,,,,,,,,,,,,,,,,,,,,,,,,,,,,,,,,,,,,,
blacksun_medium_tier2,660,10.51,8.96,47.59,39.55,53.66,1.8,495,495,495,495,23.79,18.85,29.46,43.26,495,495,2160,2160,5.94,,,,,,960,960,495,495,,,,,,,,,,,,wpn_incom_disruptor,495,495,69.3,96.8,0.56,0.56,0.78,,,,,,,,,wpn_seinar_concussion_missile_s01,495,495,138.6,290.4,0.75,0.75,3,,,,,,,,,,,,,,,,,,,,,,,,,,,,,,,,,,,,,,,,
blacksun_medium_tier3,1320,10.82,9.23,49.01,40.74,55.27,1.8,1188,1188,1188,1188,24.51,19.41,30.34,44.56,1188,1188,5184,5184,10.16,,,,,,2304,2304,1188,1188,,,,,,,,,,,,wpn_incom_disruptor,1188,1188,122.25,178.89,0.56,0.56,0.78,,,,,,,,,wpn_seinar_concussion_missile_s01,1188,1188,244.5,536.67,0.75,0.75,3,,,,,,,,,,,,,,,,,,,,,,,,,,,,,,,,,,,,,,,,
blacksun_medium_tier4,2112,11.15,9.51,50.48,41.96,56.93,1.8,2280.96,2280.96,2280.96,2280.96,25.24,20,31.25,45.89,2280.96,2280.96,9953.28,9953.28,16.5,,,,,,4423.68,4423.68,2280.96,2280.96,,,,,,,,,,,,wpn_incom_disruptor,2280.96,2280.96,181.14,277.69,0.56,0.56,0.78,,,,,,,,,wpn_seinar_concussion_missile_s01,2280.96,2280.96,362.28,833.07,0.75,0.75,3,,,,,,,,,,,,,,,,,,,,,,,,,,,,,,,,,,,,,,,,
blacksun_medium_tier5,2703.36,11.48,9.79,52,43.22,58.64,1.8,3503.55,3503.55,3503.55,3503.55,26,20.6,32.19,47.27,3503.55,3503.55,15288.24,15288.24,25.47,,,,,,6794.77,6794.77,3503.55,3503.55,,,,,,,,,,,,wpn_incom_disruptor,3503.55,3503.55,225.46,362.09,0.56,0.56,0.78,,,,,,,,,wpn_seinar_concussion_missile_s01,3503.55,3503.55,450.92,1086.27,0.75,0.75,3,,,,,,,,,,,,,,,,,,,,,,,,,,,,,,,,,,,,,,,,
blacksun_transport_tier1,480,10.2,8.7,46.2,38.4,52.1,1.83,300,300,300,300,23.1,18.3,28.6,42,300,300,1800,1800,3,,,,,,960,960,300,300,,,,,,,,,,,,,,,,,,,,,,,,,,,,,,,,,,,,,,,,,,,,,,,,,,,,,,,,,,,,,,,,,,,,,,,,,,,
blacksun_transport_tier2,1200,10.51,8.96,47.59,39.55,53.66,1.83,900,900,900,900,23.79,18.85,29.46,43.26,900,900,5400,5400,5.4,,,,,,2880,2880,900,900,,,,,,,,,,,,,,,,,,,,,,,,,,,,,,,,,,,,,,,,,,,,,,,,,,,,,,,,,,,,,,,,,,,,,,,,,,,
blacksun_transport_tier3,2400,10.82,9.23,49.01,40.74,55.27,1.83,2160,2160,2160,2160,24.51,19.41,30.34,44.56,2160,2160,12960,12960,9.23,,,,,,6912,6912,2160,2160,,,,,,,,,,,,,,,,,,,,,,,,,,,,,,,,,,,,,,,,,,,,,,,,,,,,,,,,,,,,,,,,,,,,,,,,,,,
blacksun_transport_tier4,3840,11.15,9.51,50.48,41.96,56.93,1.83,4147.2,4147.2,4147.2,4147.2,25.24,20,31.25,45.89,4147.2,4147.2,24883.2,24883.2,15,,,,,,13271.04,13271.04,4147.2,4147.2,,,,,,,,,,,,,,,,,,,,,,,,,,,,,,,,,,,,,,,,,,,,,,,,,,,,,,,,,,,,,,,,,,,,,,,,,,,
blacksun_transport_tier5,4915.2,11.48,9.79,52,43.22,58.64,1.83,6370.1,6370.1,6370.1,6370.1,26,20.6,32.19,47.27,6370.1,6370.1,38220.6,38220.6,23.15,,,,,,20384.32,20384.32,6370.1,6370.1,,,,,,,,,,,,,,,,,,,,,,,,,,,,,,,,,,,,,,,,,,,,,,,,,,,,,,,,,,,,,,,,,,,,,,,,,,,
bwing_tier1,288,10.2,8.7,46.2,38.4,52.1,1.67,180,180,180,180,23.1,18.3,28.6,42,180,180,720,720,3,,,,,,384,384,180,180,,,,,,,,,,,,wpn_bwing_blaster,180,180,33,44,0.56,0.56,0.78,wpn_bwing_blaster,180,180,33,44,0.56,0.56,0.78,wpn_bwing_blaster,180,180,33,44,0.56,0.56,0.78,wpn_bwing_blaster,180,180,33,44,0.56,0.56,0.78,wpn_seinar_concussion_missile_s01,180,180,66,132,0.75,0.75,3,,,,,,,,,,,,,,,,,,,,,,,,
bwing_tier2,720,10.51,8.96,47.59,39.55,53.66,1.67,540,540,540,540,23.79,18.85,29.46,43.26,540,540,2160,2160,5.4,,,,,,1152,1152,540,540,,,,,,,,,,,,wpn_bwing_blaster,540,540,69.3,96.8,0.56,0.56,0.78,wpn_bwing_blaster,540,540,69.3,96.8,0.56,0.56,0.78,wpn_bwing_blaster,540,540,69.3,96.8,0.56,0.56,0.78,wpn_bwing_blaster,540,540,69.3,96.8,0.56,0.56,0.78,wpn_seinar_concussion_missile_s01,540,540,138.6,290.4,0.75,0.75,3,,,,,,,,,,,,,,,,,,,,,,,,
bwing_tier3,1440,10.82,9.23,49.01,40.74,55.27,1.67,1296,1296,1296,1296,24.51,19.41,30.34,44.56,1296,1296,5184,5184,9.23,,,,,,2764.8,2764.8,1296,1296,,,,,,,,,,,,wpn_bwing_blaster,1296,1296,122.25,178.89,0.56,0.56,0.78,wpn_bwing_blaster,1296,1296,122.25,178.89,0.56,0.56,0.78,wpn_bwing_blaster,1296,1296,122.25,178.89,0.56,0.56,0.78,wpn_bwing_blaster,1296,1296,122.25,178.89,0.56,0.56,0.78,wpn_seinar_concussion_missile_s01,1296,1296,244.5,536.67,0.75,0.75,3,,,,,,,,,,,,,,,,,,,,,,,,
bwing_tier4,2304,11.15,9.51,50.48,41.96,56.93,1.67,2488.32,2488.32,2488.32,2488.32,25.24,20,31.25,45.89,2488.32,2488.32,9953.28,9953.28,15,,,,,,5308.42,5308.42,2488.32,2488.32,,,,,,,,,,,,wpn_bwing_blaster,2488.32,2488.32,181.14,277.69,0.56,0.56,0.78,wpn_bwing_blaster,2488.32,2488.32,181.14,277.69,0.56,0.56,0.78,wpn_bwing_blaster,2488.32,2488.32,181.14,277.69,0.56,0.56,0.78,wpn_bwing_blaster,2488.32,2488.32,181.14,277.69,0.56,0.56,0.78,wpn_seinar_concussion_missile_s01,2488.32,2488.32,362.28,833.07,0.75,0.75,3,,,,,,,,,,,,,,,,,,,,,,,,
bwing_tier5,2949.12,11.48,9.79,52,43.22,58.64,1.67,3822.06,3822.06,3822.06,3822.06,26,20.6,32.19,47.27,3822.06,3822.06,15288.24,15288.24,23.15,,,,,,8153.73,8153.73,3822.06,3822.06,,,,,,,,,,,,wpn_bwing_blaster,3822.06,3822.06,225.46,362.09,0.56,0.56,0.78,wpn_bwing_blaster,3822.06,3822.06,225.46,362.09,0.56,0.56,0.78,wpn_bwing_blaster,3822.06,3822.06,225.46,362.09,0.56,0.56,0.78,wpn_bwing_blaster,3822.06,3822.06,225.46,362.09,0.56,0.56,0.78,wpn_seinar_concussion_missile_s01,3822.06,3822.06,450.92,1086.27,0.75,0.75,3,,,,,,,,,,,,,,,,,,,,,,,,
decimator_tier1,480,10.2,8.7,46.2,38.4,52.1,1.69,300,300,300,300,23.1,18.3,28.6,42,300,300,1200,1200,6,,,,,,640,640,300,300,,,,,,,,,,,,wpn_tieadvanced_blaster,300,300,60,80,0.56,0.56,0.78,wpn_tieadvanced_blaster,300,300,60,80,0.56,0.56,0.78,wpn_seinar_concussion_missile_s01,300,300,120,240,0.75,0.75,3,,,,,,,,,,,,,,,,,,,,,,,,,,,,,,,,,,,,,,,,
decimator_tier2,1200,10.51,8.96,47.59,39.55,53.66,1.69,900,900,900,900,23.79,18.85,29.46,43.26,900,900,3600,3600,10.8,,,,,,1920,1920,900,900,,,,,,,,,,,,wpn_tieadvanced_blaster,900,900,126,176,0.56,0.56,0.78,wpn_tieadvanced_blaster,900,900,126,176,0.56,0.56,0.78,wpn_seinar_concussion_missile_s01,900,900,252,528,0.75,0.75,3,,,,,,,,,,,,,,,,,,,,,,,,,,,,,,,,,,,,,,,,
decimator_tier3,2400,10.82,9.23,49.01,40.74,55.27,1.69,2160,2160,2160,2160,24.51,19.41,30.34,44.56,2160,2160,8640,8640,18.47,,,,,,4608,4608,2160,2160,,,,,,,,,,,,wpn_tieadvanced_blaster,2160,2160,222.26,325.25,0.56,0.56,0.78,wpn_tieadvanced_blaster,2160,2160,222.26,325.25,0.56,0.56,0.78,wpn_seinar_concussion_missile_s01,2160,2160,444.52,975.75,0.75,0.75,3,,,,,,,,,,,,,,,,,,,,,,,,,,,,,,,,,,,,,,,,
decimator_tier4,3840,11.15,9.51,50.48,41.96,56.93,1.69,4147.2,4147.2,4147.2,4147.2,25.24,20,31.25,45.89,4147.2,4147.2,16588.8,16588.8,30,,,,,,8847.36,8847.36,4147.2,4147.2,,,,,,,,,,,,wpn_tieadvanced_blaster,4147.2,4147.2,329.34,504.89,0.56,0.56,0.78,wpn_tieadvanced_blaster,4147.2,4147.2,329.34,504.89,0.56,0.56,0.78,wpn_seinar_concussion_missile_s01,4147.2,4147.2,658.68,1514.67,0.75,0.75,3,,,,,,,,,,,,,,,,,,,,,,,,,,,,,,,,,,,,,,,,
decimator_tier5,4915.2,11.48,9.79,52,43.22,58.64,1.69,6370.1,6370.1,6370.1,6370.1,26,20.6,32.19,47.27,6370.1,6370.1,25480.4,25480.4,46.3,,,,,,13589.54,13589.54,6370.1,6370.1,,,,,,,,,,,,wpn_tieadvanced_blaster,6370.1,6370.1,409.92,658.35,0.56,0.56,0.78,wpn_tieadvanced_blaster,6370.1,6370.1,409.92,658.35,0.56,0.56,0.78,wpn_seinar_concussion_missile_s01,6370.1,6370.1,819.84,1975.05,0.75,0.75,3,,,,,,,,,,,,,,,,,,,,,,,,,,,,,,,,,,,,,,,,
droid_fighter_tier1,240,10.2,8.7,46.2,38.4,52.1,1.92,150,150,150,150,23.1,18.3,28.6,42,150,150,600,600,3,,,,,,320,320,150,150,,,,,,,,,,,,wpn_incom_blaster,150,150,30,40,0.56,0.56,0.78,,,,,,,,,,,,,,,,,,,,,,,,,,,,,,,,,,,,,,,,,,,,,,,,,,,,,,,,
droid_fighter_tier2,600,10.51,8.96,47.59,39.55,53.66,1.92,450,450,450,450,23.79,18.85,29.46,43.26,450,450,1800,1800,5.4,,,,,,960,960,450,450,,,,,,,,,,,,wpn_incom_blaster,450,450,63,88,0.56,0.56,0.78,,,,,,,,,,,,,,,,,,,,,,,,,,,,,,,,,,,,,,,,,,,,,,,,,,,,,,,,
droid_fighter_tier3,1200,10.82,9.23,49.01,40.74,55.27,1.92,1080,1080,1080,1080,24.51,19.41,30.34,44.56,1080,1080,4320,4320,9.23,,,,,,2304,2304,1080,1080,,,,,,,,,,,,wpn_incom_blaster,1080,1080,111.13,162.62,0.56,0.56,0.78,,,,,,,,,,,,,,,,,,,,,,,,,,,,,,,,,,,,,,,,,,,,,,,,,,,,,,,,
droid_fighter_tier4,1920,11.15,9.51,50.48,41.96,56.93,1.92,2073.6,2073.6,2073.6,2073.6,25.24,20,31.25,45.89,2073.6,2073.6,8294.4,8294.4,15,,,,,,4423.68,4423.68,2073.6,2073.6,,,,,,,,,,,,wpn_incom_blaster,2073.6,2073.6,164.67,252.44,0.56,0.56,0.78,,,,,,,,,,,,,,,,,,,,,,,,,,,,,,,,,,,,,,,,,,,,,,,,,,,,,,,,
droid_fighter_tier5,2457.6,11.48,9.79,52,43.22,58.64,1.92,3185.05,3185.05,3185.05,3185.05,26,20.6,32.19,47.27,3185.05,3185.05,12740.2,12740.2,23.15,,,,,,6794.77,6794.77,3185.05,3185.05,,,,,,,,,,,,wpn_incom_blaster,3185.05,3185.05,204.96,329.17,0.56,0.56,0.78,,,,,,,,,,,,,,,,,,,,,,,,,,,,,,,,,,,,,,,,,,,,,,,,,,,,,,,,
escape_pod_tier1,120,10.2,8.7,46.2,38.4,52.1,1.99,75,75,75,75,23.1,18.3,28.6,42,75,75,300,300,1.5,,,,,,160,160,75,75,,,,,,,,,,,,,,,,,,,,,,,,,,,,,,,,,,,,,,,,,,,,,,,,,,,,,,,,,,,,,,,,,,,,,,,,,,,
escape_pod_tier2,300,10.51,8.96,47.59,39.55,53.66,1.99,225,225,225,225,23.79,18.85,29.46,43.26,225,225,900,900,2.7,,,,,,480,480,225,225,,,,,,,,,,,,,,,,,,,,,,,,,,,,,,,,,,,,,,,,,,,,,,,,,,,,,,,,,,,,,,,,,,,,,,,,,,,
escape_pod_tier3,600,10.82,9.23,49.01,40.74,55.27,1.99,540,540,540,540,24.51,19.41,30.34,44.56,540,540,2160,2160,4.62,,,,,,1152,1152,540,540,,,,,,,,,,,,,,,,,,,,,,,,,,,,,,,,,,,,,,,,,,,,,,,,,,,,,,,,,,,,,,,,,,,,,,,,,,,
escape_pod_tier4,960,11.15,9.51,50.48,41.96,56.93,1.99,1036.8,1036.8,1036.8,1036.8,25.24,20,31.25,45.89,1036.8,1036.8,4147.2,4147.2,7.5,,,,,,2211.84,2211.84,1036.8,1036.8,,,,,,,,,,,,,,,,,,,,,,,,,,,,,,,,,,,,,,,,,,,,,,,,,,,,,,,,,,,,,,,,,,,,,,,,,,,
escape_pod_tier5,1228.8,11.48,9.79,52,43.22,58.64,1.99,1592.52,1592.52,1592.52,1592.52,26,20.6,32.19,47.27,1592.52,1592.52,6370.1,6370.1,11.58,,,,,,3397.39,3397.39,1592.52,1592.52,,,,,,,,,,,,,,,,,,,,,,,,,,,,,,,,,,,,,,,,,,,,,,,,,,,,,,,,,,,,,,,,,,,,,,,,,,,
firespray_tier1,312,10.2,8.7,46.2,38.4,52.1,1.81,195,195,195,195,23.1,18.3,28.6,42,195,195,780,780,3.9,,,,,,416,416,195,195,,,,,,,,,,,,wpn_incom_disruptor,195,195,39,52,0.56,0.56,0.78,,,,,,,,,,,,,,,,,,,,,,,,,,,,,,,,,,,,,,,,,,,,,,,,,,,,,,,,
firespray_tier2,780,10.51,8.96,47.59,39.55,53.66,1.81,585,585,585,585,23.79,18.85,29.46,43.26,585,585,2340,2340,7.02,,,,,,1248,1248,585,585,,,,,,,,,,,,wpn_incom_disruptor,585,585,81.9,114.4,0.56,0.56,0.78,,,,,,,,,,,,,,,,,,,,,,,,,,,,,,,,,,,,,,,,,,,,,,,,,,,,,,,,
firespray_tier3,1560,10.82,9.23,49.01,40.74,55.27,1.81,1404,1404,1404,1404,24.51,19.41,30.34,44.56,1404,1404,5616,5616,12,,,,,,2995.2,2995.2,1404,1404,,,,,,,,,,,,wpn_incom_disruptor,1404,1404,144.47,211.41,0.56,0.56,0.78,,,,,,,,,,,,,,,,,,,,,,,,,,,,,,,,,,,,,,,,,,,,,,,,,,,,,,,,
firespray_tier4,2496,11.15,9.51,50.48,41.96,56.93,1.81,2695.68,2695.68,2695.68,2695.68,25.24,20,31.25,45.89,2695.68,2695.68,10782.72,10782.72,19.5,,,,,,5750.78,5750.78,2695.68,2695.68,,,,,,,,,,,,wpn_incom_disruptor,2695.68,2695.68,214.07,328.18,0.56,0.56,0.78,,,,,,,,,,,,,,,,,,,,,,,,,,,,,,,,,,,,,,,,,,,,,,,,,,,,,,,,
firespray_tier5,3194.88,11.48,9.79,52,43.22,58.64,1.81,4140.56,4140.56,4140.56,4140.56,26,20.6,32.19,47.27,4140.56,4140.56,16562.26,16562.26,30.1,,,,,,8833.2,8833.2,4140.56,4140.56,,,,,,,,,,,,wpn_incom_disruptor,4140.56,4140.56,266.45,427.93,0.56,0.56,0.78,,,,,,,,,,,,,,,,,,,,,,,,,,,,,,,,,,,,,,,,,,,,,,,,,,,,,,,,
freighterheavy_tier1,480,10.2,8.7,46.2,38.4,52.1,1.91,300,300,300,300,23.1,18.3,28.6,42,300,300,3000,3000,4.5,,,,,,1600,1600,300,300,,,,,,,,,,,,,,,,,,,,,,,,,,,,,,,,,,,,,,,,,,,,,,,,,,,,,,,,,,,,,,,,,,,,,,,,,,,
freighterheavy_tier2,1200,10.51,8.96,47.59,39.55,53.66,1.91,900,900,900,900,23.79,18.85,29.46,43.26,900,900,9000,9000,8.1,,,,,,4800,4800,900,900,,,,,,,,,,,,,,,,,,,,,,,,,,,,,,,,,,,,,,,,,,,,,,,,,,,,,,,,,,,,,,,,,,,,,,,,,,,
freighterheavy_tier3,2400,10.82,9.23,49.01,40.74,55.27,1.91,2160,2160,2160,2160,24.51,19.41,30.34,44.56,2160,2160,21600,21600,13.85,,,,,,11520,11520,2160,2160,,,,,,,,,,,,,,,,,,,,,,,,,,,,,,,,,,,,,,,,,,,,,,,,,,,,,,,,,,,,,,,,,,,,,,,,,,,
freighterheavy_tier4,3840,11.15,9.51,50.48,41.96,56.93,1.91,4147.2,4147.2,4147.2,4147.2,25.24,20,31.25,45.89,4147.2,4147.2,41472,41472,22.5,,,,,,22118.4,22118.4,4147.2,4147.2,,,,,,,,,,,,,,,,,,,,,,,,,,,,,,,,,,,,,,,,,,,,,,,,,,,,,,,,,,,,,,,,,,,,,,,,,,,
freighterheavy_tier5,4915.2,11.48,9.79,52,43.22,58.64,1.91,6370.1,6370.1,6370.1,6370.1,26,20.6,32.19,47.27,6370.1,6370.1,63700.99,63700.99,34.73,,,,,,33973.86,33973.86,6370.1,6370.1,,,,,,,,,,,,,,,,,,,,,,,,,,,,,,,,,,,,,,,,,,,,,,,,,,,,,,,,,,,,,,,,,,,,,,,,,,,
freighterlight_tier1,480,10.2,8.7,46.2,38.4,52.1,1.83,300,300,300,300,23.1,18.3,28.6,42,300,300,1800,1800,3,,,,,,960,960,300,300,,,,,,,,,,,,,,,,,,,,,,,,,,,,,,,,,,,,,,,,,,,,,,,,,,,,,,,,,,,,,,,,,,,,,,,,,,,
freighterlight_tier2,1200,10.51,8.96,47.59,39.55,53.66,1.83,900,900,900,900,23.79,18.85,29.46,43.26,900,900,5400,5400,5.4,,,,,,2880,2880,900,900,,,,,,,,,,,,,,,,,,,,,,,,,,,,,,,,,,,,,,,,,,,,,,,,,,,,,,,,,,,,,,,,,,,,,,,,,,,
freighterlight_tier3,2400,10.82,9.23,49.01,40.74,55.27,1.83,2160,2160,2160,2160,24.51,19.41,30.34,44.56,2160,2160,12960,12960,9.23,,,,,,6912,6912,2160,2160,,,,,,,,,,,,,,,,,,,,,,,,,,,,,,,,,,,,,,,,,,,,,,,,,,,,,,,,,,,,,,,,,,,,,,,,,,,
freighterlight_tier4,3840,11.15,9.51,50.48,41.96,56.93,1.83,4147.2,4147.2,4147.2,4147.2,25.24,20,31.25,45.89,4147.2,4147.2,24883.2,24883.2,15,,,,,,13271.04,13271.04,4147.2,4147.2,,,,,,,,,,,,,,,,,,,,,,,,,,,,,,,,,,,,,,,,,,,,,,,,,,,,,,,,,,,,,,,,,,,,,,,,,,,
freighterlight_tier5,4915.2,11.48,9.79,52,43.22,58.64,1.83,6370.1,6370.1,6370.1,6370.1,26,20.6,32.19,47.27,6370.1,6370.1,38220.6,38220.6,23.15,,,,,,20384.32,20384.32,6370.1,6370.1,,,,,,,,,,,,,,,,,,,,,,,,,,,,,,,,,,,,,,,,,,,,,,,,,,,,,,,,,,,,,,,,,,,,,,,,,,,
freightermedium_tier1,480,10.2,8.7,46.2,38.4,52.1,1.87,300,300,300,300,23.1,18.3,28.6,42,300,300,2400,2400,3.75,,,,,,1280,1280,300,300,,,,,,,,,,,,,,,,,,,,,,,,,,,,,,,,,,,,,,,,,,,,,,,,,,,,,,,,,,,,,,,,,,,,,,,,,,,
freightermedium_tier2,1200,10.51,8.96,47.59,39.55,53.66,1.87,900,900,900,900,23.79,18.85,29.46,43.26,900,900,7200,7200,6.75,,,,,,3840,3840,900,900,,,,,,,,,,,,,,,,,,,,,,,,,,,,,,,,,,,,,,,,,,,,,,,,,,,,,,,,,,,,,,,,,,,,,,,,,,,
freightermedium_tier3,2400,10.82,9.23,49.01,40.74,55.27,1.87,2160,2160,2160,2160,24.51,19.41,30.34,44.56,2160,2160,17280,17280,11.54,,,,,,9216,9216,2160,2160,,,,,,,,,,,,,,,,,,,,,,,,,,,,,,,,,,,,,,,,,,,,,,,,,,,,,,,,,,,,,,,,,,,,,,,,,,,
freightermedium_tier4,3840,11.15,9.51,50.48,41.96,56.93,1.87,4147.2,4147.2,4147.2,4147.2,25.24,20,31.25,45.89,4147.2,4147.2,33177.6,33177.6,18.75,,,,,,17694.72,17694.72,4147.2,4147.2,,,,,,,,,,,,,,,,,,,,,,,,,,,,,,,,,,,,,,,,,,,,,,,,,,,,,,,,,,,,,,,,,,,,,,,,,,,
freightermedium_tier5,4915.2,11.48,9.79,52,43.22,58.64,1.87,6370.1,6370.1,6370.1,6370.1,26,20.6,32.19,47.27,6370.1,6370.1,50960.79,50960.79,28.94,,,,,,27179.09,27179.09,6370.1,6370.1,,,,,,,,,,,,,,,,,,,,,,,,,,,,,,,,,,,,,,,,,,,,,,,,,,,,,,,,,,,,,,,,,,,,,,,,,,,
hutt_heavy_tier1,288,10.2,8.7,46.2,38.4,52.1,1.65,180,180,180,180,23.1,18.3,28.6,42,180,180,720,720,3,,,,,,416,416,180,180,,,,,,,,,,,,wpn_incom_disruptor,180,180,36,48,0.56,0.56,0.78,wpn_incom_disruptor,180,180,36,48,0.56,0.56,0.78,,,,,,,,,wpn_seinar_concussion_missile_s01,180,180,72,144,0.75,0.75,3,,,,,,,,,,,,,,,,,,,,,,,,,,,,,,,,
hutt_heavy_tier2,720,10.51,8.96,47.59,39.55,53.66,1.65,540,540,540,540,23.79,18.85,29.46,43.26,540,540,2160,2160,5.4,,,,,,1248,1248,540,540,,,,,,,,,,,,wpn_incom_disruptor,540,540,75.6,105.6,0.56,0.56,0.78,wpn_incom_disruptor,540,540,75.6,105.6,0.56,0.56,0.78,,,,,,,,,wpn_seinar_concussion_missile_s01,540,540,151.2,316.8,0.75,0.75,3,,,,,,,,,,,,,,,,,,,,,,,,,,,,,,,,
hutt_heavy_tier3,1440,10.82,9.23,49.01,40.74,55.27,1.65,1296,1296,1296,1296,24.51,19.41,30.34,44.56,1296,1296,5184,5184,9.23,,,,,,2995.2,2995.2,1296,1296,,,,,,,,,,,,wpn_incom_disruptor,1296,1296,133.36,195.15,0.56,0.56,0.78,wpn_incom_disruptor,1296,1296,133.36,195.15,0.56,0.56,0.78,,,,,,,,,wpn_seinar_concussion_missile_s01,1296,1296,266.72,585.45,0.75,0.75,3,,,,,,,,,,,,,,,,,,,,,,,,,,,,,,,,
hutt_heavy_tier4,2304,11.15,9.51,50.48,41.96,56.93,1.65,2488.32,2488.32,2488.32,2488.32,25.24,20,31.25,45.89,2488.32,2488.32,9953.28,9953.28,15,,,,,,5750.78,5750.78,2488.32,2488.32,,,,,,,,,,,,wpn_incom_disruptor,2488.32,2488.32,197.61,302.93,0.56,0.56,0.78,wpn_incom_disruptor,2488.32,2488.32,197.61,302.93,0.56,0.56,0.78,,,,,,,,,wpn_seinar_concussion_missile_s01,2488.32,2488.32,395.22,908.79,0.75,0.75,3,,,,,,,,,,,,,,,,,,,,,,,,,,,,,,,,
hutt_heavy_tier5,2949.12,11.48,9.79,52,43.22,58.64,1.65,3822.06,3822.06,3822.06,3822.06,26,20.6,32.19,47.27,3822.06,3822.06,15288.24,15288.24,23.15,,,,,,8833.2,8833.2,3822.06,3822.06,,,,,,,,,,,,wpn_incom_disruptor,3822.06,3822.06,245.95,395.01,0.56,0.56,0.78,wpn_incom_disruptor,3822.06,3822.06,245.95,395.01,0.56,0.56,0.78,,,,,,,,,wpn_seinar_concussion_missile_s01,3822.06,3822.06,491.9,1185.03,0.75,0.75,3,,,,,,,,,,,,,,,,,,,,,,,,,,,,,,,,
hutt_light_tier1,240,10.2,8.7,46.2,38.4,52.1,1.89,150,150,150,150,23.1,18.3,28.6,42,150,150,540,540,3,,,,,,256,256,150,150,,,,,,,,,,,,wpn_incom_disruptor,150,150,30,40,0.56,0.56,0.78,,,,,,,,,,,,,,,,,,,,,,,,,,,,,,,,,,,,,,,,,,,,,,,,,,,,,,,,
hutt_light_tier2,600,10.51,8.96,47.59,39.55,53.66,1.89,450,450,450,450,23.79,18.85,29.46,43.26,450,450,1620,1620,5.4,,,,,,768,768,450,450,,,,,,,,,,,,wpn_incom_disruptor,450,450,63,88,0.56,0.56,0.78,,,,,,,,,,,,,,,,,,,,,,,,,,,,,,,,,,,,,,,,,,,,,,,,,,,,,,,,
hutt_light_tier3,1200,10.82,9.23,49.01,40.74,55.27,1.89,1080,1080,1080,1080,24.51,19.41,30.34,44.56,1080,1080,3888,3888,9.23,,,,,,1843.2,1843.2,1080,1080,,,,,,,,,,,,wpn_incom_disruptor,1080,1080,111.13,162.62,0.56,0.56,0.78,,,,,,,,,,,,,,,,,,,,,,,,,,,,,,,,,,,,,,,,,,,,,,,,,,,,,,,,
hutt_light_tier4,1920,11.15,9.51,50.48,41.96,56.93,1.89,2073.6,2073.6,2073.6,2073.6,25.24,20,31.25,45.89,2073.6,2073.6,7464.96,7464.96,15,,,,,,3538.94,3538.94,2073.6,2073.6,,,,,,,,,,,,wpn_incom_disruptor,2073.6,2073.6,164.67,252.44,0.56,0.56,0.78,,,,,,,,,,,,,,,,,,,,,,,,,,,,,,,,,,,,,,,,,,,,,,,,,,,,,,,,
hutt_light_tier5,2457.6,11.48,9.79,52,43.22,58.64,1.89,3185.05,3185.05,3185.05,3185.05,26,20.6,32.19,47.27,3185.05,3185.05,11466.18,11466.18,23.15,,,,,,5435.82,5435.82,3185.05,3185.05,,,,,,,,,,,,wpn_incom_disruptor,3185.05,3185.05,204.96,329.17,0.56,0.56,0.78,,,,,,,,,,,,,,,,,,,,,,,,,,,,,,,,,,,,,,,,,,,,,,,,,,,,,,,,
hutt_medium_tier1,240,10.2,8.7,46.2,38.4,52.1,1.79,150,150,150,150,23.1,18.3,28.6,42,150,150,600,600,3,,,,,,320,320,150,150,,,,,,,,,,,,wpn_incom_disruptor,150,150,30,40,0.56,0.56,0.78,,,,,,,,,,,,,,,,,,,,,,,,,,,,,,,,,,,,,,,,,,,,,,,,,,,,,,,,
hutt_medium_tier2,600,10.51,8.96,47.59,39.55,53.66,1.79,450,450,450,450,23.79,18.85,29.46,43.26,450,450,1800,1800,5.4,,,,,,960,960,450,450,,,,,,,,,,,,wpn_incom_disruptor,450,450,63,88,0.56,0.56,0.78,,,,,,,,,,,,,,,,,,,,,,,,,,,,,,,,,,,,,,,,,,,,,,,,,,,,,,,,
hutt_medium_tier3,1200,10.82,9.23,49.01,40.74,55.27,1.79,1080,1080,1080,1080,24.51,19.41,30.34,44.56,1080,1080,4320,4320,9.23,,,,,,2304,2304,1080,1080,,,,,,,,,,,,wpn_incom_disruptor,1080,1080,111.13,162.62,0.56,0.56,0.78,,,,,,,,,,,,,,,,,,,,,,,,,,,,,,,,,,,,,,,,,,,,,,,,,,,,,,,,
hutt_medium_tier4,1920,11.15,9.51,50.48,41.96,56.93,1.79,2073.6,2073.6,2073.6,2073.6,25.24,20,31.25,45.89,2073.6,2073.6,8294.4,8294.4,15,,,,,,4423.68,4423.68,2073.6,2073.6,,,,,,,,,,,,wpn_incom_disruptor,2073.6,2073.6,164.67,252.44,0.56,0.56,0.78,,,,,,,,,,,,,,,,,,,,,,,,,,,,,,,,,,,,,,,,,,,,,,,,,,,,,,,,
hutt_medium_tier5,5000,11.48,9.79,52,43.22,58.64,1.79,5000,5000,5000,5000,26,20.6,32.19,47.27,3185.05,3185.05,12740.2,12740.2,23.15,,,,,,6794.77,6794.77,3185.05,3185.05,,,,,,,,,,,,wpn_incom_disruptor,3185.05,3185.05,204.96,329.17,0.56,0.56,0.78,,,,,,,,,,,,,,,,,,,,,,,,,,,,,,,,,,,,,,,,,,,,,,,,,,,,,,,,
hutt_transport_tier1,480,10.2,8.7,46.2,38.4,52.1,1.83,300,300,300,300,23.1,18.3,28.6,42,300,300,1800,1800,3,,,,,,960,960,300,300,,,,,,,,,,,,,,,,,,,,,,,,,,,,,,,,,,,,,,,,,,,,,,,,,,,,,,,,,,,,,,,,,,,,,,,,,,,
hutt_transport_tier2,1200,10.51,8.96,47.59,39.55,53.66,1.83,900,900,900,900,23.79,18.85,29.46,43.26,900,900,5400,5400,5.4,,,,,,2880,2880,900,900,,,,,,,,,,,,,,,,,,,,,,,,,,,,,,,,,,,,,,,,,,,,,,,,,,,,,,,,,,,,,,,,,,,,,,,,,,,
hutt_transport_tier3,2400,10.82,9.23,49.01,40.74,55.27,1.83,2160,2160,2160,2160,24.51,19.41,30.34,44.56,2160,2160,12960,12960,9.23,,,,,,6912,6912,2160,2160,,,,,,,,,,,,,,,,,,,,,,,,,,,,,,,,,,,,,,,,,,,,,,,,,,,,,,,,,,,,,,,,,,,,,,,,,,,
hutt_transport_tier4,3840,11.15,9.51,50.48,41.96,56.93,1.83,4147.2,4147.2,4147.2,4147.2,25.24,20,31.25,45.89,4147.2,4147.2,24883.2,24883.2,15,,,,,,13271.04,13271.04,4147.2,4147.2,,,,,,,,,,,,,,,,,,,,,,,,,,,,,,,,,,,,,,,,,,,,,,,,,,,,,,,,,,,,,,,,,,,,,,,,,,,
hutt_transport_tier5,4915.2,11.48,9.79,52,43.22,58.64,1.83,6370.1,6370.1,6370.1,6370.1,26,20.6,32.19,47.27,6370.1,6370.1,38220.6,38220.6,23.15,,,,,,20384.32,20384.32,6370.1,6370.1,,,,,,,,,,,,,,,,,,,,,,,,,,,,,,,,,,,,,,,,,,,,,,,,,,,,,,,,,,,,,,,,,,,,,,,,,,,
imperial_gunboat_tier1,2400,10.2,8.7,46.2,38.4,52.1,1.81,1500,1500,1500,1500,23.1,18.3,28.6,42,1500,1500,6000,6000,4.5,,,,,,3200,3200,1500,1500,,,,,,,,,,,,wpn_tieadvanced_blaster,1500,1500,75,100,0.56,0.56,0.78,wpn_tieadvanced_blaster,1500,1500,75,100,0.56,0.56,0.78,wpn_tieadvanced_blaster,1500,1500,75,100,0.56,0.56,0.78,wpn_tieadvanced_blaster,1500,1500,75,100,0.56,0.56,0.78,wpn_tieadvanced_blaster,1500,1500,75,100,0.56,0.56,0.78,wpn_tieadvanced_blaster,1500,1500,75,100,0.56,0.56,0.78,,,,,,,,,,,,,,,,
imperial_gunboat_tier2,6000,10.51,8.96,47.59,39.55,53.66,1.81,4500,4500,4500,4500,23.79,18.85,29.46,43.26,4500,4500,18000,18000,8.1,,,,,,9600,9600,4500,4500,,,,,,,,,,,,wpn_tieadvanced_blaster,4500,4500,157.5,220,0.56,0.56,0.78,wpn_tieadvanced_blaster,4500,4500,157.5,220,0.56,0.56,0.78,wpn_tieadvanced_blaster,4500,4500,157.5,220,0.56,0.56,0.78,wpn_tieadvanced_blaster,4500,4500,157.5,220,0.56,0.56,0.78,wpn_tieadvanced_blaster,4500,4500,157.5,220,0.56,0.56,0.78,wpn_tieadvanced_blaster,4500,4500,157.5,220,0.56,0.56,0.78,,,,,,,,,,,,,,,,
imperial_gunboat_tier3,12000,10.82,9.23,49.01,40.74,55.27,1.81,10800,10800,10800,10800,24.51,19.41,30.34,44.56,10800,10800,43200,43200,13.85,,,,,,23040,23040,10800,10800,,,,,,,,,,,,wpn_tieadvanced_blaster,10800,10800,277.83,406.56,0.56,0.56,0.78,wpn_tieadvanced_blaster,10800,10800,277.83,406.56,0.56,0.56,0.78,wpn_tieadvanced_blaster,10800,10800,277.83,406.56,0.56,0.56,0.78,wpn_tieadvanced_blaster,10800,10800,277.83,406.56,0.56,0.56,0.78,wpn_tieadvanced_blaster,10800,10800,277.83,406.56,0.56,0.56,0.78,wpn_tieadvanced_blaster,10800,10800,277.83,406.56,0.56,0.56,0.78,,,,,,,,,,,,,,,,
imperial_gunboat_tier4,19200,11.15,9.51,50.48,41.96,56.93,1.81,20736,20736,20736,20736,25.24,20,31.25,45.89,20736,20736,82944,82944,22.5,,,,,,44236.8,44236.8,20736,20736,,,,,,,,,,,,wpn_tieadvanced_blaster,20736,20736,411.68,631.11,0.56,0.56,0.78,wpn_tieadvanced_blaster,20736,20736,411.68,631.11,0.56,0.56,0.78,wpn_tieadvanced_blaster,20736,20736,411.68,631.11,0.56,0.56,0.78,wpn_tieadvanced_blaster,20736,20736,411.68,631.11,0.56,0.56,0.78,wpn_tieadvanced_blaster,20736,20736,411.68,631.11,0.56,0.56,0.78,wpn_tieadvanced_blaster,20736,20736,411.68,631.11,0.56,0.56,0.78,,,,,,,,,,,,,,,,
imperial_gunboat_tier5,24576,11.48,9.79,52,43.22,58.64,1.81,31850.5,31850.5,31850.5,31850.5,26,20.6,32.19,47.27,31850.5,31850.5,127401.98,127401.98,34.73,,,,,,67947.72,67947.72,31850.5,31850.5,,,,,,,,,,,,wpn_tieadvanced_blaster,31850.5,31850.5,512.41,822.94,0.56,0.56,0.78,wpn_tieadvanced_blaster,31850.5,31850.5,512.41,822.94,0.56,0.56,0.78,wpn_tieadvanced_blaster,31850.5,31850.5,512.41,822.94,0.56,0.56,0.78,wpn_tieadvanced_blaster,31850.5,31850.5,512.41,822.94,0.56,0.56,0.78,wpn_tieadvanced_blaster,31850.5,31850.5,512.41,822.94,0.56,0.56,0.78,wpn_tieadvanced_blaster,31850.5,31850.5,512.41,822.94,0.56,0.56,0.78,,,,,,,,,,,,,,,,
lambdashuttle_tier1,720,10.2,8.7,46.2,38.4,52.1,1.74,300,300,300,300,23.1,18.3,28.6,42,300,300,2400,2400,6,,,,,,960,960,300,300,,,,,,,,,,,,wpn_tieadvanced_blaster,300,300,52.5,70,0.56,0.56,0.78,wpn_tieadvanced_blaster,300,300,52.5,70,0.56,0.56,0.78,,,,,,,,,,,,,,,,,,,,,,,,,,,,,,,,,,,,,,,,,,,,,,,,
lambdashuttle_tier2,1800,10.51,8.96,47.59,39.55,53.66,1.74,900,900,900,900,23.79,18.85,29.46,43.26,900,900,7200,7200,10.8,,,,,,2880,2880,900,900,,,,,,,,,,,,wpn_tieadvanced_blaster,900,900,110.25,154,0.56,0.56,0.78,wpn_tieadvanced_blaster,900,900,110.25,154,0.56,0.56,0.78,,,,,,,,,,,,,,,,,,,,,,,,,,,,,,,,,,,,,,,,,,,,,,,,
lambdashuttle_tier3,3600,10.82,9.23,49.01,40.74,55.27,1.74,2160,2160,2160,2160,24.51,19.41,30.34,44.56,2160,2160,17280,17280,18.47,,,,,,6912,6912,2160,2160,,,,,,,,,,,,wpn_tieadvanced_blaster,2160,2160,194.48,284.59,0.56,0.56,0.78,wpn_tieadvanced_blaster,2160,2160,194.48,284.59,0.56,0.56,0.78,,,,,,,,,,,,,,,,,,,,,,,,,,,,,,,,,,,,,,,,,,,,,,,,
lambdashuttle_tier4,5760,11.15,9.51,50.48,41.96,56.93,1.74,4147.2,4147.2,4147.2,4147.2,25.24,20,31.25,45.89,4147.2,4147.2,33177.6,33177.6,30,,,,,,13271.04,13271.04,4147.2,4147.2,,,,,,,,,,,,wpn_tieadvanced_blaster,4147.2,4147.2,288.17,441.78,0.56,0.56,0.78,wpn_tieadvanced_blaster,4147.2,4147.2,288.17,441.78,0.56,0.56,0.78,,,,,,,,,,,,,,,,,,,,,,,,,,,,,,,,,,,,,,,,,,,,,,,,
lambdashuttle_tier5,7372.8,11.48,9.79,52,43.22,58.64,1.74,6370.1,6370.1,6370.1,6370.1,26,20.6,32.19,47.27,6370.1,6370.1,50960.79,50960.79,46.3,,,,,,20384.32,20384.32,6370.1,6370.1,,,,,,,,,,,,wpn_tieadvanced_blaster,6370.1,6370.1,358.68,576.06,0.56,0.56,0.78,wpn_tieadvanced_blaster,6370.1,6370.1,358.68,576.06,0.56,0.56,0.78,,,,,,,,,,,,,,,,,,,,,,,,,,,,,,,,,,,,,,,,,,,,,,,,
merchant_cruiser_light_tier1,2400,10.2,8.7,46.2,38.4,52.1,1.76,1500,1500,1500,1500,23.1,18.3,28.6,42,1500,1500,6000,6000,4.5,,,,,,3200,3200,1500,1500,,,,,,,,,,,,wpn_incom_blaster,1500,1500,75,100,0.56,0.56,0.78,,,,,,,,,,,,,,,,,,,,,,,,,,,,,,,,,,,,,,,,,,,,,,,,,,,,,,,,
merchant_cruiser_light_tier2,6000,10.51,8.96,47.59,39.55,53.66,1.76,4500,4500,4500,4500,23.79,18.85,29.46,43.26,4500,4500,18000,18000,8.1,,,,,,9600,9600,4500,4500,,,,,,,,,,,,wpn_incom_blaster,4500,4500,157.5,220,0.56,0.56,0.78,,,,,,,,,,,,,,,,,,,,,,,,,,,,,,,,,,,,,,,,,,,,,,,,,,,,,,,,
merchant_cruiser_light_tier3,12000,10.82,9.23,49.01,40.74,55.27,1.76,10800,10800,10800,10800,24.51,19.41,30.34,44.56,10800,10800,43200,43200,13.85,,,,,,23040,23040,10800,10800,,,,,,,,,,,,wpn_incom_blaster,10800,10800,277.83,406.56,0.56,0.56,0.78,,,,,,,,,,,,,,,,,,,,,,,,,,,,,,,,,,,,,,,,,,,,,,,,,,,,,,,,
merchant_cruiser_light_tier4,19200,11.15,9.51,50.48,41.96,56.93,1.76,20736,20736,20736,20736,25.24,20,31.25,45.89,20736,20736,82944,82944,22.5,,,,,,44236.8,44236.8,20736,20736,,,,,,,,,,,,wpn_incom_blaster,20736,20736,411.68,631.11,0.56,0.56,0.78,,,,,,,,,,,,,,,,,,,,,,,,,,,,,,,,,,,,,,,,,,,,,,,,,,,,,,,,
merchant_cruiser_light_tier5,24576,11.48,9.79,52,43.22,58.64,1.76,31850.5,31850.5,31850.5,31850.5,26,20.6,32.19,47.27,31850.5,31850.5,127401.98,127401.98,34.73,,,,,,67947.72,67947.72,31850.5,31850.5,,,,,,,,,,,,wpn_incom_blaster,31850.5,31850.5,512.41,822.94,0.56,0.56,0.78,,,,,,,,,,,,,,,,,,,,,,,,,,,,,,,,,,,,,,,,,,,,,,,,,,,,,,,,
merchant_cruiser_medium_tier1,2400,10.2,8.7,46.2,38.4,52.1,1.76,1500,1500,1500,1500,23.1,18.3,28.6,42,1500,1500,6000,6000,4.5,,,,,,3200,3200,1500,1500,,,,,,,,,,,,wpn_incom_blaster,1500,1500,75,100,0.56,0.56,0.78,wpn_incom_blaster,1500,1500,75,100,0.56,0.56,0.78,wpn_incom_blaster,1500,1500,75,100,0.56,0.56,0.78,wpn_seinar_concussion_missile_s01,1500,1500,150,300,0.75,0.75,3,wpn_seinar_concussion_missile_s01,1500,1500,150,300,0.75,0.75,3,,,,,,,,,,,,,,,,,,,,,,,,
merchant_cruiser_medium_tier2,6000,10.51,8.96,47.59,39.55,53.66,1.76,4500,4500,4500,4500,23.79,18.85,29.46,43.26,4500,4500,18000,18000,8.1,,,,,,9600,9600,4500,4500,,,,,,,,,,,,wpn_incom_blaster,4500,4500,157.5,220,0.56,0.56,0.78,wpn_incom_blaster,4500,4500,157.5,220,0.56,0.56,0.78,wpn_incom_blaster,4500,4500,157.5,220,0.56,0.56,0.78,wpn_seinar_concussion_missile_s01,4500,4500,315,660,0.75,0.75,3,wpn_seinar_concussion_missile_s01,4500,4500,315,660,0.75,0.75,3,,,,,,,,,,,,,,,,,,,,,,,,
merchant_cruiser_medium_tier3,12000,10.82,9.23,49.01,40.74,55.27,1.76,10800,10800,10800,10800,24.51,19.41,30.34,44.56,10800,10800,43200,43200,13.85,,,,,,23040,23040,10800,10800,,,,,,,,,,,,wpn_incom_blaster,10800,10800,277.83,406.56,0.56,0.56,0.78,wpn_incom_blaster,10800,10800,277.83,406.56,0.56,0.56,0.78,wpn_incom_blaster,10800,10800,277.83,406.56,0.56,0.56,0.78,wpn_seinar_concussion_missile_s01,10800,10800,555.66,1219.68,0.75,0.75,3,wpn_seinar_concussion_missile_s01,10800,10800,555.66,1219.68,0.75,0.75,3,,,,,,,,,,,,,,,,,,,,,,,,
merchant_cruiser_medium_tier4,19200,11.15,9.51,50.48,41.96,56.93,1.76,20736,20736,20736,20736,25.24,20,31.25,45.89,20736,20736,82944,82944,22.5,,,,,,44236.8,44236.8,20736,20736,,,,,,,,,,,,wpn_incom_blaster,20736,20736,411.68,631.11,0.56,0.56,0.78,wpn_incom_blaster,20736,20736,411.68,631.11,0.56,0.56,0.78,wpn_incom_blaster,20736,20736,411.68,631.11,0.56,0.56,0.78,wpn_seinar_concussion_missile_s01,20736,20736,823.36,1893.33,0.75,0.75,3,wpn_seinar_concussion_missile_s01,20736,20736,823.36,1893.33,0.75,0.75,3,,,,,,,,,,,,,,,,,,,,,,,,
merchant_cruiser_medium_tier5,24576,11.48,9.79,52,43.22,58.64,1.76,31850.5,31850.5,31850.5,31850.5,26,20.6,32.19,47.27,31850.5,31850.5,127401.98,127401.98,34.73,,,,,,67947.72,67947.72,31850.5,31850.5,,,,,,,,,,,,wpn_incom_blaster,31850.5,31850.5,512.41,822.94,0.56,0.56,0.78,wpn_incom_blaster,31850.5,31850.5,512.41,822.94,0.56,0.56,0.78,wpn_incom_blaster,31850.5,31850.5,512.41,822.94,0.56,0.56,0.78,wpn_seinar_concussion_missile_s01,31850.5,31850.5,1024.82,2468.82,0.75,0.75,3,wpn_seinar_concussion_missile_s01,31850.5,31850.5,1024.82,2468.82,0.75,0.75,3,,,,,,,,,,,,,,,,,,,,,,,,
nova_orion_boss_minion_01_tier1,3600,10.2,8.7,46.2,38.4,52.1,2,2250,2250,2250,2250,23.1,18.3,28.6,42,2250,2250,9000,9000,21,,,,,,3200,3200,2250,2250,,,,,,,,,,,,wpn_incom_disruptor,2250,2250,307.5,410,0.56,0.56,0.78,,,,,,,,,,,,,,,,,,,,,,,,,,,,,,,,,,,,,,,,,,,,,,,,,,,,,,,,
nova_orion_boss_minion_01_tier2,9000,10.51,8.96,47.59,39.55,53.66,2,6750,6750,6750,6750,23.79,18.85,29.46,43.26,6750,6750,27000,27000,37.8,,,,,,9600,9600,6750,6750,,,,,,,,,,,,wpn_incom_disruptor,6750,6750,645.75,902,0.56,0.56,0.78,,,,,,,,,,,,,,,,,,,,,,,,,,,,,,,,,,,,,,,,,,,,,,,,,,,,,,,,
nova_orion_boss_minion_01_tier3,18000,10.82,9.23,49.01,40.74,55.27,2,16200,16200,16200,16200,24.51,19.41,30.34,44.56,16200,16200,64800,64800,64.64,,,,,,23040,23040,16200,16200,,,,,,,,,,,,wpn_incom_disruptor,16200,16200,1139.1,1666.9,0.56,0.56,0.78,,,,,,,,,,,,,,,,,,,,,,,,,,,,,,,,,,,,,,,,,,,,,,,,,,,,,,,,
nova_orion_boss_minion_01_tier4,28800,11.15,9.51,50.48,41.96,56.93,2,31104,31104,31104,31104,25.24,20,31.25,45.89,31104,31104,124416,124416,105,,,,,,44236.8,44236.8,31104,31104,,,,,,,,,,,,wpn_incom_disruptor,31104,31104,1687.88,2587.56,0.56,0.56,0.78,,,,,,,,,,,,,,,,,,,,,,,,,,,,,,,,,,,,,,,,,,,,,,,,,,,,,,,,
nova_orion_boss_minion_01_tier5,36864,11.48,9.79,52,43.22,58.64,2,47775.74,47775.74,47775.74,47775.74,26,20.6,32.19,47.27,47775.74,47775.74,191102.98,191102.98,162.05,,,,,,67947.72,67947.72,47775.74,47775.74,,,,,,,,,,,,wpn_incom_disruptor,47775.74,47775.74,2100.86,3374.04,0.56,0.56,0.78,,,,,,,,,,,,,,,,,,,,,,,,,,,,,,,,,,,,,,,,,,,,,,,,,,,,,,,,
nova_orion_boss_minion_02_tier1,3600,10.2,8.7,46.2,38.4,52.1,2,2250,2250,2250,2250,23.1,18.3,28.6,42,2250,2250,15000,15000,21,,,,,,6400,6400,2250,2250,,,,,,,,,,,,wpn_tieadvanced_blaster,2250,2250,300,400,0.56,0.56,0.78,wpn_tieadvanced_blaster,2250,2250,300,400,0.56,0.56,0.78,wpn_seinar_concussion_missile_s01,2250,2250,600,1200,0.75,0.75,3,,,,,,,,,,,,,,,,,,,,,,,,,,,,,,,,,,,,,,,,
nova_orion_boss_minion_02_tier2,9000,10.51,8.96,47.59,39.55,53.66,2,6750,6750,6750,6750,23.79,18.85,29.46,43.26,6750,6750,45000,45000,37.8,,,,,,19200,19200,6750,6750,,,,,,,,,,,,wpn_tieadvanced_blaster,6750,6750,630,880,0.56,0.56,0.78,wpn_tieadvanced_blaster,6750,6750,630,880,0.56,0.56,0.78,wpn_seinar_concussion_missile_s01,6750,6750,1260,2640,0.75,0.75,3,,,,,,,,,,,,,,,,,,,,,,,,,,,,,,,,,,,,,,,,
nova_orion_boss_minion_02_tier3,18000,10.82,9.23,49.01,40.74,55.27,2,16200,16200,16200,16200,24.51,19.41,30.34,44.56,16200,16200,108000,108000,64.64,,,,,,46080,46080,16200,16200,,,,,,,,,,,,wpn_tieadvanced_blaster,16200,16200,1111.32,1626.24,0.56,0.56,0.78,wpn_tieadvanced_blaster,16200,16200,1111.32,1626.24,0.56,0.56,0.78,wpn_seinar_concussion_missile_s01,16200,16200,2222.64,4878.72,0.75,0.75,3,,,,,,,,,,,,,,,,,,,,,,,,,,,,,,,,,,,,,,,,
nova_orion_boss_minion_02_tier4,28800,11.15,9.51,50.48,41.96,56.93,2,31104,31104,31104,31104,25.24,20,31.25,45.89,31104,31104,207360,207360,105,,,,,,88473.6,88473.6,31104,31104,,,,,,,,,,,,wpn_tieadvanced_blaster,31104,31104,1646.71,2524.44,0.56,0.56,0.78,wpn_tieadvanced_blaster,31104,31104,1646.71,2524.44,0.56,0.56,0.78,wpn_seinar_concussion_missile_s01,31104,31104,3293.42,7573.32,0.75,0.75,3,,,,,,,,,,,,,,,,,,,,,,,,,,,,,,,,,,,,,,,,
nova_orion_boss_minion_02_tier5,36864,11.48,9.79,52,43.22,58.64,2,47775.74,47775.74,47775.74,47775.74,26,20.6,32.19,47.27,47775.74,47775.74,318504.96,318504.96,162.05,,,,,,135895.45,135895.45,47775.74,47775.74,,,,,,,,,,,,wpn_tieadvanced_blaster,47775.74,47775.74,2049.62,3291.75,0.56,0.56,0.78,wpn_tieadvanced_blaster,47775.74,47775.74,2049.62,3291.75,0.56,0.56,0.78,wpn_seinar_concussion_missile_s01,47775.74,47775.74,4099.24,9875.25,0.75,0.75,3,,,,,,,,,,,,,,,,,,,,,,,,,,,,,,,,,,,,,,,,
nova_orion_boss_ship_tier1,3600,10.2,8.7,46.2,38.4,52.1,2,2250,2250,2250,2250,23.1,18.3,28.6,42,2250,2250,15000,15000,21,,,,,,6400,6400,2250,2250,,,,,,,,,,,,wpn_incom_blaster,2250,2250,300,400,0.56,0.56,0.78,wpn_incom_disruptor,2250,2250,300,400,0.56,0.56,0.78,wpn_incom_blaster,2250,2250,300,400,0.56,0.56,0.78,wpn_incom_disruptor,2250,2250,300,400,0.56,0.56,0.78,wpn_seinar_concussion_missile_s01,2250,2250,600,1200,0.75,0.75,3,,,,,,,,,,,,,,,,,,,,,,,,
nova_orion_boss_ship_tier2,9000,10.51,8.96,47.59,39.55,53.66,2,6750,6750,6750,6750,23.79,18.85,29.46,43.26,6750,6750,45000,45000,37.8,,,,,,19200,19200,6750,6750,,,,,,,,,,,,wpn_incom_blaster,6750,6750,630,880,0.56,0.56,0.78,wpn_incom_disruptor,6750,6750,630,880,0.56,0.56,0.78,wpn_incom_blaster,6750,6750,630,880,0.56,0.56,0.78,wpn_incom_disruptor,6750,6750,630,880,0.56,0.56,0.78,wpn_seinar_concussion_missile_s01,6750,6750,1260,2640,0.75,0.75,3,,,,,,,,,,,,,,,,,,,,,,,,
nova_orion_boss_ship_tier3,18000,10.82,9.23,49.01,40.74,55.27,2,16200,16200,16200,16200,24.51,19.41,30.34,44.56,16200,16200,108000,108000,64.64,,,,,,46080,46080,16200,16200,,,,,,,,,,,,wpn_incom_blaster,16200,16200,1111.32,1626.24,0.56,0.56,0.78,wpn_incom_disruptor,16200,16200,1111.32,1626.24,0.56,0.56,0.78,wpn_incom_blaster,16200,16200,1111.32,1626.24,0.56,0.56,0.78,wpn_incom_disruptor,16200,16200,1111.32,1626.24,0.56,0.56,0.78,wpn_seinar_concussion_missile_s01,16200,16200,2222.64,4878.72,0.75,0.75,3,,,,,,,,,,,,,,,,,,,,,,,,
nova_orion_boss_ship_tier4,28800,11.15,9.51,50.48,41.96,56.93,2,31104,31104,31104,31104,25.24,20,31.25,45.89,31104,31104,207360,207360,105,,,,,,88473.6,88473.6,31104,31104,,,,,,,,,,,,wpn_incom_blaster,31104,31104,1646.71,2524.44,0.56,0.56,0.78,wpn_incom_disruptor,31104,31104,1646.71,2524.44,0.56,0.56,0.78,wpn_incom_blaster,31104,31104,1646.71,2524.44,0.56,0.56,0.78,wpn_incom_disruptor,31104,31104,1646.71,2524.44,0.56,0.56,0.78,wpn_seinar_concussion_missile_s01,31104,31104,3293.42,7573.32,0.75,0.75,3,,,,,,,,,,,,,,,,,,,,,,,,
nova_orion_boss_ship_tier5,36864,11.48,9.79,52,43.22,58.64,2,47775.74,47775.74,47775.74,47775.74,26,20.6,32.19,47.27,47775.74,47775.74,318504.96,318504.96,162.05,,,,,,135895.45,135895.45,47775.74,47775.74,,,,,,,,,,,,wpn_incom_blaster,47775.74,47775.74,2049.62,3291.75,0.56,0.56,0.78,wpn_incom_disruptor,47775.74,47775.74,2049.62,3291.75,0.56,0.56,0.78,wpn_incom_blaster,47775.74,47775.74,2049.62,3291.75,0.56,0.56,0.78,wpn_incom_disruptor,47775.74,47775.74,2049.62,3291.75,0.56,0.56,0.78,wpn_seinar_concussion_missile_s01,47775.74,47775.74,4099.24,9875.25,0.75,0.75,3,,,,,,,,,,,,,,,,,,,,,,,,
nova_orion_intro_01_tier1,3600,10.2,8.7,46.2,38.4,52.1,2,2250,2250,2250,2250,23.1,18.3,28.6,42,2250,2250,12000,12000,21,,,,,,4800,4800,2250,2250,,,,,,,,,,,,wpn_incom_disruptor,2250,2250,300,400,0.56,0.56,0.78,,,,,,,,,wpn_seinar_concussion_missile_s01,2250,2250,600,1200,0.75,0.75,3,,,,,,,,,,,,,,,,,,,,,,,,,,,,,,,,,,,,,,,,
nova_orion_intro_01_tier2,9000,10.51,8.96,47.59,39.55,53.66,2,6750,6750,6750,6750,23.79,18.85,29.46,43.26,6750,6750,36000,36000,37.8,,,,,,14400,14400,6750,6750,,,,,,,,,,,,wpn_incom_disruptor,6750,6750,630,880,0.56,0.56,0.78,,,,,,,,,wpn_seinar_concussion_missile_s01,6750,6750,1260,2640,0.75,0.75,3,,,,,,,,,,,,,,,,,,,,,,,,,,,,,,,,,,,,,,,,
nova_orion_intro_01_tier3,18000,10.82,9.23,49.01,40.74,55.27,2,16200,16200,16200,16200,24.51,19.41,30.34,44.56,16200,16200,86400,86400,64.64,,,,,,34560,34560,16200,16200,,,,,,,,,,,,wpn_incom_disruptor,16200,16200,1111.32,1626.24,0.56,0.56,0.78,,,,,,,,,wpn_seinar_concussion_missile_s01,16200,16200,2222.64,4878.72,0.75,0.75,3,,,,,,,,,,,,,,,,,,,,,,,,,,,,,,,,,,,,,,,,
nova_orion_intro_01_tier4,28800,11.15,9.51,50.48,41.96,56.93,2,31104,31104,31104,31104,25.24,20,31.25,45.89,31104,31104,165888,165888,105,,,,,,66355.2,66355.2,31104,31104,,,,,,,,,,,,wpn_incom_disruptor,31104,31104,1646.71,2524.44,0.56,0.56,0.78,,,,,,,,,wpn_seinar_concussion_missile_s01,31104,31104,3293.42,7573.32,0.75,0.75,3,,,,,,,,,,,,,,,,,,,,,,,,,,,,,,,,,,,,,,,,
nova_orion_intro_01_tier5,36864,11.48,9.79,52,43.22,58.64,2,47775.74,47775.74,47775.74,47775.74,26,20.6,32.19,47.27,47775.74,47775.74,254803.97,254803.97,162.05,,,,,,101921.59,101921.59,47775.74,47775.74,,,,,,,,,,,,wpn_incom_disruptor,47775.74,47775.74,2049.62,3291.75,0.56,0.56,0.78,,,,,,,,,wpn_seinar_concussion_missile_s01,47775.74,47775.74,4099.24,9875.25,0.75,0.75,3,,,,,,,,,,,,,,,,,,,,,,,,,,,,,,,,,,,,,,,,
nova_orion_patrol_heavy_tier1,3600,10.2,8.7,46.2,38.4,52.1,2,2250,2250,2250,2250,23.1,18.3,28.6,42,2250,2250,15000,15000,21,,,,,,6400,6400,2250,2250,,,,,,,,,,,,wpn_incom_disruptor,2250,2250,300,400,0.56,0.56,0.78,wpn_incom_disruptor,2250,2250,300,400,0.56,0.56,0.78,,,,,,,,,wpn_seinar_concussion_missile_s01,2250,2250,600,1200,0.75,0.75,3,,,,,,,,,,,,,,,,,,,,,,,,,,,,,,,,
nova_orion_patrol_heavy_tier2,9000,10.51,8.96,47.59,39.55,53.66,2,6750,6750,6750,6750,23.79,18.85,29.46,43.26,6750,6750,45000,45000,37.8,,,,,,19200,19200,6750,6750,,,,,,,,,,,,wpn_incom_disruptor,6750,6750,630,880,0.56,0.56,0.78,wpn_incom_disruptor,6750,6750,630,880,0.56,0.56,0.78,,,,,,,,,wpn_seinar_concussion_missile_s01,6750,6750,1260,2640,0.75,0.75,3,,,,,,,,,,,,,,,,,,,,,,,,,,,,,,,,
nova_orion_patrol_heavy_tier3,18000,10.82,9.23,49.01,40.74,55.27,2,16200,16200,16200,16200,24.51,19.41,30.34,44.56,16200,16200,108000,108000,64.64,,,,,,46080,46080,16200,16200,,,,,,,,,,,,wpn_incom_disruptor,16200,16200,1111.32,1626.24,0.56,0.56,0.78,wpn_incom_disruptor,16200,16200,1111.32,1626.24,0.56,0.56,0.78,,,,,,,,,wpn_seinar_concussion_missile_s01,16200,16200,2222.64,4878.72,0.75,0.75,3,,,,,,,,,,,,,,,,,,,,,,,,,,,,,,,,
nova_orion_patrol_heavy_tier4,28800,11.15,9.51,50.48,41.96,56.93,2,31104,31104,31104,31104,25.24,20,31.25,45.89,31104,31104,207360,207360,105,,,,,,88473.6,88473.6,31104,31104,,,,,,,,,,,,wpn_incom_disruptor,31104,31104,1646.71,2524.44,0.56,0.56,0.78,wpn_incom_disruptor,31104,31104,1646.71,2524.44,0.56,0.56,0.78,,,,,,,,,wpn_seinar_concussion_missile_s01,31104,31104,3293.42,7573.32,0.75,0.75,3,,,,,,,,,,,,,,,,,,,,,,,,,,,,,,,,
nova_orion_patrol_heavy_tier5,36864,11.48,9.79,52,43.22,58.64,2,47775.74,47775.74,47775.74,47775.74,26,20.6,32.19,47.27,47775.74,47775.74,318504.96,318504.96,162.05,,,,,,135895.45,135895.45,47775.74,47775.74,,,,,,,,,,,,wpn_incom_disruptor,47775.74,47775.74,2049.62,3291.75,0.56,0.56,0.78,wpn_incom_disruptor,47775.74,47775.74,2049.62,3291.75,0.56,0.56,0.78,,,,,,,,,wpn_seinar_concussion_missile_s01,47775.74,47775.74,4099.24,9875.25,0.75,0.75,3,,,,,,,,,,,,,,,,,,,,,,,,,,,,,,,,
nova_orion_patrol_light_tier1,3600,10.2,8.7,46.2,38.4,52.1,2,2250,2250,2250,2250,23.1,18.3,28.6,42,2250,2250,9000,9000,21,,,,,,3200,3200,2250,2250,,,,,,,,,,,,wpn_incom_disruptor,2250,2250,300,400,0.56,0.56,0.78,,,,,,,,,,,,,,,,,,,,,,,,,,,,,,,,,,,,,,,,,,,,,,,,,,,,,,,,
nova_orion_patrol_light_tier2,9000,10.51,8.96,47.59,39.55,53.66,2,6750,6750,6750,6750,23.79,18.85,29.46,43.26,6750,6750,27000,27000,37.8,,,,,,9600,9600,6750,6750,,,,,,,,,,,,wpn_incom_disruptor,6750,6750,630,880,0.56,0.56,0.78,,,,,,,,,,,,,,,,,,,,,,,,,,,,,,,,,,,,,,,,,,,,,,,,,,,,,,,,
nova_orion_patrol_light_tier3,18000,10.82,9.23,49.01,40.74,55.27,2,16200,16200,16200,16200,24.51,19.41,30.34,44.56,16200,16200,64800,64800,64.64,,,,,,23040,23040,16200,16200,,,,,,,,,,,,wpn_incom_disruptor,16200,16200,1111.32,1626.24,0.56,0.56,0.78,,,,,,,,,,,,,,,,,,,,,,,,,,,,,,,,,,,,,,,,,,,,,,,,,,,,,,,,
nova_orion_patrol_light_tier4,28800,11.15,9.51,50.48,41.96,56.93,2,31104,31104,31104,31104,25.24,20,31.25,45.89,31104,31104,124416,124416,105,,,,,,44236.8,44236.8,31104,31104,,,,,,,,,,,,wpn_incom_disruptor,31104,31104,1646.71,2524.44,0.56,0.56,0.78,,,,,,,,,,,,,,,,,,,,,,,,,,,,,,,,,,,,,,,,,,,,,,,,,,,,,,,,
nova_orion_patrol_light_tier5,36864,11.48,9.79,52,43.22,58.64,2,47775.74,47775.74,47775.74,47775.74,26,20.6,32.19,47.27,47775.74,47775.74,191102.98,191102.98,162.05,,,,,,67947.72,67947.72,47775.74,47775.74,,,,,,,,,,,,wpn_incom_disruptor,47775.74,47775.74,2049.62,3291.75,0.56,0.56,0.78,,,,,,,,,,,,,,,,,,,,,,,,,,,,,,,,,,,,,,,,,,,,,,,,,,,,,,,,
nova_orion_patrol_med_tier1,3600,10.2,8.7,46.2,38.4,52.1,2,2250,2250,2250,2250,23.1,18.3,28.6,42,2250,2250,12000,12000,21,,,,,,4800,4800,2250,2250,,,,,,,,,,,,wpn_incom_disruptor,2250,2250,300,400,0.56,0.56,0.78,,,,,,,,,,,,,,,,,,,,,,,,,,,,,,,,,,,,,,,,,,,,,,,,,,,,,,,,
nova_orion_patrol_med_tier2,9000,10.51,8.96,47.59,39.55,53.66,2,6750,6750,6750,6750,23.79,18.85,29.46,43.26,6750,6750,36000,36000,37.8,,,,,,14400,14400,6750,6750,,,,,,,,,,,,wpn_incom_disruptor,6750,6750,630,880,0.56,0.56,0.78,,,,,,,,,,,,,,,,,,,,,,,,,,,,,,,,,,,,,,,,,,,,,,,,,,,,,,,,
nova_orion_patrol_med_tier3,18000,10.82,9.23,49.01,40.74,55.27,2,16200,16200,16200,16200,24.51,19.41,30.34,44.56,16200,16200,86400,86400,64.64,,,,,,34560,34560,16200,16200,,,,,,,,,,,,wpn_incom_disruptor,16200,16200,1111.32,1626.24,0.56,0.56,0.78,,,,,,,,,,,,,,,,,,,,,,,,,,,,,,,,,,,,,,,,,,,,,,,,,,,,,,,,
nova_orion_patrol_med_tier4,28800,11.15,9.51,50.48,41.96,56.93,2,31104,31104,31104,31104,25.24,20,31.25,45.89,31104,31104,165888,165888,105,,,,,,66355.2,66355.2,31104,31104,,,,,,,,,,,,wpn_incom_disruptor,31104,31104,1646.71,2524.44,0.56,0.56,0.78,,,,,,,,,,,,,,,,,,,,,,,,,,,,,,,,,,,,,,,,,,,,,,,,,,,,,,,,
nova_orion_patrol_med_tier5,36864,11.48,9.79,52,43.22,58.64,2,47775.74,47775.74,47775.74,47775.74,26,20.6,32.19,47.27,47775.74,47775.74,254803.97,254803.97,162.05,,,,,,101921.59,101921.59,47775.74,47775.74,,,,,,,,,,,,wpn_incom_disruptor,47775.74,47775.74,2049.62,3291.75,0.56,0.56,0.78,,,,,,,,,,,,,,,,,,,,,,,,,,,,,,,,,,,,,,,,,,,,,,,,,,,,,,,,
nova_orion_pirate_heavy_tier1,3600,10.2,8.7,46.2,38.4,52.1,1.9,2250,2250,2250,2250,23.1,18.3,28.6,42,2250,2250,15000,15000,21,,,,,,6400,6400,2250,2250,,,,,,,,,,,,wpn_incom_disruptor,2250,2250,300,400,0.56,0.56,0.78,wpn_incom_disruptor,2250,2250,300,400,0.56,0.56,0.78,,,,,,,,,wpn_seinar_concussion_missile_s01,2250,2250,600,1200,0.75,0.75,3,,,,,,,,,,,,,,,,,,,,,,,,,,,,,,,,
nova_orion_pirate_heavy_tier2,9000,10.51,8.96,47.59,39.55,53.66,1.9,6750,6750,6750,6750,23.79,18.85,29.46,43.26,6750,6750,45000,45000,37.8,,,,,,19200,19200,6750,6750,,,,,,,,,,,,wpn_incom_disruptor,6750,6750,630,880,0.56,0.56,0.78,wpn_incom_disruptor,6750,6750,630,880,0.56,0.56,0.78,,,,,,,,,wpn_seinar_concussion_missile_s01,6750,6750,1260,2640,0.75,0.75,3,,,,,,,,,,,,,,,,,,,,,,,,,,,,,,,,
nova_orion_pirate_heavy_tier3,18000,10.82,9.23,49.01,40.74,55.27,1.9,16200,16200,16200,16200,24.51,19.41,30.34,44.56,16200,16200,108000,108000,64.64,,,,,,46080,46080,16200,16200,,,,,,,,,,,,wpn_incom_disruptor,16200,16200,1111.32,1626.24,0.56,0.56,0.78,wpn_incom_disruptor,16200,16200,1111.32,1626.24,0.56,0.56,0.78,,,,,,,,,wpn_seinar_concussion_missile_s01,16200,16200,2222.64,4878.72,0.75,0.75,3,,,,,,,,,,,,,,,,,,,,,,,,,,,,,,,,
nova_orion_pirate_heavy_tier4,28800,11.15,9.51,50.48,41.96,56.93,1.9,31104,31104,31104,31104,25.24,20,31.25,45.89,31104,31104,207360,207360,105,,,,,,88473.6,88473.6,31104,31104,,,,,,,,,,,,wpn_incom_disruptor,31104,31104,1646.71,2524.44,0.56,0.56,0.78,wpn_incom_disruptor,31104,31104,1646.71,2524.44,0.56,0.56,0.78,,,,,,,,,wpn_seinar_concussion_missile_s01,31104,31104,3293.42,7573.32,0.75,0.75,3,,,,,,,,,,,,,,,,,,,,,,,,,,,,,,,,
nova_orion_pirate_heavy_tier5,36864,11.48,9.79,52,43.22,58.64,1.9,47775.74,47775.74,47775.74,47775.74,26,20.6,32.19,47.27,47775.74,47775.74,318504.96,318504.96,162.05,,,,,,135895.45,135895.45,47775.74,47775.74,,,,,,,,,,,,wpn_incom_disruptor,47775.74,47775.74,2049.62,3291.75,0.56,0.56,0.78,wpn_incom_disruptor,47775.74,47775.74,2049.62,3291.75,0.56,0.56,0.78,,,,,,,,,wpn_seinar_concussion_missile_s01,47775.74,47775.74,4099.24,9875.25,0.75,0.75,3,,,,,,,,,,,,,,,,,,,,,,,,,,,,,,,,
nova_orion_pirate_light_tier1,3600,10.2,8.7,46.2,38.4,52.1,2,2250,2250,2250,2250,23.1,18.3,28.6,42,2250,2250,9000,9000,21,,,,,,3200,3200,2250,2250,,,,,,,,,,,,wpn_incom_disruptor,2250,2250,300,400,0.56,0.56,0.78,,,,,,,,,,,,,,,,,,,,,,,,,,,,,,,,,,,,,,,,,,,,,,,,,,,,,,,,
nova_orion_pirate_light_tier2,9000,10.51,8.96,47.59,39.55,53.66,2,6750,6750,6750,6750,23.79,18.85,29.46,43.26,6750,6750,27000,27000,37.8,,,,,,9600,9600,6750,6750,,,,,,,,,,,,wpn_incom_disruptor,6750,6750,630,880,0.56,0.56,0.78,,,,,,,,,,,,,,,,,,,,,,,,,,,,,,,,,,,,,,,,,,,,,,,,,,,,,,,,
nova_orion_pirate_light_tier3,18000,10.82,9.23,49.01,40.74,55.27,2,16200,16200,16200,16200,24.51,19.41,30.34,44.56,16200,16200,64800,64800,64.64,,,,,,23040,23040,16200,16200,,,,,,,,,,,,wpn_incom_disruptor,16200,16200,1111.32,1626.24,0.56,0.56,0.78,,,,,,,,,,,,,,,,,,,,,,,,,,,,,,,,,,,,,,,,,,,,,,,,,,,,,,,,
nova_orion_pirate_light_tier4,28800,11.15,9.51,50.48,41.96,56.93,2,31104,31104,31104,31104,25.24,20,31.25,45.89,31104,31104,124416,124416,105,,,,,,44236.8,44236.8,31104,31104,,,,,,,,,,,,wpn_incom_disruptor,31104,31104,1646.71,2524.44,0.56,0.56,0.78,,,,,,,,,,,,,,,,,,,,,,,,,,,,,,,,,,,,,,,,,,,,,,,,,,,,,,,,
nova_orion_pirate_light_tier5,36864,11.48,9.79,52,43.22,58.64,2,47775.74,47775.74,47775.74,47775.74,26,20.6,32.19,47.27,47775.74,47775.74,191102.98,191102.98,162.05,,,,,,67947.72,67947.72,47775.74,47775.74,,,,,,,,,,,,wpn_incom_disruptor,47775.74,47775.74,2049.62,3291.75,0.56,0.56,0.78,,,,,,,,,,,,,,,,,,,,,,,,,,,,,,,,,,,,,,,,,,,,,,,,,,,,,,,,
nova_orion_smuggler_heavy_tier1,3600,10.2,8.7,46.2,38.4,52.1,1.9,2250,2250,2250,2250,23.1,18.3,28.6,42,2250,2250,15000,15000,21,,,,,,6400,6400,2250,2250,,,,,,,,,,,,wpn_incom_disruptor,2250,2250,300,400,0.56,0.56,0.78,wpn_incom_disruptor,2250,2250,300,400,0.56,0.56,0.78,,,,,,,,,wpn_seinar_concussion_missile_s01,2250,2250,600,1200,0.75,0.75,3,,,,,,,,,,,,,,,,,,,,,,,,,,,,,,,,
nova_orion_smuggler_heavy_tier2,9000,10.51,8.96,47.59,39.55,53.66,1.9,6750,6750,6750,6750,23.79,18.85,29.46,43.26,6750,6750,45000,45000,37.8,,,,,,19200,19200,6750,6750,,,,,,,,,,,,wpn_incom_disruptor,6750,6750,630,880,0.56,0.56,0.78,wpn_incom_disruptor,6750,6750,630,880,0.56,0.56,0.78,,,,,,,,,wpn_seinar_concussion_missile_s01,6750,6750,1260,2640,0.75,0.75,3,,,,,,,,,,,,,,,,,,,,,,,,,,,,,,,,
nova_orion_smuggler_heavy_tier3,18000,10.82,9.23,49.01,40.74,55.27,1.9,16200,16200,16200,16200,24.51,19.41,30.34,44.56,16200,16200,108000,108000,64.64,,,,,,46080,46080,16200,16200,,,,,,,,,,,,wpn_incom_disruptor,16200,16200,1111.32,1626.24,0.56,0.56,0.78,wpn_incom_disruptor,16200,16200,1111.32,1626.24,0.56,0.56,0.78,,,,,,,,,wpn_seinar_concussion_missile_s01,16200,16200,2222.64,4878.72,0.75,0.75,3,,,,,,,,,,,,,,,,,,,,,,,,,,,,,,,,
nova_orion_smuggler_heavy_tier4,28800,11.15,9.51,50.48,41.96,56.93,1.9,31104,31104,31104,31104,25.24,20,31.25,45.89,31104,31104,207360,207360,105,,,,,,88473.6,88473.6,31104,31104,,,,,,,,,,,,wpn_incom_disruptor,31104,31104,1646.71,2524.44,0.56,0.56,0.78,wpn_incom_disruptor,31104,31104,1646.71,2524.44,0.56,0.56,0.78,,,,,,,,,wpn_seinar_concussion_missile_s01,31104,31104,3293.42,7573.32,0.75,0.75,3,,,,,,,,,,,,,,,,,,,,,,,,,,,,,,,,
nova_orion_smuggler_heavy_tier5,36864,11.48,9.79,52,43.22,58.64,1.9,47775.74,47775.74,47775.74,47775.74,26,20.6,32.19,47.27,47775.74,47775.74,318504.96,318504.96,162.05,,,,,,135895.45,135895.45,47775.74,47775.74,,,,,,,,,,,,wpn_incom_disruptor,47775.74,47775.74,2049.62,3291.75,0.56,0.56,0.78,wpn_incom_disruptor,47775.74,47775.74,2049.62,3291.75,0.56,0.56,0.78,,,,,,,,,wpn_seinar_concussion_missile_s01,47775.74,47775.74,4099.24,9875.25,0.75,0.75,3,,,,,,,,,,,,,,,,,,,,,,,,,,,,,,,,
nova_orion_smuggler_light_tier1,3600,10.2,8.7,46.2,38.4,52.1,2,2250,2250,2250,2250,23.1,18.3,28.6,42,2250,2250,9000,9000,21,,,,,,3200,3200,2250,2250,,,,,,,,,,,,wpn_incom_disruptor,2250,2250,300,400,0.56,0.56,0.78,,,,,,,,,,,,,,,,,,,,,,,,,,,,,,,,,,,,,,,,,,,,,,,,,,,,,,,,
nova_orion_smuggler_light_tier2,9000,10.51,8.96,47.59,39.55,53.66,2,6750,6750,6750,6750,23.79,18.85,29.46,43.26,6750,6750,27000,27000,37.8,,,,,,9600,9600,6750,6750,,,,,,,,,,,,wpn_incom_disruptor,6750,6750,630,880,0.56,0.56,0.78,,,,,,,,,,,,,,,,,,,,,,,,,,,,,,,,,,,,,,,,,,,,,,,,,,,,,,,,
nova_orion_smuggler_light_tier3,18000,10.82,9.23,49.01,40.74,55.27,2,16200,16200,16200,16200,24.51,19.41,30.34,44.56,16200,16200,64800,64800,64.64,,,,,,23040,23040,16200,16200,,,,,,,,,,,,wpn_incom_disruptor,16200,16200,1111.32,1626.24,0.56,0.56,0.78,,,,,,,,,,,,,,,,,,,,,,,,,,,,,,,,,,,,,,,,,,,,,,,,,,,,,,,,
nova_orion_smuggler_light_tier4,28800,11.15,9.51,50.48,41.96,56.93,2,31104,31104,31104,31104,25.24,20,31.25,45.89,31104,31104,124416,124416,105,,,,,,44236.8,44236.8,31104,31104,,,,,,,,,,,,wpn_incom_disruptor,31104,31104,1646.71,2524.44,0.56,0.56,0.78,,,,,,,,,,,,,,,,,,,,,,,,,,,,,,,,,,,,,,,,,,,,,,,,,,,,,,,,
nova_orion_smuggler_light_tier5,36864,11.48,9.79,52,43.22,58.64,2,47775.74,47775.74,47775.74,47775.74,26,20.6,32.19,47.27,47775.74,47775.74,191102.98,191102.98,162.05,,,,,,67947.72,67947.72,47775.74,47775.74,,,,,,,,,,,,wpn_incom_disruptor,47775.74,47775.74,2049.62,3291.75,0.56,0.56,0.78,,,,,,,,,,,,,,,,,,,,,,,,,,,,,,,,,,,,,,,,,,,,,,,,,,,,,,,,
nova_orion_smuggler_medium_tier1,3600,10.2,8.7,46.2,38.4,52.1,1.95,2250,2250,2250,2250,23.1,18.3,28.6,42,2250,2250,12000,12000,21,,,,,,4800,4800,2250,2250,,,,,,,,,,,,wpn_incom_disruptor,2250,2250,300,400,0.56,0.56,0.78,,,,,,,,,,,,,,,,,,,,,,,,,,,,,,,,,,,,,,,,,,,,,,,,,,,,,,,,
nova_orion_smuggler_medium_tier2,9000,10.51,8.96,47.59,39.55,53.66,1.95,6750,6750,6750,6750,23.79,18.85,29.46,43.26,6750,6750,36000,36000,37.8,,,,,,14400,14400,6750,6750,,,,,,,,,,,,wpn_incom_disruptor,6750,6750,630,880,0.56,0.56,0.78,,,,,,,,,,,,,,,,,,,,,,,,,,,,,,,,,,,,,,,,,,,,,,,,,,,,,,,,
nova_orion_smuggler_medium_tier3,18000,10.82,9.23,49.01,40.74,55.27,1.95,16200,16200,16200,16200,24.51,19.41,30.34,44.56,16200,16200,86400,86400,64.64,,,,,,34560,34560,16200,16200,,,,,,,,,,,,wpn_incom_disruptor,16200,16200,1111.32,1626.24,0.56,0.56,0.78,,,,,,,,,,,,,,,,,,,,,,,,,,,,,,,,,,,,,,,,,,,,,,,,,,,,,,,,
nova_orion_smuggler_medium_tier4,28800,11.15,9.51,50.48,41.96,56.93,1.95,31104,31104,31104,31104,25.24,20,31.25,45.89,31104,31104,165888,165888,105,,,,,,66355.2,66355.2,31104,31104,,,,,,,,,,,,wpn_incom_disruptor,31104,31104,1646.71,2524.44,0.56,0.56,0.78,,,,,,,,,,,,,,,,,,,,,,,,,,,,,,,,,,,,,,,,,,,,,,,,,,,,,,,,
nova_orion_smuggler_medium_tier5,36864,11.48,9.79,52,43.22,58.64,1.95,47775.74,47775.74,47775.74,47775.74,26,20.6,32.19,47.27,47775.74,47775.74,254803.97,254803.97,162.05,,,,,,101921.59,101921.59,47775.74,47775.74,,,,,,,,,,,,wpn_incom_disruptor,47775.74,47775.74,2049.62,3291.75,0.56,0.56,0.78,,,,,,,,,,,,,,,,,,,,,,,,,,,,,,,,,,,,,,,,,,,,,,,,,,,,,,,,
probe_droid_pod_tier1,120,10.2,8.7,46.2,38.4,52.1,1.82,75,75,75,75,23.1,18.3,28.6,42,75,75,300,300,1.5,,,,,,160,160,75,75,,,,,,,,,,,,,,,,,,,,,,,,,,,,,,,,,,,,,,,,,,,,,,,,,,,,,,,,,,,,,,,,,,,,,,,,,,,
probe_droid_pod_tier2,300,10.51,8.96,47.59,39.55,53.66,1.82,225,225,225,225,23.79,18.85,29.46,43.26,225,225,900,900,2.7,,,,,,480,480,225,225,,,,,,,,,,,,,,,,,,,,,,,,,,,,,,,,,,,,,,,,,,,,,,,,,,,,,,,,,,,,,,,,,,,,,,,,,,,
probe_droid_pod_tier3,600,10.82,9.23,49.01,40.74,55.27,1.82,540,540,540,540,24.51,19.41,30.34,44.56,540,540,2160,2160,4.62,,,,,,1152,1152,540,540,,,,,,,,,,,,,,,,,,,,,,,,,,,,,,,,,,,,,,,,,,,,,,,,,,,,,,,,,,,,,,,,,,,,,,,,,,,
probe_droid_pod_tier4,960,11.15,9.51,50.48,41.96,56.93,1.82,1036.8,1036.8,1036.8,1036.8,25.24,20,31.25,45.89,1036.8,1036.8,4147.2,4147.2,7.5,,,,,,2211.84,2211.84,1036.8,1036.8,,,,,,,,,,,,,,,,,,,,,,,,,,,,,,,,,,,,,,,,,,,,,,,,,,,,,,,,,,,,,,,,,,,,,,,,,,,
probe_droid_pod_tier5,1228.8,11.48,9.79,52,43.22,58.64,1.82,1592.52,1592.52,1592.52,1592.52,26,20.6,32.19,47.27,1592.52,1592.52,6370.1,6370.1,11.58,,,,,,3397.39,3397.39,1592.52,1592.52,,,,,,,,,,,,,,,,,,,,,,,,,,,,,,,,,,,,,,,,,,,,,,,,,,,,,,,,,,,,,,,,,,,,,,,,,,,
rebel_gunboat_tier1,2400,10.2,8.7,46.2,38.4,52.1,1.76,1500,1500,1500,1500,23.1,18.3,28.6,42,1500,1500,6000,6000,4.5,,,,,,3200,3200,1500,1500,,,,,,,,,,,,wpn_incom_blaster,1500,1500,75,100,0.56,0.56,0.78,wpn_incom_blaster,1500,1500,75,100,0.56,0.56,0.78,wpn_incom_disruptor,1500,1500,75,100,0.56,0.56,0.78,wpn_seinar_concussion_missile_s01,1500,1500,150,300,0.75,0.75,3,,,,,,,,,,,,,,,,,,,,,,,,,,,,,,,,
rebel_gunboat_tier2,6000,10.51,8.96,47.59,39.55,53.66,1.76,4500,4500,4500,4500,23.79,18.85,29.46,43.26,4500,4500,18000,18000,8.1,,,,,,9600,9600,4500,4500,,,,,,,,,,,,wpn_incom_blaster,4500,4500,157.5,220,0.56,0.56,0.78,wpn_incom_blaster,4500,4500,157.5,220,0.56,0.56,0.78,wpn_incom_disruptor,4500,4500,157.5,220,0.56,0.56,0.78,wpn_seinar_concussion_missile_s01,4500,4500,315,660,0.75,0.75,3,,,,,,,,,,,,,,,,,,,,,,,,,,,,,,,,
rebel_gunboat_tier3,12000,10.82,9.23,49.01,40.74,55.27,1.76,10800,10800,10800,10800,24.51,19.41,30.34,44.56,10800,10800,43200,43200,13.85,,,,,,23040,23040,10800,10800,,,,,,,,,,,,wpn_incom_blaster,10800,10800,277.83,406.56,0.56,0.56,0.78,wpn_incom_blaster,10800,10800,277.83,406.56,0.56,0.56,0.78,wpn_incom_disruptor,10800,10800,277.83,406.56,0.56,0.56,0.78,wpn_seinar_concussion_missile_s01,10800,10800,555.66,1219.68,0.75,0.75,3,,,,,,,,,,,,,,,,,,,,,,,,,,,,,,,,
rebel_gunboat_tier4,19200,11.15,9.51,50.48,41.96,56.93,1.76,20736,20736,20736,20736,25.24,20,31.25,45.89,20736,20736,82944,82944,22.5,,,,,,44236.8,44236.8,20736,20736,,,,,,,,,,,,wpn_incom_blaster,20736,20736,411.68,631.11,0.56,0.56,0.78,wpn_incom_blaster,20736,20736,411.68,631.11,0.56,0.56,0.78,wpn_incom_disruptor,20736,20736,411.68,631.11,0.56,0.56,0.78,wpn_seinar_concussion_missile_s01,20736,20736,823.36,1893.33,0.75,0.75,3,,,,,,,,,,,,,,,,,,,,,,,,,,,,,,,,
rebel_gunboat_tier5,24576,11.48,9.79,52,43.22,58.64,1.76,31850.5,31850.5,31850.5,31850.5,26,20.6,32.19,47.27,31850.5,31850.5,127401.98,127401.98,34.73,,,,,,67947.72,67947.72,31850.5,31850.5,,,,,,,,,,,,wpn_incom_blaster,31850.5,31850.5,512.41,822.94,0.56,0.56,0.78,wpn_incom_blaster,31850.5,31850.5,512.41,822.94,0.56,0.56,0.78,wpn_incom_disruptor,31850.5,31850.5,512.41,822.94,0.56,0.56,0.78,wpn_seinar_concussion_missile_s01,31850.5,31850.5,1024.82,2468.82,0.75,0.75,3,,,,,,,,,,,,,,,,,,,,,,,,,,,,,,,,
rebel_shuttle_tier1,720,10.2,8.7,46.2,38.4,52.1,1.74,300,300,300,300,23.1,18.3,28.6,42,300,300,2400,2400,6,,,,,,960,960,300,300,,,,,,,,,,,,,,,,,,,,,,,,,,,,,,,,,,,,,,,,,,,,,,,,,,,,,,,,,,,,,,,,,,,,,,,,,,,
rebel_shuttle_tier2,1800,10.51,8.96,47.59,39.55,53.66,1.74,900,900,900,900,23.79,18.85,29.46,43.26,900,900,7200,7200,10.8,,,,,,2880,2880,900,900,,,,,,,,,,,,,,,,,,,,,,,,,,,,,,,,,,,,,,,,,,,,,,,,,,,,,,,,,,,,,,,,,,,,,,,,,,,
rebel_shuttle_tier3,3600,10.82,9.23,49.01,40.74,55.27,1.74,2160,2160,2160,2160,24.51,19.41,30.34,44.56,2160,2160,17280,17280,18.47,,,,,,6912,6912,2160,2160,,,,,,,,,,,,,,,,,,,,,,,,,,,,,,,,,,,,,,,,,,,,,,,,,,,,,,,,,,,,,,,,,,,,,,,,,,,
rebel_shuttle_tier4,5760,11.15,9.51,50.48,41.96,56.93,1.74,4147.2,4147.2,4147.2,4147.2,25.24,20,31.25,45.89,4147.2,4147.2,33177.6,33177.6,30,,,,,,13271.04,13271.04,4147.2,4147.2,,,,,,,,,,,,,,,,,,,,,,,,,,,,,,,,,,,,,,,,,,,,,,,,,,,,,,,,,,,,,,,,,,,,,,,,,,,
rebel_shuttle_tier5,7372.8,11.48,9.79,52,43.22,58.64,1.74,6370.1,6370.1,6370.1,6370.1,26,20.6,32.19,47.27,6370.1,6370.1,50960.79,50960.79,46.3,,,,,,20384.32,20384.32,6370.1,6370.1,,,,,,,,,,,,,,,,,,,,,,,,,,,,,,,,,,,,,,,,,,,,,,,,,,,,,,,,,,,,,,,,,,,,,,,,,,,
smuggler_warlord_ship_tier1,2400,10.2,8.7,46.2,38.4,52.1,1.76,1500,1500,1500,1500,23.1,18.3,28.6,42,1500,1500,6000,6000,4.5,,,,,,3200,3200,1500,1500,,,,,,,,,,,,wpn_incom_blaster,1500,1500,75,100,0.56,0.56,0.78,wpn_incom_disruptor,1500,1500,75,100,0.56,0.56,0.78,wpn_incom_blaster,1500,1500,75,100,0.56,0.56,0.78,wpn_incom_disruptor,1500,1500,75,100,0.56,0.56,0.78,wpn_seinar_concussion_missile_s01,1500,1500,150,300,0.75,0.75,3,,,,,,,,,,,,,,,,,,,,,,,,
smuggler_warlord_ship_tier2,6000,10.51,8.96,47.59,39.55,53.66,1.76,4500,4500,4500,4500,23.79,18.85,29.46,43.26,4500,4500,18000,18000,8.1,,,,,,9600,9600,4500,4500,,,,,,,,,,,,wpn_incom_blaster,4500,4500,157.5,220,0.56,0.56,0.78,wpn_incom_disruptor,4500,4500,157.5,220,0.56,0.56,0.78,wpn_incom_blaster,4500,4500,157.5,220,0.56,0.56,0.78,wpn_incom_disruptor,4500,4500,157.5,220,0.56,0.56,0.78,wpn_seinar_concussion_missile_s01,4500,4500,315,660,0.75,0.75,3,,,,,,,,,,,,,,,,,,,,,,,,
smuggler_warlord_ship_tier3,12000,10.82,9.23,49.01,40.74,55.27,1.76,10800,10800,10800,10800,24.51,19.41,30.34,44.56,10800,10800,43200,43200,13.85,,,,,,23040,23040,10800,10800,,,,,,,,,,,,wpn_incom_blaster,10800,10800,277.83,406.56,0.56,0.56,0.78,wpn_incom_disruptor,10800,10800,277.83,406.56,0.56,0.56,0.78,wpn_incom_blaster,10800,10800,277.83,406.56,0.56,0.56,0.78,wpn_incom_disruptor,10800,10800,277.83,406.56,0.56,0.56,0.78,wpn_seinar_concussion_missile_s01,10800,10800,555.66,1219.68,0.75,0.75,3,,,,,,,,,,,,,,,,,,,,,,,,
smuggler_warlord_ship_tier4,19200,11.15,9.51,50.48,41.96,56.93,1.76,20736,20736,20736,20736,25.24,20,31.25,45.89,20736,20736,82944,82944,22.5,,,,,,44236.8,44236.8,20736,20736,,,,,,,,,,,,wpn_incom_blaster,20736,20736,411.68,631.11,0.56,0.56,0.78,wpn_incom_disruptor,20736,20736,411.68,631.11,0.56,0.56,0.78,wpn_incom_blaster,20736,20736,411.68,631.11,0.56,0.56,0.78,wpn_incom_disruptor,20736,20736,411.68,631.11,0.56,0.56,0.78,wpn_seinar_concussion_missile_s01,20736,20736,823.36,1893.33,0.75,0.75,3,,,,,,,,,,,,,,,,,,,,,,,,
smuggler_warlord_ship_tier5,24576,11.48,9.79,52,43.22,58.64,1.76,31850.5,31850.5,31850.5,31850.5,26,20.6,32.19,47.27,31850.5,31850.5,127401.98,127401.98,34.73,,,,,,67947.72,67947.72,31850.5,31850.5,,,,,,,,,,,,wpn_incom_blaster,31850.5,31850.5,512.41,822.94,0.56,0.56,0.78,wpn_incom_disruptor,31850.5,31850.5,512.41,822.94,0.56,0.56,0.78,wpn_incom_blaster,31850.5,31850.5,512.41,822.94,0.56,0.56,0.78,wpn_incom_disruptor,31850.5,31850.5,512.41,822.94,0.56,0.56,0.78,wpn_seinar_concussion_missile_s01,31850.5,31850.5,1024.82,2468.82,0.75,0.75,3,,,,,,,,,,,,,,,,,,,,,,,,
tieadvanced_tier1,288,10.2,8.7,46.2,38.4,52.1,1.76,180,180,180,180,23.1,18.3,28.6,42,180,180,720,720,3.6,,,,,,384,384,180,180,,,,,,,,,,,,wpn_tieadvanced_blaster,180,180,36,48,0.56,0.56,0.78,,,,,,,,,,,,,,,,,,,,,,,,,,,,,,,,,,,,,,,,,,,,,,,,,,,,,,,,
tieadvanced_tier2,720,10.51,8.96,47.59,39.55,53.66,1.76,540,540,540,540,23.79,18.85,29.46,43.26,540,540,2160,2160,6.48,,,,,,1152,1152,540,540,,,,,,,,,,,,wpn_tieadvanced_blaster,540,540,75.6,105.6,0.56,0.56,0.78,,,,,,,,,,,,,,,,,,,,,,,,,,,,,,,,,,,,,,,,,,,,,,,,,,,,,,,,
tieadvanced_tier3,1440,10.82,9.23,49.01,40.74,55.27,1.76,1296,1296,1296,1296,24.51,19.41,30.34,44.56,1296,1296,5184,5184,11.08,,,,,,2764.8,2764.8,1296,1296,,,,,,,,,,,,wpn_tieadvanced_blaster,1296,1296,133.36,195.15,0.56,0.56,0.78,,,,,,,,,,,,,,,,,,,,,,,,,,,,,,,,,,,,,,,,,,,,,,,,,,,,,,,,
tieadvanced_tier4,2304,11.15,9.51,50.48,41.96,56.93,1.76,2488.32,2488.32,2488.32,2488.32,25.24,20,31.25,45.89,2488.32,2488.32,9953.28,9953.28,18,,,,,,5308.42,5308.42,2488.32,2488.32,,,,,,,,,,,,wpn_tieadvanced_blaster,2488.32,2488.32,197.61,302.93,0.56,0.56,0.78,,,,,,,,,,,,,,,,,,,,,,,,,,,,,,,,,,,,,,,,,,,,,,,,,,,,,,,,
tieadvanced_tier5,2949.12,11.48,9.79,52,43.22,58.64,1.76,3822.06,3822.06,3822.06,3822.06,26,20.6,32.19,47.27,3822.06,3822.06,15288.24,15288.24,27.78,,,,,,8153.73,8153.73,3822.06,3822.06,,,,,,,,,,,,wpn_tieadvanced_blaster,3822.06,3822.06,245.95,395.01,0.56,0.56,0.78,,,,,,,,,,,,,,,,,,,,,,,,,,,,,,,,,,,,,,,,,,,,,,,,,,,,,,,,
tieaggressor_tier1,240,10.2,8.7,46.2,38.4,52.1,1.68,150,150,150,150,23.1,18.3,28.6,42,150,150,600,600,3,,,,,,320,320,150,150,,,,,,,,,,,,wpn_generic,150,150,33,44,0.56,0.56,0.78,wpn_tieadvanced_blaster,150,150,33,44,0.56,0.56,0.78,,,,,,,,,,,,,,,,,,,,,,,,,,,,,,,,,,,,,,,,,,,,,,,,
tieaggressor_tier2,600,10.51,8.96,47.59,39.55,53.66,1.68,450,450,450,450,23.79,18.85,29.46,43.26,450,450,1800,1800,5.4,,,,,,960,960,450,450,,,,,,,,,,,,wpn_generic,450,450,69.3,96.8,0.56,0.56,0.78,wpn_tieadvanced_blaster,450,450,69.3,96.8,0.56,0.56,0.78,,,,,,,,,,,,,,,,,,,,,,,,,,,,,,,,,,,,,,,,,,,,,,,,
tieaggressor_tier3,1200,10.82,9.23,49.01,40.74,55.27,1.68,1080,1080,1080,1080,24.51,19.41,30.34,44.56,1080,1080,4320,4320,9.23,,,,,,2304,2304,1080,1080,,,,,,,,,,,,wpn_generic,1080,1080,122.25,178.89,0.56,0.56,0.78,wpn_tieadvanced_blaster,1080,1080,122.25,178.89,0.56,0.56,0.78,,,,,,,,,,,,,,,,,,,,,,,,,,,,,,,,,,,,,,,,,,,,,,,,
tieaggressor_tier4,1920,11.15,9.51,50.48,41.96,56.93,1.68,2073.6,2073.6,2073.6,2073.6,25.24,20,31.25,45.89,2073.6,2073.6,8294.4,8294.4,15,,,,,,4423.68,4423.68,2073.6,2073.6,,,,,,,,,,,,wpn_generic,2073.6,2073.6,181.14,277.69,0.56,0.56,0.78,wpn_tieadvanced_blaster,2073.6,2073.6,181.14,277.69,0.56,0.56,0.78,,,,,,,,,,,,,,,,,,,,,,,,,,,,,,,,,,,,,,,,,,,,,,,,
tieaggressor_tier5,2457.6,11.48,9.79,52,43.22,58.64,1.68,3185.05,3185.05,3185.05,3185.05,26,20.6,32.19,47.27,3185.05,3185.05,12740.2,12740.2,23.15,,,,,,6794.77,6794.77,3185.05,3185.05,,,,,,,,,,,,wpn_generic,3185.05,3185.05,225.46,362.09,0.56,0.56,0.78,wpn_tieadvanced_blaster,3185.05,3185.05,225.46,362.09,0.56,0.56,0.78,,,,,,,,,,,,,,,,,,,,,,,,,,,,,,,,,,,,,,,,,,,,,,,,
tiebomber_tier1,360,10.2,8.7,46.2,38.4,52.1,1.66,150,150,150,150,23.1,18.3,28.6,42,150,150,450,450,2.25,,,,,,480,480,150,150,,,,,,,,,,,,wpn_generic,150,150,30,40,0.56,0.56,0.78,wpn_seinar_concussion_missile_s01,150,150,60,120,0.75,0.75,3,,,,,,,,,,,,,,,,,,,,,,,,,,,,,,,,,,,,,,,,,,,,,,,,
tiebomber_tier2,900,10.51,8.96,47.59,39.55,53.66,1.66,450,450,450,450,23.79,18.85,29.46,43.26,450,450,1350,1350,4.05,,,,,,1440,1440,450,450,,,,,,,,,,,,wpn_generic,450,450,63,88,0.56,0.56,0.78,wpn_seinar_concussion_missile_s01,450,450,126,264,0.75,0.75,3,,,,,,,,,,,,,,,,,,,,,,,,,,,,,,,,,,,,,,,,,,,,,,,,
tiebomber_tier3,1800,10.82,9.23,49.01,40.74,55.27,1.66,1080,1080,1080,1080,24.51,19.41,30.34,44.56,1080,1080,3240,3240,6.93,,,,,,3456,3456,1080,1080,,,,,,,,,,,,wpn_generic,1080,1080,111.13,162.62,0.56,0.56,0.78,wpn_seinar_concussion_missile_s01,1080,1080,222.26,487.86,0.75,0.75,3,,,,,,,,,,,,,,,,,,,,,,,,,,,,,,,,,,,,,,,,,,,,,,,,
tiebomber_tier4,2880,11.15,9.51,50.48,41.96,56.93,1.66,2073.6,2073.6,2073.6,2073.6,25.24,20,31.25,45.89,2073.6,2073.6,6220.8,6220.8,11.25,,,,,,6635.52,6635.52,2073.6,2073.6,,,,,,,,,,,,wpn_generic,2073.6,2073.6,164.67,252.44,0.56,0.56,0.78,wpn_seinar_concussion_missile_s01,2073.6,2073.6,329.34,757.32,0.75,0.75,3,,,,,,,,,,,,,,,,,,,,,,,,,,,,,,,,,,,,,,,,,,,,,,,,
tiebomber_tier5,3686.4,11.48,9.79,52,43.22,58.64,1.66,3185.05,3185.05,3185.05,3185.05,26,20.6,32.19,47.27,3185.05,3185.05,9555.15,9555.15,17.36,,,,,,10192.16,10192.16,3185.05,3185.05,,,,,,,,,,,,wpn_generic,3185.05,3185.05,204.96,329.17,0.56,0.56,0.78,wpn_seinar_concussion_missile_s01,3185.05,3185.05,409.92,987.51,0.75,0.75,3,,,,,,,,,,,,,,,,,,,,,,,,,,,,,,,,,,,,,,,,,,,,,,,,
tiefighter_tier1,360,10.2,8.7,46.2,38.4,52.1,1.85,150,150,150,150,23.1,18.3,28.6,42,150,150,0,0,0,,,,,,480,480,150,150,,,,,,,,,,,,wpn_generic,150,150,30,40,0.56,0.56,0.78,,,,,,,,,,,,,,,,,,,,,,,,,,,,,,,,,,,,,,,,,,,,,,,,,,,,,,,,
tiefighter_tier2,900,10.51,8.96,47.59,39.55,53.66,1.85,450,450,450,450,23.79,18.85,29.46,43.26,450,450,0,0,0,,,,,,1440,1440,450,450,,,,,,,,,,,,wpn_generic,450,450,63,88,0.56,0.56,0.78,,,,,,,,,,,,,,,,,,,,,,,,,,,,,,,,,,,,,,,,,,,,,,,,,,,,,,,,
tiefighter_tier3,1800,10.82,9.23,49.01,40.74,55.27,1.85,1080,1080,1080,1080,24.51,19.41,30.34,44.56,1080,1080,0,0,0,,,,,,3456,3456,1080,1080,,,,,,,,,,,,wpn_generic,1080,1080,111.13,162.62,0.56,0.56,0.78,,,,,,,,,,,,,,,,,,,,,,,,,,,,,,,,,,,,,,,,,,,,,,,,,,,,,,,,
tiefighter_tier4,2880,11.15,9.51,50.48,41.96,56.93,1.85,2073.6,2073.6,2073.6,2073.6,25.24,20,31.25,45.89,2073.6,2073.6,0,0,0,,,,,,6635.52,6635.52,2073.6,2073.6,,,,,,,,,,,,wpn_generic,2073.6,2073.6,164.67,252.44,0.56,0.56,0.78,,,,,,,,,,,,,,,,,,,,,,,,,,,,,,,,,,,,,,,,,,,,,,,,,,,,,,,,
tiefighter_tier5,3686.4,11.48,9.79,52,43.22,58.64,1.85,3185.05,3185.05,3185.05,3185.05,26,20.6,32.19,47.27,3185.05,3185.05,0,0,0,,,,,,10192.16,10192.16,3185.05,3185.05,,,,,,,,,,,,wpn_generic,3185.05,3185.05,204.96,329.17,0.56,0.56,0.78,,,,,,,,,,,,,,,,,,,,,,,,,,,,,,,,,,,,,,,,,,,,,,,,,,,,,,,,
tieinterceptor_tier1,240,11.22,8.7,46.2,38.4,52.1,1.64,150,150,150,150,23.1,18.3,28.6,50.4,150,150,510,510,2.55,,,,,,320,320,150,150,,,,,,,,,,,,wpn_tieadvanced_blaster,150,150,30,40,0.56,0.56,0.78,,,,,,,,,,,,,,,,,,,,,,,,,,,,,,,,,,,,,,,,,,,,,,,,,,,,,,,,
tieinterceptor_tier2,600,11.56,8.96,47.59,39.55,53.66,1.64,450,450,450,450,23.79,18.85,29.46,51.91,450,450,1530,1530,4.59,,,,,,960,960,450,450,,,,,,,,,,,,wpn_tieadvanced_blaster,450,450,63,88,0.56,0.56,0.78,,,,,,,,,,,,,,,,,,,,,,,,,,,,,,,,,,,,,,,,,,,,,,,,,,,,,,,,
tieinterceptor_tier3,1200,11.9,9.23,49.01,40.74,55.27,1.64,1080,1080,1080,1080,24.51,19.41,30.34,53.47,1080,1080,3672,3672,7.85,,,,,,2304,2304,1080,1080,,,,,,,,,,,,wpn_tieadvanced_blaster,1080,1080,111.13,162.62,0.56,0.56,0.78,,,,,,,,,,,,,,,,,,,,,,,,,,,,,,,,,,,,,,,,,,,,,,,,,,,,,,,,
tieinterceptor_tier4,1920,12.26,9.51,50.48,41.96,56.93,1.64,2073.6,2073.6,2073.6,2073.6,25.24,20,31.25,55.07,2073.6,2073.6,7050.24,7050.24,12.75,,,,,,4423.68,4423.68,2073.6,2073.6,,,,,,,,,,,,wpn_tieadvanced_blaster,2073.6,2073.6,164.67,252.44,0.56,0.56,0.78,,,,,,,,,,,,,,,,,,,,,,,,,,,,,,,,,,,,,,,,,,,,,,,,,,,,,,,,
tieinterceptor_tier5,2457.6,12.63,9.79,52,43.22,58.64,1.64,3185.05,3185.05,3185.05,3185.05,26,20.6,32.19,56.73,3185.05,3185.05,10829.17,10829.17,19.68,,,,,,6794.77,6794.77,3185.05,3185.05,,,,,,,,,,,,wpn_tieadvanced_blaster,3185.05,3185.05,204.96,329.17,0.56,0.56,0.78,,,,,,,,,,,,,,,,,,,,,,,,,,,,,,,,,,,,,,,,,,,,,,,,,,,,,,,,
tieoppressor_tier1,264,10.2,8.7,46.2,38.4,52.1,1.72,165,165,165,165,23.1,18.3,28.6,42,165,165,660,660,3.3,,,,,,352,352,165,165,,,,,,,,,,,,wpn_tieadvanced_blaster,165,165,30,40,0.56,0.56,0.78,wpn_seinar_concussion_missile_s01,165,165,60,120,0.75,0.75,3,,,,,,,,,,,,,,,,,,,,,,,,,,,,,,,,,,,,,,,,,,,,,,,,
tieoppressor_tier2,660,10.51,8.96,47.59,39.55,53.66,1.72,495,495,495,495,23.79,18.85,29.46,43.26,495,495,1980,1980,5.94,,,,,,1056,1056,495,495,,,,,,,,,,,,wpn_tieadvanced_blaster,495,495,63,88,0.56,0.56,0.78,wpn_seinar_concussion_missile_s01,495,495,126,264,0.75,0.75,3,,,,,,,,,,,,,,,,,,,,,,,,,,,,,,,,,,,,,,,,,,,,,,,,
tieoppressor_tier3,1320,10.82,9.23,49.01,40.74,55.27,1.72,1188,1188,1188,1188,24.51,19.41,30.34,44.56,1188,1188,4752,4752,10.16,,,,,,2534.4,2534.4,1188,1188,,,,,,,,,,,,wpn_tieadvanced_blaster,1188,1188,111.13,162.62,0.56,0.56,0.78,wpn_seinar_concussion_missile_s01,1188,1188,222.26,487.86,0.75,0.75,3,,,,,,,,,,,,,,,,,,,,,,,,,,,,,,,,,,,,,,,,,,,,,,,,
tieoppressor_tier4,2112,11.15,9.51,50.48,41.96,56.93,1.72,2280.96,2280.96,2280.96,2280.96,25.24,20,31.25,45.89,2280.96,2280.96,9123.84,9123.84,16.5,,,,,,4866.05,4866.05,2280.96,2280.96,,,,,,,,,,,,wpn_tieadvanced_blaster,2280.96,2280.96,164.67,252.44,0.56,0.56,0.78,wpn_seinar_concussion_missile_s01,2280.96,2280.96,329.34,757.32,0.75,0.75,3,,,,,,,,,,,,,,,,,,,,,,,,,,,,,,,,,,,,,,,,,,,,,,,,
tieoppressor_tier5,2703.36,11.48,9.79,52,43.22,58.64,1.72,3503.55,3503.55,3503.55,3503.55,26,20.6,32.19,47.27,3503.55,3503.55,14014.22,14014.22,25.47,,,,,,7474.25,7474.25,3503.55,3503.55,,,,,,,,,,,,wpn_tieadvanced_blaster,3503.55,3503.55,204.96,329.17,0.56,0.56,0.78,wpn_seinar_concussion_missile_s01,3503.55,3503.55,409.92,987.51,0.75,0.75,3,,,,,,,,,,,,,,,,,,,,,,,,,,,,,,,,,,,,,,,,,,,,,,,,
transport_science_tier1,480,10.2,8.7,46.2,38.4,52.1,1.83,300,300,300,300,23.1,18.3,28.6,42,300,300,1800,1800,3,,,,,,960,960,300,300,,,,,,,,,,,,,,,,,,,,,,,,,,,,,,,,,,,,,,,,,,,,,,,,,,,,,,,,,,,,,,,,,,,,,,,,,,,
transport_science_tier2,1200,10.51,8.96,47.59,39.55,53.66,1.83,900,900,900,900,23.79,18.85,29.46,43.26,900,900,5400,5400,5.4,,,,,,2880,2880,900,900,,,,,,,,,,,,,,,,,,,,,,,,,,,,,,,,,,,,,,,,,,,,,,,,,,,,,,,,,,,,,,,,,,,,,,,,,,,
transport_science_tier3,2400,10.82,9.23,49.01,40.74,55.27,1.83,2160,2160,2160,2160,24.51,19.41,30.34,44.56,2160,2160,12960,12960,9.23,,,,,,6912,6912,2160,2160,,,,,,,,,,,,,,,,,,,,,,,,,,,,,,,,,,,,,,,,,,,,,,,,,,,,,,,,,,,,,,,,,,,,,,,,,,,
transport_science_tier4,3840,11.15,9.51,50.48,41.96,56.93,1.83,4147.2,4147.2,4147.2,4147.2,25.24,20,31.25,45.89,4147.2,4147.2,24883.2,24883.2,15,,,,,,13271.04,13271.04,4147.2,4147.2,,,,,,,,,,,,,,,,,,,,,,,,,,,,,,,,,,,,,,,,,,,,,,,,,,,,,,,,,,,,,,,,,,,,,,,,,,,
transport_science_tier5,4915.2,11.48,9.79,52,43.22,58.64,1.83,6370.1,6370.1,6370.1,6370.1,26,20.6,32.19,47.27,6370.1,6370.1,38220.6,38220.6,23.15,,,,,,20384.32,20384.32,6370.1,6370.1,,,,,,,,,,,,,,,,,,,,,,,,,,,,,,,,,,,,,,,,,,,,,,,,,,,,,,,,,,,,,,,,,,,,,,,,,,,
xwing_tier1,264,10.2,8.7,46.2,38.4,52.1,1.82,165,165,165,165,23.1,18.3,28.6,42,165,165,660,660,3.3,,,,,,320,320,165,165,,,,,,,,,,,,wpn_incom_blaster,165,165,33,44,0.56,0.56,0.78,,,,,,,,,,,,,,,,,,,,,,,,,,,,,,,,,,,,,,,,,,,,,,,,,,,,,,,,
xwing_tier2,660,10.51,8.96,47.59,39.55,53.66,1.82,495,495,495,495,23.79,18.85,29.46,43.26,495,495,1980,1980,5.94,,,,,,960,960,495,495,,,,,,,,,,,,wpn_incom_blaster,495,495,69.3,96.8,0.56,0.56,0.78,,,,,,,,,,,,,,,,,,,,,,,,,,,,,,,,,,,,,,,,,,,,,,,,,,,,,,,,
xwing_tier3,1320,10.82,9.23,49.01,40.74,55.27,1.82,1188,1188,1188,1188,24.51,19.41,30.34,44.56,1188,1188,4752,4752,10.16,,,,,,2304,2304,1188,1188,,,,,,,,,,,,wpn_incom_blaster,1188,1188,122.25,178.89,0.56,0.56,0.78,,,,,,,,,,,,,,,,,,,,,,,,,,,,,,,,,,,,,,,,,,,,,,,,,,,,,,,,
xwing_tier4,2112,11.15,9.51,50.48,41.96,56.93,1.82,2280.96,2280.96,2280.96,2280.96,25.24,20,31.25,45.89,2280.96,2280.96,9123.84,9123.84,16.5,,,,,,4423.68,4423.68,2280.96,2280.96,,,,,,,,,,,,wpn_incom_blaster,2280.96,2280.96,181.14,277.69,0.56,0.56,0.78,,,,,,,,,,,,,,,,,,,,,,,,,,,,,,,,,,,,,,,,,,,,,,,,,,,,,,,,
xwing_tier5,2703.36,11.48,9.79,52,43.22,58.64,1.82,3503.55,3503.55,3503.55,3503.55,26,20.6,32.19,47.27,3503.55,3503.55,14014.22,14014.22,25.47,,,,,,6794.77,6794.77,3503.55,3503.55,,,,,,,,,,,,wpn_incom_blaster,3503.55,3503.55,225.46,362.09,0.56,0.56,0.78,,,,,,,,,,,,,,,,,,,,,,,,,,,,,,,,,,,,,,,,,,,,,,,,,,,,,,,,
ykl37r_tier1,480,10.2,8.7,46.2,38.4,52.1,1.79,300,300,300,300,23.1,18.3,28.6,42,300,300,1200,1200,6,,,,,,640,640,300,300,,,,,,,,,,,,wpn_incom_blaster,300,300,60,80,0.56,0.56,0.78,wpn_incom_blaster,300,300,60,80,0.56,0.56,0.78,wpn_seinar_concussion_missile_s01,300,300,120,240,0.75,0.75,3,,,,,,,,,,,,,,,,,,,,,,,,,,,,,,,,,,,,,,,,
ykl37r_tier2,1200,10.51,8.96,47.59,39.55,53.66,1.79,900,900,900,900,23.79,18.85,29.46,43.26,900,900,3600,3600,10.8,,,,,,1920,1920,900,900,,,,,,,,,,,,wpn_incom_blaster,900,900,126,176,0.56,0.56,0.78,wpn_incom_blaster,900,900,126,176,0.56,0.56,0.78,wpn_seinar_concussion_missile_s01,900,900,252,528,0.75,0.75,3,,,,,,,,,,,,,,,,,,,,,,,,,,,,,,,,,,,,,,,,
ykl37r_tier3,2400,10.82,9.23,49.01,40.74,55.27,1.79,2160,2160,2160,2160,24.51,19.41,30.34,44.56,2160,2160,8640,8640,18.47,,,,,,4608,4608,2160,2160,,,,,,,,,,,,wpn_incom_blaster,2160,2160,222.26,325.25,0.56,0.56,0.78,wpn_incom_blaster,2160,2160,222.26,325.25,0.56,0.56,0.78,wpn_seinar_concussion_missile_s01,2160,2160,444.52,975.75,0.75,0.75,3,,,,,,,,,,,,,,,,,,,,,,,,,,,,,,,,,,,,,,,,
ykl37r_tier4,3840,11.15,9.51,50.48,41.96,56.93,1.79,4147.2,4147.2,4147.2,4147.2,25.24,20,31.25,45.89,4147.2,4147.2,16588.8,16588.8,30,,,,,,8847.36,8847.36,4147.2,4147.2,,,,,,,,,,,,wpn_incom_blaster,4147.2,4147.2,329.34,504.89,0.56,0.56,0.78,wpn_incom_blaster,4147.2,4147.2,329.34,504.89,0.56,0.56,0.78,wpn_seinar_concussion_missile_s01,4147.2,4147.2,658.68,1514.67,0.75,0.75,3,,,,,,,,,,,,,,,,,,,,,,,,,,,,,,,,,,,,,,,,
ykl37r_tier5,4915.2,11.48,9.79,52,43.22,58.64,1.79,6370.1,6370.1,6370.1,6370.1,26,20.6,32.19,47.27,6370.1,6370.1,25480.4,25480.4,46.3,,,,,,13589.54,13589.54,6370.1,6370.1,,,,,,,,,,,,wpn_incom_blaster,6370.1,6370.1,409.92,658.35,0.56,0.56,0.78,wpn_incom_blaster,6370.1,6370.1,409.92,658.35,0.56,0.56,0.78,wpn_seinar_concussion_missile_s01,6370.1,6370.1,819.84,1975.05,0.75,0.75,3,,,,,,,,,,,,,,,,,,,,,,,,,,,,,,,,,,,,,,,,
yt1300_tier1,480,10.2,8.7,46.2,38.4,52.1,1.85,300,300,300,300,23.1,18.3,28.6,42,300,300,1200,1200,6,,,,,,640,640,300,300,,,,,,,,,,,,wpn_incom_blaster,300,300,60,80,0.56,0.56,0.78,wpn_incom_blaster,300,300,60,80,0.56,0.56,0.78,,,,,,,,,,,,,,,,,,,,,,,,,,,,,,,,,,,,,,,,,,,,,,,,
yt1300_tier2,1200,10.51,8.96,47.59,39.55,53.66,1.85,900,900,900,900,23.79,18.85,29.46,43.26,900,900,3600,3600,10.8,,,,,,1920,1920,900,900,,,,,,,,,,,,wpn_incom_blaster,900,900,126,176,0.56,0.56,0.78,wpn_incom_blaster,900,900,126,176,0.56,0.56,0.78,,,,,,,,,,,,,,,,,,,,,,,,,,,,,,,,,,,,,,,,,,,,,,,,
yt1300_tier3,2400,10.82,9.23,49.01,40.74,55.27,1.85,2160,2160,2160,2160,24.51,19.41,30.34,44.56,2160,2160,8640,8640,18.47,,,,,,4608,4608,2160,2160,,,,,,,,,,,,wpn_incom_blaster,2160,2160,222.26,325.25,0.56,0.56,0.78,wpn_incom_blaster,2160,2160,222.26,325.25,0.56,0.56,0.78,,,,,,,,,,,,,,,,,,,,,,,,,,,,,,,,,,,,,,,,,,,,,,,,
yt1300_tier4,3840,11.15,9.51,50.48,41.96,56.93,1.85,4147.2,4147.2,4147.2,4147.2,25.24,20,31.25,45.89,4147.2,4147.2,16588.8,16588.8,30,,,,,,8847.36,8847.36,4147.2,4147.2,,,,,,,,,,,,wpn_incom_blaster,4147.2,4147.2,329.34,504.89,0.56,0.56,0.78,wpn_incom_blaster,4147.2,4147.2,329.34,504.89,0.56,0.56,0.78,,,,,,,,,,,,,,,,,,,,,,,,,,,,,,,,,,,,,,,,,,,,,,,,
yt1300_tier5,4915.2,11.48,9.79,52,43.22,58.64,1.85,6370.1,6370.1,6370.1,6370.1,26,20.6,32.19,47.27,6370.1,6370.1,25480.4,25480.4,46.3,,,,,,13589.54,13589.54,6370.1,6370.1,,,,,,,,,,,,wpn_incom_blaster,6370.1,6370.1,409.92,658.35,0.56,0.56,0.78,wpn_incom_blaster,6370.1,6370.1,409.92,658.35,0.56,0.56,0.78,,,,,,,,,,,,,,,,,,,,,,,,,,,,,,,,,,,,,,,,,,,,,,,,
ywing_tier1,240,10.2,8.7,46.2,38.4,52.1,1.77,150,150,150,150,23.1,18.3,28.6,42,150,150,600,600,3,,,,,,352,352,150,150,,,,,,,,,,,,wpn_incom_disruptor,150,150,30,40,0.56,0.56,0.78,wpn_slayn_ioncannon,150,150,30,40,0.56,0.56,0.78,wpn_seinar_concussion_missile_s01,150,150,60,120,0.75,0.75,3,,,,,,,,,,,,,,,,,,,,,,,,,,,,,,,,,,,,,,,,
ywing_tier2,600,10.51,8.96,47.59,39.55,53.66,1.77,450,450,450,450,23.79,18.85,29.46,43.26,450,450,1800,1800,5.4,,,,,,1056,1056,450,450,,,,,,,,,,,,wpn_incom_disruptor,450,450,63,88,0.56,0.56,0.78,wpn_slayn_ioncannon,450,450,63,88,0.56,0.56,0.78,wpn_seinar_concussion_missile_s01,450,450,126,264,0.75,0.75,3,,,,,,,,,,,,,,,,,,,,,,,,,,,,,,,,,,,,,,,,
ywing_tier3,1200,10.82,9.23,49.01,40.74,55.27,1.77,1080,1080,1080,1080,24.51,19.41,30.34,44.56,1080,1080,4320,4320,9.23,,,,,,2534.4,2534.4,1080,1080,,,,,,,,,,,,wpn_incom_disruptor,1080,1080,111.13,162.62,0.56,0.56,0.78,wpn_slayn_ioncannon,1080,1080,111.13,162.62,0.56,0.56,0.78,wpn_seinar_concussion_missile_s01,1080,1080,222.26,487.86,0.75,0.75,3,,,,,,,,,,,,,,,,,,,,,,,,,,,,,,,,,,,,,,,,
ywing_tier4,1920,11.15,9.51,50.48,41.96,56.93,1.77,2073.6,2073.6,2073.6,2073.6,25.24,20,31.25,45.89,2073.6,2073.6,8294.4,8294.4,15,,,,,,4866.05,4866.05,2073.6,2073.6,,,,,,,,,,,,wpn_incom_disruptor,2073.6,2073.6,164.67,252.44,0.56,0.56,0.78,wpn_slayn_ioncannon,2073.6,2073.6,164.67,252.44,0.56,0.56,0.78,wpn_seinar_concussion_missile_s01,2073.6,2073.6,329.34,757.32,0.75,0.75,3,,,,,,,,,,,,,,,,,,,,,,,,,,,,,,,,,,,,,,,,
ywing_tier5,2457.6,11.48,9.79,52,43.22,58.64,1.77,3185.05,3185.05,3185.05,3185.05,26,20.6,32.19,47.27,3185.05,3185.05,12740.2,12740.2,23.15,,,,,,7474.25,7474.25,3185.05,3185.05,,,,,,,,,,,,wpn_incom_disruptor,3185.05,3185.05,204.96,329.17,0.56,0.56,0.78,wpn_slayn_ioncannon,3185.05,3185.05,204.96,329.17,0.56,0.56,0.78,wpn_seinar_concussion_missile_s01,3185.05,3185.05,409.92,987.51,0.75,0.75,3,,,,,,,,,,,,,,,,,,,,,,,,,,,,,,,,,,,,,,,,
z95_tier1,240,11.22,8.7,46.2,38.4,52.1,1.84,150,150,150,150,23.1,18.3,28.6,46.2,150,150,660,660,3,,,,,,256,256,150,150,,,,,,,,,,,,wpn_z95_blaster,150,150,28.5,38,0.56,0.56,0.78,,,,,,,,,,,,,,,,,,,,,,,,,,,,,,,,,,,,,,,,,,,,,,,,,,,,,,,,
z95_tier2,600,11.56,8.96,47.59,39.55,53.66,1.84,450,450,450,450,23.79,18.85,29.46,47.59,450,450,1980,1980,5.4,,,,,,768,768,450,450,,,,,,,,,,,,wpn_z95_blaster,450,450,59.85,83.6,0.56,0.56,0.78,,,,,,,,,,,,,,,,,,,,,,,,,,,,,,,,,,,,,,,,,,,,,,,,,,,,,,,,
z95_tier3,1200,11.9,9.23,49.01,40.74,55.27,1.84,1080,1080,1080,1080,24.51,19.41,30.34,49.01,1080,1080,4752,4752,9.23,,,,,,1843.2,1843.2,1080,1080,1080,1080,15,,,,,,,,,wpn_z95_blaster,1080,1080,105.58,154.49,0.56,0.56,0.78,,,,,,,,,,,,,,,,,,,,,,,,,,,,,,,,,,,,,,,,,,,,,,,,,,,,,,,,
z95_tier4,1920,12.26,9.51,50.48,41.96,56.93,1.84,2073.6,2073.6,2073.6,2073.6,25.24,20,31.25,50.48,2073.6,2073.6,9123.84,9123.84,15,,,,,,3538.94,3538.94,2073.6,2073.6,2073.6,2073.6,15,,,,,,,,,wpn_z95_blaster,2073.6,2073.6,156.44,239.82,0.56,0.56,0.78,,,,,,,,,,,,,,,,,,,,,,,,,,,,,,,,,,,,,,,,,,,,,,,,,,,,,,,,
z95_tier5,2457.6,12.63,9.79,52,43.22,58.64,1.84,3185.05,3185.05,3185.05,3185.05,26,20.6,32.19,52,3185.05,3185.05,14014.22,14014.22,23.15,,,,,,5435.82,5435.82,3185.05,3185.05,3185.05,3185.05,15,,,,,,,,,wpn_z95_blaster,3185.05,3185.05,194.71,312.72,0.56,0.56,0.78,,,,,,,,,,,,,,,,,,,,,,,,,,,,,,,,,,,,,,,,,,,,,,,,,,,,,,,,
experimental_ship,5000,90,70,90,90,90,1.79,5000,5000,5000,5000,90,90,90,200,5000,5000,15000,15000,100,,,,,,15000,15000,5000,5000,5000,5000,50,,,,,,,,,wpn_incom_disruptor,5000,5000,1000,2000,0.7,0.7,0.78,wpn_incom_disruptor,5000,5000,1000,2000,0.7,0.7,0.78,wpn_seinar_concussion_missile_s01,5000,5000,2000,3000,0.75,0.75,3,,,,,,,,,,,,,,,,,,,,,,,,,,,,,,,,,,,,,,,,
tieadvanced_tier6,5000,60,50,50,50,50,1.9,5000,5000,5000,5000,60,60,60,120,5000,5000,15000,15000,50,,,,,,5000,5000,5000,5000,5000,5000,50,,,,,,,,,wpn_tieadvanced_blaster,5000,5000,1250,2000,0.7,0.7,0.5,,,,,,,,,,,,,,,,,,,,,,,,,,,,,,,,,,,,,,,,,,,,,,,,,,,,,,,,
tieaggressor_tier6,5000,60,50,50,50,50,1.8,5000,5000,5000,5000,60,60,60,120,5000,5000,15000,15000,50,,,,,,5000,5000,5000,5000,5000,5000,50,,,,,,,,,wpn_generic,5000,5000,1250,2000,0.7,0.7,0.5,wpn_tieadvanced_blaster,5000,5000,1250,2000,0.7,0.7,0.78,,,,,,,,,,,,,,,,,,,,,,,,,,,,,,,,,,,,,,,,,,,,,,,,
tiebomber_tier6,8000,50,40,45,45,45,1.8,8000,8000,8000,8000,55,55,55,120,5000,5000,18000,18000,75,,,,,,8000,8000,5000,5000,5000,5000,50,,,,,,,,,wpn_generic,5000,5000,1500,2500,0.7,0.7,0.5,wpn_generic,5000,5000,1500,2500,0.7,0.7,0.78,wpn_seinar_concussion_missile_s01,5000,5000,2000,3000,0.75,0.75,3,wpn_seinar_concussion_missile_s01,5000,5000,2000,3000,0.75,0.75,3,,,,,,,,,,,,,,,,,,,,,,,,,,,,,,,,
tiefighter_tier6,5000,60,50,50,50,50,1.85,5000,5000,5000,5000,60,60,60,120,,,,,,,,,,,5000,5000,5000,5000,5000,5000,50,,,,,,,,,wpn_generic,5000,5000,1000,1500,0.7,0.7,0.5,,,,,,,,,,,,,,,,,,,,,,,,,,,,,,,,,,,,,,,,,,,,,,,,,,,,,,,,
tieinterceptor_tier6,5000,60,50,50,50,50,1.8,5000,5000,5000,5000,60,60,60,120,,,,,,,,,,,5000,5000,5000,5000,5000,5000,50,,,,,,,,,wpn_tieadvanced_blaster,5000,5000,1000,1500,0.7,0.7,0.5,,,,,,,,,,,,,,,,,,,,,,,,,,,,,,,,,,,,,,,,,,,,,,,,,,,,,,,,
tieoppressor_tier6,8000,50,40,45,45,45,1.72,8000,8000,8000,8000,55,55,55,120,5000,5000,15000,15000,50,,,,,,8000,8000,5000,5000,5000,5000,50,,,,,,,,,wpn_tieadvanced_blaster,5000,5000,1250,2000,0.7,0.7,0.5,wpn_tieadvanced_blaster,5000,5000,1250,2000,0.7,0.7,0.78,wpn_seinar_concussion_missile_s01,5000,5000,2000,3000,0.75,0.75,3,wpn_seinar_concussion_missile_s01,5000,5000,2000,3000,0.75,0.75,3,,,,,,,,,,,,,,,,,,,,,,,,,,,,,,,,
decimator_tier6,12000,50,40,45,45,45,1.69,12000,12000,12000,12000,55,55,55,120,5000,5000,35000,35000,200,,,,,,12000,12000,5000,5000,5000,5000,50,,,,,,,,,wpn_tieadvanced_blaster,5000,5000,1500,2500,0.7,0.7,0.5,wpn_tieadvanced_blaster,5000,5000,1500,2500,0.7,0.7,0.78,wpn_seinar_concussion_missile_s01,5000,5000,2000,3000,0.75,0.75,3,wpn_seinar_concussion_missile_s01,5000,5000,2000,3000,0.75,0.75,3,,,,,,,,,,,,,,,,,,,,,,,,,,,,,,,,
z95_tier6,5000,60,50,50,50,50,1.84,5000,5000,5000,5000,60,60,60,120,5000,5000,15000,15000,50,,,,,,5000,5000,5000,5000,5000,5000,50,,,,,,,,,wpn_z95_blaster,5000,5000,1000,1500,0.7,0.7,0.5,,,,,,,,,,,,,,,,,,,,,,,,,,,,,,,,,,,,,,,,,,,,,,,,,,,,,,,,
xwing_tier6,5000,60,50,50,50,50,1.82,5000,5000,5000,5000,60,60,60,120,5000,5000,15000,15000,50,,,,,,5000,5000,5000,5000,5000,5000,50,,,,,,,,,wpn_incom_blaster,5000,5000,1250,2000,0.7,0.7,0.5,wpn_incom_blaster,5000,5000,1250,2000,0.7,0.7,0.78,wpn_seinar_concussion_missile_s01,5000,5000,2000,3000,0.75,0.75,3,,,,,,,,,,,,,,,,,,,,,,,,,,,,,,,,,,,,,,,,
awing_tier6,5000,60,50,50,50,50,1.62,5000,5000,5000,5000,60,60,60,120,5000,5000,12000,12000,50,,,,,,5000,5000,5000,5000,5000,5000,50,,,,,,,,,wpn_awing_blaster,5000,5000,1000,1500,0.7,0.7,0.5,,,,,,,,,,,,,,,,,,,,,,,,,,,,,,,,,,,,,,,,,,,,,,,,,,,,,,,,
bwing_tier6,8000,50,40,45,45,45,1.7,8000,8000,8000,8000,55,55,55,120,5000,5000,18000,18000,50,,,,,,8000,8000,5000,5000,5000,5000,50,,,,,,,,,wpn_bwing_blaster,5000,5000,1250,2000,0.7,0.7,0.5,wpn_bwing_blaster,5000,5000,1250,2000,0.7,0.7,0.78,wpn_bwing_blaster,5000,5000,1250,2000,0.7,0.7,0.78,wpn_bwing_blaster,5000,5000,1250,2000,0.7,0.7,0.78,wpn_seinar_concussion_missile_s01,5000,5000,2000,3000,0.75,0.75,3,wpn_seinar_concussion_missile_s01,5000,5000,2000,3000,0.75,0.75,3,,,,,,,,,,,,,,,,
ywing_tier6,8000,50,40,45,45,45,1.77,8000,8000,8000,8000,55,55,55,120,5000,5000,15000,15000,50,,,,,,8000,8000,5000,5000,5000,5000,50,,,,,,,,,wpn_incom_disruptor,5000,5000,1500,2500,0.7,0.7,0.5,wpn_slayn_ioncannon,5000,5000,1500,2500,0.7,0.7,0.78,wpn_seinar_concussion_missile_s01,5000,5000,2000,3000,0.75,0.75,3,wpn_seinar_concussion_missile_s01,5000,5000,2000,3000,0.75,0.75,3,,,,,,,,,,,,,,,,,,,,,,,,,,,,,,,,
ykl37r_tier6,12000,50,40,45,45,45,1.69,12000,12000,12000,12000,55,55,55,120,5000,5000,35000,35000,200,,,,,,12000,12000,5000,5000,5000,5000,50,,,,,,,,,wpn_tieadvanced_blaster,5000,5000,1500,2500,0.7,0.7,0.5,wpn_tieadvanced_blaster,5000,5000,1500,2500,0.7,0.7,0.78,wpn_seinar_concussion_missile_s01,5000,5000,2000,3000,0.75,0.75,3,wpn_seinar_concussion_missile_s01,5000,5000,2000,3000,0.75,0.75,3,,,,,,,,,,,,,,,,,,,,,,,,,,,,,,,,
scyk_s01_tier6,5000,60,50,50,50,50,1.95,5000,5000,5000,5000,60,60,60,120,5000,5000,12000,12000,50,,,,,,5000,5000,5000,5000,5000,5000,50,,,,,,,,,wpn_generic,5000,5000,1000,1500,0.7,0.7,0.5,,,,,,,,,,,,,,,,,,,,,,,,,,,,,,,,,,,,,,,,,,,,,,,,,,,,,,,,
scyk_s02_tier6,5000,60,50,50,50,50,1.75,5000,5000,5000,5000,60,60,60,120,5000,5000,12000,12000,50,,,,,,5000,5000,5000,5000,5000,5000,50,,,,,,,,,wpn_generic,5000,5000,1000,1500,0.7,0.7,0.5,,,,,,,,,,,,,,,,,,,,,,,,,,,,,,,,,,,,,,,,,,,,,,,,,,,,,,,,
dunelizard_s01_tier6,5000,60,50,50,50,50,1.9,5000,5000,5000,5000,60,60,60,120,5000,5000,15000,15000,50,,,,,,5000,5000,5000,5000,5000,5000,50,,,,,,,,,wpn_generic,5000,5000,1250,2000,0.7,0.7,0.5,wpn_generic,5000,5000,1250,2000,0.7,0.7,0.5,wpn_seinar_concussion_missile_s01,5000,5000,2000,3000,0.75,0.75,3,,,,,,,,,,,,,,,,,,,,,,,,,,,,,,,,,,,,,,,,
dunelizard_s02_tier6,5000,60,50,50,50,50,1.9,5000,5000,5000,5000,60,60,60,120,5000,5000,15000,15000,50,,,,,,5000,5000,5000,5000,5000,5000,50,,,,,,,,,wpn_generic,5000,5000,1250,2000,0.7,0.7,0.5,wpn_generic,5000,5000,1250,2000,0.7,0.7,0.5,wpn_seinar_concussion_missile_s01,5000,5000,2000,3000,0.75,0.75,3,,,,,,,,,,,,,,,,,,,,,,,,,,,,,,,,,,,,,,,,
kimogilla_s01_tier6,8000,50,40,45,45,45,1.95,8000,8000,8000,8000,55,55,55,120,5000,5000,15000,15000,50,,,,,,8000,8000,5000,5000,5000,5000,50,,,,,,,,,wpn_generic,5000,5000,1250,2000,0.7,0.7,0.5,wpn_generic,5000,5000,1250,2000,0.7,0.7,0.5,wpn_generic,5000,5000,1250,2000,0.7,0.7,0.5,wpn_seinar_concussion_missile_s01,5000,5000,2000,3000,0.75,0.75,3,wpn_seinar_concussion_missile_s01,5000,5000,2000,3000,0.75,0.75,3,,,,,,,,,,,,,,,,,,,,,,,,
kimogilla_s02_tier6,8000,50,40,45,45,45,1.76,8000,8000,8000,8000,55,55,55,120,5000,5000,15000,15000,50,,,,,,8000,8000,5000,5000,5000,5000,50,,,,,,,,,wpn_generic,5000,5000,1250,2000,0.7,0.7,0.5,wpn_generic,5000,5000,1250,2000,0.7,0.7,0.5,wpn_generic,5000,5000,1250,2000,0.7,0.7,0.5,wpn_seinar_concussion_missile_s01,5000,5000,2000,3000,0.75,0.75,3,wpn_seinar_concussion_missile_s01,5000,5000,2000,3000,0.75,0.75,3,,,,,,,,,,,,,,,,,,,,,,,,
krayt_tier6,8000,50,40,45,45,45,1.76,8000,8000,8000,8000,55,55,55,120,5000,5000,18000,18000,75,,,,,,8000,8000,5000,5000,5000,5000,50,,,,,,,,,wpn_generic,5000,5000,1500,2500,0.7,0.7,0.5,wpn_generic,5000,5000,1500,2500,0.7,0.7,0.5,wpn_generic,5000,5000,1500,2500,0.7,0.7,0.5,wpn_generic,5000,5000,1500,2500,0.7,0.7,0.5,wpn_seinar_concussion_missile_s01,5000,5000,2000,3000,0.75,0.75,3,,,,,,,,,,,,,,,,,,,,,,,,
firespray_tier6,8000,50,40,45,45,45,1.76,8000,8000,8000,8000,55,55,55,120,5000,5000,18000,18000,75,,,,,,8000,8000,5000,5000,5000,5000,50,,,,,,,,,wpn_generic,5000,5000,1500,2500,0.7,0.7,0.5,wpn_generic,5000,5000,1500,2500,0.7,0.7,0.5,wpn_seinar_concussion_missile_s01,5000,5000,2000,3000,0.75,0.75,3,,,,,,,,,,,,,,,,,,,,,,,,,,,,,,,,,,,,,,,,
rihkxyrk_tier6,8000,50,40,45,45,45,1.77,8000,8000,8000,8000,55,55,55,120,5000,5000,18000,18000,75,,,,,,8000,8000,5000,5000,5000,5000,50,,,,,,,,,wpn_generic,5000,5000,1500,2500,0.7,0.7,0.5,wpn_generic,5000,5000,1500,2500,0.7,0.7,0.5,wpn_generic,5000,5000,1500,2500,0.7,0.7,0.5,wpn_seinar_concussion_missile_s01,5000,5000,2000,3000,0.75,0.75,3,,,,,,,,,,,,,,,,,,,,,,,,,,,,,,,,
kihraxz_tier6,5000,60,50,50,50,50,1.87,5000,5000,5000,5000,60,60,60,120,5000,5000,15000,15000,50,,,,,,5000,5000,5000,5000,5000,5000,50,,,,,,,,,wpn_generic,5000,5000,1000,1500,0.7,0.7,0.5,,,,,,,,,,,,,,,,,,,,,,,,,,,,,,,,,,,,,,,,,,,,,,,,,,,,,,,,
ixiyen_s01_tier6,8000,60,50,50,50,50,1.8,8000,8000,8000,8000,60,60,60,120,5000,5000,15000,15000,50,,,,,,8000,8000,5000,5000,5000,5000,50,,,,,,,,,wpn_generic,5000,5000,1250,2000,0.7,0.7,0.5,wpn_generic,5000,5000,1250,2000,0.7,0.7,0.5,wpn_seinar_concussion_missile_s01,5000,5000,2000,3000,0.75,0.75,3,wpn_seinar_concussion_missile_s01,5000,5000,2000,3000,0.75,0.75,3,,,,,,,,,,,,,,,,,,,,,,,,,,,,,,,,
ixiyen_s02_tier6,8000,60,50,50,50,50,1.8,8000,8000,8000,8000,60,60,60,120,5000,5000,15000,15000,50,,,,,,8000,8000,5000,5000,5000,5000,50,,,,,,,,,wpn_generic,5000,5000,1250,2000,0.7,0.7,0.5,wpn_generic,5000,5000,1250,2000,0.7,0.7,0.5,wpn_seinar_concussion_missile_s01,5000,5000,2000,3000,0.75,0.75,3,wpn_seinar_concussion_missile_s01,5000,5000,2000,3000,0.75,0.75,3,,,,,,,,,,,,,,,,,,,,,,,,,,,,,,,,
ixiyen_s03_tier6,8000,60,50,50,50,50,1.8,8000,8000,8000,8000,60,60,60,120,5000,5000,15000,15000,50,,,,,,8000,8000,5000,5000,5000,5000,50,,,,,,,,,wpn_generic,5000,5000,1250,2000,0.7,0.7,0.5,wpn_generic,5000,5000,1250,2000,0.7,0.7,0.5,wpn_seinar_concussion_missile_s01,5000,5000,2000,3000,0.75,0.75,3,wpn_seinar_concussion_missile_s01,5000,5000,2000,3000,0.75,0.75,3,,,,,,,,,,,,,,,,,,,,,,,,,,,,,,,,
yt1300_tier6,12000,50,40,45,45,45,1.69,12000,12000,12000,12000,55,55,55,120,5000,5000,35000,35000,200,,,,,,12000,12000,5000,5000,5000,5000,50,,,,,,,,,wpn_tieadvanced_blaster,5000,5000,1500,2500,0.7,0.7,0.5,wpn_tieadvanced_blaster,5000,5000,1500,2500,0.7,0.7,0.78,wpn_seinar_concussion_missile_s01,5000,5000,2000,3000,0.75,0.75,3,wpn_seinar_concussion_missile_s01,5000,5000,2000,3000,0.75,0.75,3,,,,,,,,,,,,,,,,,,,,,,,,,,,,,,,,
tieadvanced_tier7,6500,60,60,55,55,55,1.9,5000,5000,5000,5000,65,65,65,140,5000,5000,15000,15000,50,,,,,,6500,6500,5000,5000,5000,5000,50,,,,,,,,,wpn_tieadvanced_blaster,5000,5000,1375,2125,0.7,0.7,0.5,,,,,,,,,,,,,,,,,,,,,,,,,,,,,,,,,,,,,,,,,,,,,,,,,,,,,,,,
tieaggressor_tier7,6500,60,60,55,55,55,1.8,5000,5000,5000,5000,65,65,65,140,5000,5000,15000,15000,50,,,,,,6500,6500,5000,5000,5000,5000,50,,,,,,,,,wpn_generic,5000,5000,1375,2125,0.7,0.7,0.5,wpn_tieadvanced_blaster,5000,5000,1375,2125,0.7,0.7,0.78,,,,,,,,,,,,,,,,,,,,,,,,,,,,,,,,,,,,,,,,,,,,,,,,
tiebomber_tier7,9500,60,50,50,50,50,1.8,8000,8000,8000,8000,60,60,60,140,5000,5000,18000,18000,75,,,,,,9500,9500,5000,5000,5000,5000,50,,,,,,,,,wpn_generic,5000,5000,1625,2625,0.7,0.7,0.5,wpn_generic,5000,5000,1625,2625,0.7,0.7,0.78,wpn_seinar_concussion_missile_s01,5000,5000,2125,3125,0.75,0.75,3,wpn_seinar_concussion_missile_s01,5000,5000,2125,3125,0.75,0.75,3,,,,,,,,,,,,,,,,,,,,,,,,,,,,,,,,
tiefighter_tier7,6500,60,60,55,55,55,1.85,5000,5000,5000,5000,65,65,65,140,,,,,,,,,,,6500,6500,5000,5000,5000,5000,50,,,,,,,,,wpn_generic,5000,5000,1125,1625,0.7,0.7,0.5,,,,,,,,,,,,,,,,,,,,,,,,,,,,,,,,,,,,,,,,,,,,,,,,,,,,,,,,
tieinterceptor_tier7,6500,60,60,55,55,55,1.8,5000,5000,5000,5000,65,65,65,140,,,,,,,,,,,6500,6500,5000,5000,5000,5000,50,,,,,,,,,wpn_tieadvanced_blaster,5000,5000,1125,1625,0.7,0.7,0.5,,,,,,,,,,,,,,,,,,,,,,,,,,,,,,,,,,,,,,,,,,,,,,,,,,,,,,,,
tieoppressor_tier7,9500,60,50,50,50,50,1.72,8000,8000,8000,8000,60,60,60,140,5000,5000,15000,15000,50,,,,,,9500,9500,5000,5000,5000,5000,50,,,,,,,,,wpn_tieadvanced_blaster,5000,5000,1375,2125,0.7,0.7,0.5,wpn_tieadvanced_blaster,5000,5000,1375,2125,0.7,0.7,0.78,wpn_seinar_concussion_missile_s01,5000,5000,2125,3125,0.75,0.75,3,wpn_seinar_concussion_missile_s01,5000,5000,2125,3125,0.75,0.75,3,,,,,,,,,,,,,,,,,,,,,,,,,,,,,,,,
decimator_tier7,13500,60,50,50,50,50,1.69,12000,12000,12000,12000,60,60,60,140,5000,5000,35000,35000,200,,,,,,13500,13500,5000,5000,5000,5000,50,,,,,,,,,wpn_tieadvanced_blaster,5000,5000,1625,2625,0.7,0.7,0.5,wpn_tieadvanced_blaster,5000,5000,1625,2625,0.7,0.7,0.78,wpn_seinar_concussion_missile_s01,5000,5000,2125,3125,0.75,0.75,3,wpn_seinar_concussion_missile_s01,5000,5000,2125,3125,0.75,0.75,3,,,,,,,,,,,,,,,,,,,,,,,,,,,,,,,,
z95_tier7,6500,60,60,55,55,55,1.84,5000,5000,5000,5000,65,65,65,140,5000,5000,15000,15000,50,,,,,,6500,6500,5000,5000,5000,5000,50,,,,,,,,,wpn_z95_blaster,5000,5000,1125,1625,0.7,0.7,0.5,,,,,,,,,,,,,,,,,,,,,,,,,,,,,,,,,,,,,,,,,,,,,,,,,,,,,,,,
xwing_tier7,6500,60,60,55,55,55,1.82,5000,5000,5000,5000,65,65,65,140,5000,5000,15000,15000,50,,,,,,6500,6500,5000,5000,5000,5000,50,,,,,,,,,wpn_incom_blaster,5000,5000,1375,2125,0.7,0.7,0.5,wpn_incom_blaster,5000,5000,1375,2125,0.7,0.7,0.78,wpn_seinar_concussion_missile_s01,5000,5000,2125,3125,0.75,0.75,3,,,,,,,,,,,,,,,,,,,,,,,,,,,,,,,,,,,,,,,,
awing_tier7,6500,60,60,55,55,55,1.62,5000,5000,5000,5000,65,65,65,140,5000,5000,12000,12000,50,,,,,,6500,6500,5000,5000,5000,5000,50,,,,,,,,,wpn_awing_blaster,5000,5000,1125,1625,0.7,0.7,0.5,,,,,,,,,,,,,,,,,,,,,,,,,,,,,,,,,,,,,,,,,,,,,,,,,,,,,,,,
bwing_tier7,9500,60,50,50,50,50,1.7,8000,8000,8000,8000,60,60,60,140,5000,5000,18000,18000,50,,,,,,9500,9500,5000,5000,5000,5000,50,,,,,,,,,wpn_bwing_blaster,5000,5000,1375,2125,0.7,0.7,0.5,wpn_bwing_blaster,5000,5000,1375,2125,0.7,0.7,0.78,wpn_bwing_blaster,5000,5000,1375,2125,0.7,0.7,0.78,wpn_bwing_blaster,5000,5000,1375,2125,0.7,0.7,0.78,wpn_seinar_concussion_missile_s01,5000,5000,2125,3125,0.75,0.75,3,wpn_seinar_concussion_missile_s01,5000,5000,2125,3125,0.75,0.75,3,,,,,,,,,,,,,,,,
ywing_tier7,9500,60,50,50,50,50,1.77,8000,8000,8000,8000,60,60,60,140,5000,5000,15000,15000,50,,,,,,9500,9500,5000,5000,5000,5000,50,,,,,,,,,wpn_incom_disruptor,5000,5000,1625,2625,0.7,0.7,0.5,wpn_slayn_ioncannon,5000,5000,1625,2625,0.7,0.7,0.78,wpn_seinar_concussion_missile_s01,5000,5000,2125,3125,0.75,0.75,3,wpn_seinar_concussion_missile_s01,5000,5000,2125,3125,0.75,0.75,3,,,,,,,,,,,,,,,,,,,,,,,,,,,,,,,,
ykl37r_tier7,13500,60,50,50,50,50,1.69,12000,12000,12000,12000,60,60,60,140,5000,5000,35000,35000,200,,,,,,13500,13500,5000,5000,5000,5000,50,,,,,,,,,wpn_tieadvanced_blaster,5000,5000,1625,2625,0.7,0.7,0.5,wpn_tieadvanced_blaster,5000,5000,1625,2625,0.7,0.7,0.78,wpn_seinar_concussion_missile_s01,5000,5000,2125,3125,0.75,0.75,3,wpn_seinar_concussion_missile_s01,5000,5000,2125,3125,0.75,0.75,3,,,,,,,,,,,,,,,,,,,,,,,,,,,,,,,,
scyk_s01_tier7,6500,60,60,55,55,55,1.95,5000,5000,5000,5000,65,65,65,140,5000,5000,12000,12000,50,,,,,,6500,6500,5000,5000,5000,5000,50,,,,,,,,,wpn_generic,5000,5000,1125,1625,0.7,0.7,0.5,,,,,,,,,,,,,,,,,,,,,,,,,,,,,,,,,,,,,,,,,,,,,,,,,,,,,,,,
scyk_s02_tier7,6500,60,60,55,55,55,1.75,5000,5000,5000,5000,65,65,65,140,5000,5000,12000,12000,50,,,,,,6500,6500,5000,5000,5000,5000,50,,,,,,,,,wpn_generic,5000,5000,1125,1625,0.7,0.7,0.5,,,,,,,,,,,,,,,,,,,,,,,,,,,,,,,,,,,,,,,,,,,,,,,,,,,,,,,,
dunelizard_s01_tier7,6500,60,60,55,55,55,1.9,5000,5000,5000,5000,65,65,65,140,5000,5000,15000,15000,50,,,,,,6500,6500,5000,5000,5000,5000,50,,,,,,,,,wpn_generic,5000,5000,1375,2125,0.7,0.7,0.5,wpn_generic,5000,5000,1375,2125,0.7,0.7,0.5,wpn_seinar_concussion_missile_s01,5000,5000,2125,3125,0.75,0.75,3,,,,,,,,,,,,,,,,,,,,,,,,,,,,,,,,,,,,,,,,
dunelizard_s02_tier7,6500,60,60,55,55,55,1.9,5000,5000,5000,5000,65,65,65,140,5000,5000,15000,15000,50,,,,,,6500,6500,5000,5000,5000,5000,50,,,,,,,,,wpn_generic,5000,5000,1375,2125,0.7,0.7,0.5,wpn_generic,5000,5000,1375,2125,0.7,0.7,0.5,wpn_seinar_concussion_missile_s01,5000,5000,2125,3125,0.75,0.75,3,,,,,,,,,,,,,,,,,,,,,,,,,,,,,,,,,,,,,,,,
kimogilla_s01_tier7,9500,60,50,50,50,50,1.95,8000,8000,8000,8000,60,60,60,140,5000,5000,15000,15000,50,,,,,,9500,9500,5000,5000,5000,5000,50,,,,,,,,,wpn_generic,5000,5000,1375,2125,0.7,0.7,0.5,wpn_generic,5000,5000,1375,2125,0.7,0.7,0.5,wpn_generic,5000,5000,1375,2125,0.7,0.7,0.5,wpn_seinar_concussion_missile_s01,5000,5000,2125,3125,0.75,0.75,3,wpn_seinar_concussion_missile_s01,5000,5000,2125,3125,0.75,0.75,3,,,,,,,,,,,,,,,,,,,,,,,,
kimogilla_s02_tier7,9500,60,50,50,50,50,1.76,8000,8000,8000,8000,60,60,60,140,5000,5000,15000,15000,50,,,,,,9500,9500,5000,5000,5000,5000,50,,,,,,,,,wpn_generic,5000,5000,1375,2125,0.7,0.7,0.5,wpn_generic,5000,5000,1375,2125,0.7,0.7,0.5,wpn_generic,5000,5000,1375,2125,0.7,0.7,0.5,wpn_seinar_concussion_missile_s01,5000,5000,2125,3125,0.75,0.75,3,wpn_seinar_concussion_missile_s01,5000,5000,2125,3125,0.75,0.75,3,,,,,,,,,,,,,,,,,,,,,,,,
krayt_tier7,9500,60,50,50,50,50,1.76,8000,8000,8000,8000,60,60,60,140,5000,5000,18000,18000,75,,,,,,9500,9500,5000,5000,5000,5000,50,,,,,,,,,wpn_generic,5000,5000,1625,2625,0.7,0.7,0.5,wpn_generic,5000,5000,1625,2625,0.7,0.7,0.5,wpn_generic,5000,5000,1625,2625,0.7,0.7,0.5,wpn_generic,5000,5000,1625,2625,0.7,0.7,0.5,wpn_seinar_concussion_missile_s01,5000,5000,2125,3125,0.75,0.75,3,,,,,,,,,,,,,,,,,,,,,,,,
firespray_tier7,9500,60,50,50,50,50,1.76,8000,8000,8000,8000,60,60,60,140,5000,5000,18000,18000,75,,,,,,9500,9500,5000,5000,5000,5000,50,,,,,,,,,wpn_generic,5000,5000,1625,2625,0.7,0.7,0.5,wpn_generic,5000,5000,1625,2625,0.7,0.7,0.5,wpn_seinar_concussion_missile_s01,5000,5000,2125,3125,0.75,0.75,3,,,,,,,,,,,,,,,,,,,,,,,,,,,,,,,,,,,,,,,,
rihkxyrk_tier7,9500,60,50,50,50,50,1.77,8000,8000,8000,8000,60,60,60,140,5000,5000,18000,18000,75,,,,,,9500,9500,5000,5000,5000,5000,50,,,,,,,,,wpn_generic,5000,5000,1625,2625,0.7,0.7,0.5,wpn_generic,5000,5000,1625,2625,0.7,0.7,0.5,wpn_generic,5000,5000,1625,2625,0.7,0.7,0.5,wpn_seinar_concussion_missile_s01,5000,5000,2125,3125,0.75,0.75,3,,,,,,,,,,,,,,,,,,,,,,,,,,,,,,,,
kihraxz_tier7,6500,60,60,55,55,55,1.87,5000,5000,5000,5000,65,65,65,140,5000,5000,15000,15000,50,,,,,,6500,6500,5000,5000,5000,5000,50,,,,,,,,,wpn_generic,5000,5000,1125,1625,0.7,0.7,0.5,,,,,,,,,,,,,,,,,,,,,,,,,,,,,,,,,,,,,,,,,,,,,,,,,,,,,,,,
ixiyen_s01_tier7,9500,60,60,55,55,55,1.8,8000,8000,8000,8000,65,65,65,140,5000,5000,15000,15000,50,,,,,,9500,9500,5000,5000,5000,5000,50,,,,,,,,,wpn_generic,5000,5000,1375,2125,0.7,0.7,0.5,wpn_generic,5000,5000,1375,2125,0.7,0.7,0.5,wpn_seinar_concussion_missile_s01,5000,5000,2125,3125,0.75,0.75,3,wpn_seinar_concussion_missile_s01,5000,5000,2125,3125,0.75,0.75,3,,,,,,,,,,,,,,,,,,,,,,,,,,,,,,,,
ixiyen_s02_tier7,9500,60,60,55,55,55,1.8,8000,8000,8000,8000,65,65,65,140,5000,5000,15000,15000,50,,,,,,9500,9500,5000,5000,5000,5000,50,,,,,,,,,wpn_generic,5000,5000,1375,2125,0.7,0.7,0.5,wpn_generic,5000,5000,1375,2125,0.7,0.7,0.5,wpn_seinar_concussion_missile_s01,5000,5000,2125,3125,0.75,0.75,3,wpn_seinar_concussion_missile_s01,5000,5000,2125,3125,0.75,0.75,3,,,,,,,,,,,,,,,,,,,,,,,,,,,,,,,,
ixiyen_s03_tier7,9500,60,60,55,55,55,1.8,8000,8000,8000,8000,65,65,65,140,5000,5000,15000,15000,50,,,,,,9500,9500,5000,5000,5000,5000,50,,,,,,,,,wpn_generic,5000,5000,1375,2125,0.7,0.7,0.5,wpn_generic,5000,5000,1375,2125,0.7,0.7,0.5,wpn_seinar_concussion_missile_s01,5000,5000,2125,3125,0.75,0.75,3,wpn_seinar_concussion_missile_s01,5000,5000,2125,3125,0.75,0.75,3,,,,,,,,,,,,,,,,,,,,,,,,,,,,,,,,
yt1300_tier7,13500,60,50,50,50,50,1.69,12000,12000,12000,12000,60,60,60,140,5000,5000,35000,35000,200,,,,,,13500,13500,5000,5000,5000,5000,50,,,,,,,,,wpn_tieadvanced_blaster,5000,5000,1625,2625,0.7,0.7,0.5,wpn_tieadvanced_blaster,5000,5000,1625,2625,0.7,0.7,0.78,wpn_seinar_concussion_missile_s01,5000,5000,2125,3125,0.75,0.75,3,wpn_seinar_concussion_missile_s01,5000,5000,2125,3125,0.75,0.75,3,,,,,,,,,,,,,,,,,,,,,,,,,,,,,,,,
tieadvanced_tier8,8000,70,60,60,60,60,1.9,5000,5000,5000,5000,70,70,70,160,5000,5000,15000,15000,50,,,,,,8000,8000,5000,5000,5000,5000,50,,,,,,,,,wpn_tieadvanced_blaster,5000,5000,1500,2250,0.7,0.7,0.5,,,,,,,,,,,,,,,,,,,,,,,,,,,,,,,,,,,,,,,,,,,,,,,,,,,,,,,,
tieaggressor_tier8,8000,70,60,60,60,60,1.8,5000,5000,5000,5000,70,70,70,160,5000,5000,15000,15000,50,,,,,,8000,8000,5000,5000,5000,5000,50,,,,,,,,,wpn_generic,5000,5000,1500,2250,0.7,0.7,0.5,wpn_tieadvanced_blaster,5000,5000,1500,2250,0.7,0.7,0.78,,,,,,,,,,,,,,,,,,,,,,,,,,,,,,,,,,,,,,,,,,,,,,,,
tiebomber_tier8,11000,60,60,55,55,55,1.8,8000,8000,8000,8000,65,65,65,160,5000,5000,18000,18000,75,,,,,,11000,11000,5000,5000,5000,5000,50,,,,,,,,,wpn_generic,5000,5000,1750,2750,0.7,0.7,0.5,wpn_generic,5000,5000,1750,2750,0.7,0.7,0.78,wpn_seinar_concussion_missile_s01,5000,5000,2250,3250,0.75,0.75,3,wpn_seinar_concussion_missile_s01,5000,5000,2250,3250,0.75,0.75,3,,,,,,,,,,,,,,,,,,,,,,,,,,,,,,,,
tiefighter_tier8,8000,70,60,60,60,60,1.85,5000,5000,5000,5000,70,70,70,160,,,,,,,,,,,8000,8000,5000,5000,5000,5000,50,,,,,,,,,wpn_generic,5000,5000,1250,1750,0.7,0.7,0.5,,,,,,,,,,,,,,,,,,,,,,,,,,,,,,,,,,,,,,,,,,,,,,,,,,,,,,,,
tieinterceptor_tier8,8000,70,60,60,60,60,1.8,5000,5000,5000,5000,70,70,70,160,,,,,,,,,,,8000,8000,5000,5000,5000,5000,50,,,,,,,,,wpn_tieadvanced_blaster,5000,5000,1250,1750,0.7,0.7,0.5,,,,,,,,,,,,,,,,,,,,,,,,,,,,,,,,,,,,,,,,,,,,,,,,,,,,,,,,
tieoppressor_tier8,11000,60,60,55,55,55,1.72,8000,8000,8000,8000,65,65,65,160,5000,5000,15000,15000,50,,,,,,11000,11000,5000,5000,5000,5000,50,,,,,,,,,wpn_tieadvanced_blaster,5000,5000,1500,2250,0.7,0.7,0.5,wpn_tieadvanced_blaster,5000,5000,1500,2250,0.7,0.7,0.78,wpn_seinar_concussion_missile_s01,5000,5000,2250,3250,0.75,0.75,3,wpn_seinar_concussion_missile_s01,5000,5000,2250,3250,0.75,0.75,3,,,,,,,,,,,,,,,,,,,,,,,,,,,,,,,,
decimator_tier8,15000,60,60,55,55,55,1.69,12000,12000,12000,12000,65,65,65,160,5000,5000,35000,35000,200,,,,,,15000,15000,5000,5000,5000,5000,50,,,,,,,,,wpn_tieadvanced_blaster,5000,5000,1750,2750,0.7,0.7,0.5,wpn_tieadvanced_blaster,5000,5000,1750,2750,0.7,0.7,0.78,wpn_seinar_concussion_missile_s01,5000,5000,2250,3250,0.75,0.75,3,wpn_seinar_concussion_missile_s01,5000,5000,2250,3250,0.75,0.75,3,,,,,,,,,,,,,,,,,,,,,,,,,,,,,,,,
z95_tier8,8000,70,60,60,60,60,1.84,5000,5000,5000,5000,70,70,70,160,5000,5000,15000,15000,50,,,,,,8000,8000,5000,5000,5000,5000,50,,,,,,,,,wpn_z95_blaster,5000,5000,1250,1750,0.7,0.7,0.5,,,,,,,,,,,,,,,,,,,,,,,,,,,,,,,,,,,,,,,,,,,,,,,,,,,,,,,,
xwing_tier8,8000,70,60,60,60,60,1.82,5000,5000,5000,5000,70,70,70,160,5000,5000,15000,15000,50,,,,,,8000,8000,5000,5000,5000,5000,50,,,,,,,,,wpn_incom_blaster,5000,5000,1500,2250,0.7,0.7,0.5,wpn_incom_blaster,5000,5000,1500,2250,0.7,0.7,0.78,wpn_seinar_concussion_missile_s01,5000,5000,2250,3250,0.75,0.75,3,,,,,,,,,,,,,,,,,,,,,,,,,,,,,,,,,,,,,,,,
awing_tier8,8000,70,60,60,60,60,1.62,5000,5000,5000,5000,70,70,70,160,5000,5000,12000,12000,50,,,,,,8000,8000,5000,5000,5000,5000,50,,,,,,,,,wpn_awing_blaster,5000,5000,1250,1750,0.7,0.7,0.5,,,,,,,,,,,,,,,,,,,,,,,,,,,,,,,,,,,,,,,,,,,,,,,,,,,,,,,,
bwing_tier8,11000,60,60,55,55,55,1.7,8000,8000,8000,8000,65,65,65,160,5000,5000,18000,18000,50,,,,,,11000,11000,5000,5000,5000,5000,50,,,,,,,,,wpn_bwing_blaster,5000,5000,1500,2250,0.7,0.7,0.5,wpn_bwing_blaster,5000,5000,1500,2250,0.7,0.7,0.78,wpn_bwing_blaster,5000,5000,1500,2250,0.7,0.7,0.78,wpn_bwing_blaster,5000,5000,1500,2250,0.7,0.7,0.78,wpn_seinar_concussion_missile_s01,5000,5000,2250,3250,0.75,0.75,3,wpn_seinar_concussion_missile_s01,5000,5000,2250,3250,0.75,0.75,3,,,,,,,,,,,,,,,,
ywing_tier8,11000,60,60,55,55,55,1.77,8000,8000,8000,8000,65,65,65,160,5000,5000,15000,15000,50,,,,,,11000,11000,5000,5000,5000,5000,50,,,,,,,,,wpn_incom_disruptor,5000,5000,1750,2750,0.7,0.7,0.5,wpn_slayn_ioncannon,5000,5000,1750,2750,0.7,0.7,0.78,wpn_seinar_concussion_missile_s01,5000,5000,2250,3250,0.75,0.75,3,wpn_seinar_concussion_missile_s01,5000,5000,2250,3250,0.75,0.75,3,,,,,,,,,,,,,,,,,,,,,,,,,,,,,,,,
ykl38r_tier8,15000,60,60,55,55,55,1.69,12000,12000,12000,12000,65,65,65,160,5000,5000,35000,35000,200,,,,,,15000,15000,5000,5000,5000,5000,50,,,,,,,,,wpn_tieadvanced_blaster,5000,5000,1750,2750,0.7,0.7,0.5,wpn_tieadvanced_blaster,5000,5000,1750,2750,0.7,0.7,0.78,wpn_seinar_concussion_missile_s01,5000,5000,2250,3250,0.75,0.75,3,wpn_seinar_concussion_missile_s01,5000,5000,2250,3250,0.75,0.75,3,,,,,,,,,,,,,,,,,,,,,,,,,,,,,,,,
scyk_s01_tier8,8000,70,60,60,60,60,1.95,5000,5000,5000,5000,70,70,70,160,5000,5000,12000,12000,50,,,,,,8000,8000,5000,5000,5000,5000,50,,,,,,,,,wpn_generic,5000,5000,1250,1750,0.7,0.7,0.5,,,,,,,,,,,,,,,,,,,,,,,,,,,,,,,,,,,,,,,,,,,,,,,,,,,,,,,,
scyk_s02_tier8,8000,70,60,60,60,60,1.75,5000,5000,5000,5000,70,70,70,160,5000,5000,12000,12000,50,,,,,,8000,8000,5000,5000,5000,5000,50,,,,,,,,,wpn_generic,5000,5000,1250,1750,0.7,0.7,0.5,,,,,,,,,,,,,,,,,,,,,,,,,,,,,,,,,,,,,,,,,,,,,,,,,,,,,,,,
dunelizard_s01_tier8,8000,70,60,60,60,60,1.9,5000,5000,5000,5000,70,70,70,160,5000,5000,15000,15000,50,,,,,,8000,8000,5000,5000,5000,5000,50,,,,,,,,,wpn_generic,5000,5000,1500,2250,0.7,0.7,0.5,wpn_generic,5000,5000,1500,2250,0.7,0.7,0.5,wpn_seinar_concussion_missile_s01,5000,5000,2250,3250,0.75,0.75,3,,,,,,,,,,,,,,,,,,,,,,,,,,,,,,,,,,,,,,,,
dunelizard_s02_tier8,8000,70,60,60,60,60,1.9,5000,5000,5000,5000,70,70,70,160,5000,5000,15000,15000,50,,,,,,8000,8000,5000,5000,5000,5000,50,,,,,,,,,wpn_generic,5000,5000,1500,2250,0.7,0.7,0.5,wpn_generic,5000,5000,1500,2250,0.7,0.7,0.5,wpn_seinar_concussion_missile_s01,5000,5000,2250,3250,0.75,0.75,3,,,,,,,,,,,,,,,,,,,,,,,,,,,,,,,,,,,,,,,,
kimogilla_s01_tier8,11000,60,60,55,55,55,1.95,8000,8000,8000,8000,65,65,65,160,5000,5000,15000,15000,50,,,,,,11000,11000,5000,5000,5000,5000,50,,,,,,,,,wpn_generic,5000,5000,1500,2250,0.7,0.7,0.5,wpn_generic,5000,5000,1500,2250,0.7,0.7,0.5,wpn_generic,5000,5000,1500,2250,0.7,0.7,0.5,wpn_seinar_concussion_missile_s01,5000,5000,2250,3250,0.75,0.75,3,wpn_seinar_concussion_missile_s01,5000,5000,2250,3250,0.75,0.75,3,,,,,,,,,,,,,,,,,,,,,,,,
kimogilla_s02_tier8,11000,60,60,55,55,55,1.76,8000,8000,8000,8000,65,65,65,160,5000,5000,15000,15000,50,,,,,,11000,11000,5000,5000,5000,5000,50,,,,,,,,,wpn_generic,5000,5000,1500,2250,0.7,0.7,0.5,wpn_generic,5000,5000,1500,2250,0.7,0.7,0.5,wpn_generic,5000,5000,1500,2250,0.7,0.7,0.5,wpn_seinar_concussion_missile_s01,5000,5000,2250,3250,0.75,0.75,3,wpn_seinar_concussion_missile_s01,5000,5000,2250,3250,0.75,0.75,3,,,,,,,,,,,,,,,,,,,,,,,,
krayt_tier8,11000,60,60,55,55,55,1.76,8000,8000,8000,8000,65,65,65,160,5000,5000,18000,18000,75,,,,,,11000,11000,5000,5000,5000,5000,50,,,,,,,,,wpn_generic,5000,5000,1750,2750,0.7,0.7,0.5,wpn_generic,5000,5000,1750,2750,0.7,0.7,0.5,wpn_generic,5000,5000,1750,2750,0.7,0.7,0.5,wpn_generic,5000,5000,1750,2750,0.7,0.7,0.5,wpn_seinar_concussion_missile_s01,5000,5000,2250,3250,0.75,0.75,3,,,,,,,,,,,,,,,,,,,,,,,,
firespray_tier8,11000,60,60,55,55,55,1.76,8000,8000,8000,8000,65,65,65,160,5000,5000,18000,18000,75,,,,,,11000,11000,5000,5000,5000,5000,50,,,,,,,,,wpn_generic,5000,5000,1750,2750,0.7,0.7,0.5,wpn_generic,5000,5000,1750,2750,0.7,0.7,0.5,wpn_seinar_concussion_missile_s01,5000,5000,2250,3250,0.75,0.75,3,,,,,,,,,,,,,,,,,,,,,,,,,,,,,,,,,,,,,,,,
rihkxyrk_tier8,11000,60,60,55,55,55,1.77,8000,8000,8000,8000,65,65,65,160,5000,5000,18000,18000,75,,,,,,11000,11000,5000,5000,5000,5000,50,,,,,,,,,wpn_generic,5000,5000,1750,2750,0.7,0.7,0.5,wpn_generic,5000,5000,1750,2750,0.7,0.7,0.5,wpn_generic,5000,5000,1750,2750,0.7,0.7,0.5,wpn_seinar_concussion_missile_s01,5000,5000,2250,3250,0.75,0.75,3,,,,,,,,,,,,,,,,,,,,,,,,,,,,,,,,
kihraxz_tier8,8000,70,60,60,60,60,1.87,5000,5000,5000,5000,70,70,70,160,5000,5000,15000,15000,50,,,,,,8000,8000,5000,5000,5000,5000,50,,,,,,,,,wpn_generic,5000,5000,1250,1750,0.7,0.7,0.5,,,,,,,,,,,,,,,,,,,,,,,,,,,,,,,,,,,,,,,,,,,,,,,,,,,,,,,,
ixiyen_s01_tier8,11000,70,60,60,60,60,1.8,8000,8000,8000,8000,70,70,70,160,5000,5000,15000,15000,50,,,,,,11000,11000,5000,5000,5000,5000,50,,,,,,,,,wpn_generic,5000,5000,1500,2250,0.7,0.7,0.5,wpn_generic,5000,5000,1500,2250,0.7,0.7,0.5,wpn_seinar_concussion_missile_s01,5000,5000,2250,3250,0.75,0.75,3,wpn_seinar_concussion_missile_s01,5000,5000,2250,3250,0.75,0.75,3,,,,,,,,,,,,,,,,,,,,,,,,,,,,,,,,
ixiyen_s02_tier8,11000,70,60,60,60,60,1.8,8000,8000,8000,8000,70,70,70,160,5000,5000,15000,15000,50,,,,,,11000,11000,5000,5000,5000,5000,50,,,,,,,,,wpn_generic,5000,5000,1500,2250,0.7,0.7,0.5,wpn_generic,5000,5000,1500,2250,0.7,0.7,0.5,wpn_seinar_concussion_missile_s01,5000,5000,2250,3250,0.75,0.75,3,wpn_seinar_concussion_missile_s01,5000,5000,2250,3250,0.75,0.75,3,,,,,,,,,,,,,,,,,,,,,,,,,,,,,,,,
ixiyen_s03_tier8,11000,70,60,60,60,60,1.8,8000,8000,8000,8000,70,70,70,160,5000,5000,15000,15000,50,,,,,,11000,11000,5000,5000,5000,5000,50,,,,,,,,,wpn_generic,5000,5000,1500,2250,0.7,0.7,0.5,wpn_generic,5000,5000,1500,2250,0.7,0.7,0.5,wpn_seinar_concussion_missile_s01,5000,5000,2250,3250,0.75,0.75,3,wpn_seinar_concussion_missile_s01,5000,5000,2250,3250,0.75,0.75,3,,,,,,,,,,,,,,,,,,,,,,,,,,,,,,,,
yt1300_tier8,15000,60,60,55,55,55,1.69,12000,12000,12000,12000,65,65,65,160,5000,5000,35000,35000,200,,,,,,15000,15000,5000,5000,5000,5000,50,,,,,,,,,wpn_tieadvanced_blaster,5000,5000,1750,2750,0.7,0.7,0.5,wpn_tieadvanced_blaster,5000,5000,1750,2750,0.7,0.7,0.78,wpn_seinar_concussion_missile_s01,5000,5000,2250,3250,0.75,0.75,3,wpn_seinar_concussion_missile_s01,5000,5000,2250,3250,0.75,0.75,3,,,,,,,,,,,,,,,,,,,,,,,,,,,,,,,,
tieadvanced_tier9,9500,80,60,80,80,80,1.9,5000,5000,5000,5000,80,80,80,180,5000,5000,15000,15000,50,,,,,,9500,9500,5000,5000,5000,5000,50,,,,,,,,,wpn_tieadvanced_blaster,5000,5000,1625,2375,0.7,0.7,0.5,,,,,,,,,,,,,,,,,,,,,,,,,,,,,,,,,,,,,,,,,,,,,,,,,,,,,,,,
tieaggressor_tier9,9500,80,60,80,80,80,1.8,5000,5000,5000,5000,80,80,80,180,5000,5000,15000,15000,50,,,,,,9500,9500,5000,5000,5000,5000,50,,,,,,,,,wpn_generic,5000,5000,1625,2375,0.7,0.7,0.5,wpn_tieadvanced_blaster,5000,5000,1625,2375,0.7,0.7,0.78,,,,,,,,,,,,,,,,,,,,,,,,,,,,,,,,,,,,,,,,,,,,,,,,
tiebomber_tier9,12500,70,60,60,60,60,1.8,8000,8000,8000,8000,70,70,70,180,5000,5000,18000,18000,75,,,,,,12500,12500,5000,5000,5000,5000,50,,,,,,,,,wpn_generic,5000,5000,1875,2875,0.7,0.7,0.5,wpn_generic,5000,5000,1875,2875,0.7,0.7,0.78,wpn_seinar_concussion_missile_s01,5000,5000,2375,3375,0.75,0.75,3,wpn_seinar_concussion_missile_s01,5000,5000,2375,3375,0.75,0.75,3,,,,,,,,,,,,,,,,,,,,,,,,,,,,,,,,
tiefighter_tier9,9500,80,60,80,80,80,1.85,5000,5000,5000,5000,80,80,80,180,,,,,,,,,,,9500,9500,5000,5000,5000,5000,50,,,,,,,,,wpn_generic,5000,5000,1375,1875,0.7,0.7,0.5,,,,,,,,,,,,,,,,,,,,,,,,,,,,,,,,,,,,,,,,,,,,,,,,,,,,,,,,
tieinterceptor_tier9,9500,80,60,80,80,80,1.8,5000,5000,5000,5000,80,80,80,180,,,,,,,,,,,9500,9500,5000,5000,5000,5000,50,,,,,,,,,wpn_tieadvanced_blaster,5000,5000,1375,1875,0.7,0.7,0.5,,,,,,,,,,,,,,,,,,,,,,,,,,,,,,,,,,,,,,,,,,,,,,,,,,,,,,,,
tieoppressor_tier9,12500,70,60,60,60,60,1.72,8000,8000,8000,8000,70,70,70,180,5000,5000,15000,15000,50,,,,,,12500,12500,5000,5000,5000,5000,50,,,,,,,,,wpn_tieadvanced_blaster,5000,5000,1625,2375,0.7,0.7,0.5,wpn_tieadvanced_blaster,5000,5000,1625,2375,0.7,0.7,0.78,wpn_seinar_concussion_missile_s01,5000,5000,2375,3375,0.75,0.75,3,wpn_seinar_concussion_missile_s01,5000,5000,2375,3375,0.75,0.75,3,,,,,,,,,,,,,,,,,,,,,,,,,,,,,,,,
decimator_tier9,16500,70,60,60,60,60,1.69,12000,12000,12000,12000,70,70,70,180,5000,5000,35000,35000,200,,,,,,16500,16500,5000,5000,5000,5000,50,,,,,,,,,wpn_tieadvanced_blaster,5000,5000,1875,2875,0.7,0.7,0.5,wpn_tieadvanced_blaster,5000,5000,1875,2875,0.7,0.7,0.78,wpn_seinar_concussion_missile_s01,5000,5000,2375,3375,0.75,0.75,3,wpn_seinar_concussion_missile_s01,5000,5000,2375,3375,0.75,0.75,3,,,,,,,,,,,,,,,,,,,,,,,,,,,,,,,,
z95_tier9,9500,80,60,80,80,80,1.84,5000,5000,5000,5000,80,80,80,180,5000,5000,15000,15000,50,,,,,,9500,9500,5000,5000,5000,5000,50,,,,,,,,,wpn_z95_blaster,5000,5000,1375,1875,0.7,0.7,0.5,,,,,,,,,,,,,,,,,,,,,,,,,,,,,,,,,,,,,,,,,,,,,,,,,,,,,,,,
xwing_tier9,9500,80,60,80,80,80,1.82,5000,5000,5000,5000,80,80,80,180,5000,5000,15000,15000,50,,,,,,9500,9500,5000,5000,5000,5000,50,,,,,,,,,wpn_incom_blaster,5000,5000,1625,2375,0.7,0.7,0.5,wpn_incom_blaster,5000,5000,1625,2375,0.7,0.7,0.78,wpn_seinar_concussion_missile_s01,5000,5000,2375,3375,0.75,0.75,3,,,,,,,,,,,,,,,,,,,,,,,,,,,,,,,,,,,,,,,,
awing_tier9,9500,80,60,80,80,80,1.62,5000,5000,5000,5000,80,80,80,180,5000,5000,12000,12000,50,,,,,,9500,9500,5000,5000,5000,5000,50,,,,,,,,,wpn_awing_blaster,5000,5000,1375,1875,0.7,0.7,0.5,,,,,,,,,,,,,,,,,,,,,,,,,,,,,,,,,,,,,,,,,,,,,,,,,,,,,,,,
bwing_tier9,12500,70,60,60,60,60,1.7,8000,8000,8000,8000,70,70,70,180,5000,5000,18000,18000,50,,,,,,12500,12500,5000,5000,5000,5000,50,,,,,,,,,wpn_bwing_blaster,5000,5000,1625,2375,0.7,0.7,0.5,wpn_bwing_blaster,5000,5000,1625,2375,0.7,0.7,0.78,wpn_bwing_blaster,5000,5000,1625,2375,0.7,0.7,0.78,wpn_bwing_blaster,5000,5000,1625,2375,0.7,0.7,0.78,wpn_seinar_concussion_missile_s01,5000,5000,2375,3375,0.75,0.75,3,wpn_seinar_concussion_missile_s01,5000,5000,2375,3375,0.75,0.75,3,,,,,,,,,,,,,,,,
ywing_tier9,12500,70,60,60,60,60,1.77,8000,8000,8000,8000,70,70,70,180,5000,5000,15000,15000,50,,,,,,12500,12500,5000,5000,5000,5000,50,,,,,,,,,wpn_incom_disruptor,5000,5000,1875,2875,0.7,0.7,0.5,wpn_slayn_ioncannon,5000,5000,1875,2875,0.7,0.7,0.78,wpn_seinar_concussion_missile_s01,5000,5000,2375,3375,0.75,0.75,3,wpn_seinar_concussion_missile_s01,5000,5000,2375,3375,0.75,0.75,3,,,,,,,,,,,,,,,,,,,,,,,,,,,,,,,,
ykl39r_tier9,16500,70,60,60,60,60,1.69,12000,12000,12000,12000,70,70,70,180,5000,5000,35000,35000,200,,,,,,16500,16500,5000,5000,5000,5000,50,,,,,,,,,wpn_tieadvanced_blaster,5000,5000,1875,2875,0.7,0.7,0.5,wpn_tieadvanced_blaster,5000,5000,1875,2875,0.7,0.7,0.78,wpn_seinar_concussion_missile_s01,5000,5000,2375,3375,0.75,0.75,3,wpn_seinar_concussion_missile_s01,5000,5000,2375,3375,0.75,0.75,3,,,,,,,,,,,,,,,,,,,,,,,,,,,,,,,,
scyk_s01_tier9,9500,80,60,80,80,80,1.95,5000,5000,5000,5000,80,80,80,180,5000,5000,12000,12000,50,,,,,,9500,9500,5000,5000,5000,5000,50,,,,,,,,,wpn_generic,5000,5000,1375,1875,0.7,0.7,0.5,,,,,,,,,,,,,,,,,,,,,,,,,,,,,,,,,,,,,,,,,,,,,,,,,,,,,,,,
scyk_s02_tier9,9500,80,60,80,80,80,1.75,5000,5000,5000,5000,80,80,80,180,5000,5000,12000,12000,50,,,,,,9500,9500,5000,5000,5000,5000,50,,,,,,,,,wpn_generic,5000,5000,1375,1875,0.7,0.7,0.5,,,,,,,,,,,,,,,,,,,,,,,,,,,,,,,,,,,,,,,,,,,,,,,,,,,,,,,,
dunelizard_s01_tier9,9500,80,60,80,80,80,1.9,5000,5000,5000,5000,80,80,80,180,5000,5000,15000,15000,50,,,,,,9500,9500,5000,5000,5000,5000,50,,,,,,,,,wpn_generic,5000,5000,1625,2375,0.7,0.7,0.5,wpn_generic,5000,5000,1625,2375,0.7,0.7,0.5,wpn_seinar_concussion_missile_s01,5000,5000,2375,3375,0.75,0.75,3,,,,,,,,,,,,,,,,,,,,,,,,,,,,,,,,,,,,,,,,
dunelizard_s02_tier9,9500,80,60,80,80,80,1.9,5000,5000,5000,5000,80,80,80,180,5000,5000,15000,15000,50,,,,,,9500,9500,5000,5000,5000,5000,50,,,,,,,,,wpn_generic,5000,5000,1625,2375,0.7,0.7,0.5,wpn_generic,5000,5000,1625,2375,0.7,0.7,0.5,wpn_seinar_concussion_missile_s01,5000,5000,2375,3375,0.75,0.75,3,,,,,,,,,,,,,,,,,,,,,,,,,,,,,,,,,,,,,,,,
kimogilla_s01_tier9,12500,70,60,60,60,60,1.95,8000,8000,8000,8000,70,70,70,180,5000,5000,15000,15000,50,,,,,,12500,12500,5000,5000,5000,5000,50,,,,,,,,,wpn_generic,5000,5000,1625,2375,0.7,0.7,0.5,wpn_generic,5000,5000,1625,2375,0.7,0.7,0.5,wpn_generic,5000,5000,1625,2375,0.7,0.7,0.5,wpn_seinar_concussion_missile_s01,5000,5000,2375,3375,0.75,0.75,3,wpn_seinar_concussion_missile_s01,5000,5000,2375,3375,0.75,0.75,3,,,,,,,,,,,,,,,,,,,,,,,,
kimogilla_s02_tier9,12500,70,60,60,60,60,1.76,8000,8000,8000,8000,70,70,70,180,5000,5000,15000,15000,50,,,,,,12500,12500,5000,5000,5000,5000,50,,,,,,,,,wpn_generic,5000,5000,1625,2375,0.7,0.7,0.5,wpn_generic,5000,5000,1625,2375,0.7,0.7,0.5,wpn_generic,5000,5000,1625,2375,0.7,0.7,0.5,wpn_seinar_concussion_missile_s01,5000,5000,2375,3375,0.75,0.75,3,wpn_seinar_concussion_missile_s01,5000,5000,2375,3375,0.75,0.75,3,,,,,,,,,,,,,,,,,,,,,,,,
krayt_tier9,12500,70,60,60,60,60,1.76,8000,8000,8000,8000,70,70,70,180,5000,5000,18000,18000,75,,,,,,12500,12500,5000,5000,5000,5000,50,,,,,,,,,wpn_generic,5000,5000,1875,2875,0.7,0.7,0.5,wpn_generic,5000,5000,1875,2875,0.7,0.7,0.5,wpn_generic,5000,5000,1875,2875,0.7,0.7,0.5,wpn_generic,5000,5000,1875,2875,0.7,0.7,0.5,wpn_seinar_concussion_missile_s01,5000,5000,2375,3375,0.75,0.75,3,,,,,,,,,,,,,,,,,,,,,,,,
firespray_tier9,12500,70,60,60,60,60,1.76,8000,8000,8000,8000,70,70,70,180,5000,5000,18000,18000,75,,,,,,12500,12500,5000,5000,5000,5000,50,,,,,,,,,wpn_generic,5000,5000,1875,2875,0.7,0.7,0.5,wpn_generic,5000,5000,1875,2875,0.7,0.7,0.5,wpn_seinar_concussion_missile_s01,5000,5000,2375,3375,0.75,0.75,3,,,,,,,,,,,,,,,,,,,,,,,,,,,,,,,,,,,,,,,,
rihkxyrk_tier9,12500,70,60,60,60,60,1.77,8000,8000,8000,8000,70,70,70,180,5000,5000,18000,18000,75,,,,,,12500,12500,5000,5000,5000,5000,50,,,,,,,,,wpn_generic,5000,5000,1875,2875,0.7,0.7,0.5,wpn_generic,5000,5000,1875,2875,0.7,0.7,0.5,wpn_generic,5000,5000,1875,2875,0.7,0.7,0.5,wpn_seinar_concussion_missile_s01,5000,5000,2375,3375,0.75,0.75,3,,,,,,,,,,,,,,,,,,,,,,,,,,,,,,,,
kihraxz_tier9,9500,80,60,80,80,80,1.87,5000,5000,5000,5000,80,80,80,180,5000,5000,15000,15000,50,,,,,,9500,9500,5000,5000,5000,5000,50,,,,,,,,,wpn_generic,5000,5000,1375,1875,0.7,0.7,0.5,,,,,,,,,,,,,,,,,,,,,,,,,,,,,,,,,,,,,,,,,,,,,,,,,,,,,,,,
ixiyen_s01_tier9,12500,80,60,80,80,80,1.8,8000,8000,8000,8000,80,80,80,180,5000,5000,15000,15000,50,,,,,,12500,12500,5000,5000,5000,5000,50,,,,,,,,,wpn_generic,5000,5000,1625,2375,0.7,0.7,0.5,wpn_generic,5000,5000,1625,2375,0.7,0.7,0.5,wpn_seinar_concussion_missile_s01,5000,5000,2375,3375,0.75,0.75,3,wpn_seinar_concussion_missile_s01,5000,5000,2375,3375,0.75,0.75,3,,,,,,,,,,,,,,,,,,,,,,,,,,,,,,,,
ixiyen_s02_tier9,12500,80,60,80,80,80,1.8,8000,8000,8000,8000,80,80,80,180,5000,5000,15000,15000,50,,,,,,12500,12500,5000,5000,5000,5000,50,,,,,,,,,wpn_generic,5000,5000,1625,2375,0.7,0.7,0.5,wpn_generic,5000,5000,1625,2375,0.7,0.7,0.5,wpn_seinar_concussion_missile_s01,5000,5000,2375,3375,0.75,0.75,3,wpn_seinar_concussion_missile_s01,5000,5000,2375,3375,0.75,0.75,3,,,,,,,,,,,,,,,,,,,,,,,,,,,,,,,,
ixiyen_s03_tier9,12500,80,60,80,80,80,1.8,8000,8000,8000,8000,80,80,80,180,5000,5000,15000,15000,50,,,,,,12500,12500,5000,5000,5000,5000,50,,,,,,,,,wpn_generic,5000,5000,1625,2375,0.7,0.7,0.5,wpn_generic,5000,5000,1625,2375,0.7,0.7,0.5,wpn_seinar_concussion_missile_s01,5000,5000,2375,3375,0.75,0.75,3,wpn_seinar_concussion_missile_s01,5000,5000,2375,3375,0.75,0.75,3,,,,,,,,,,,,,,,,,,,,,,,,,,,,,,,,
yt1300_tier9,16500,70,60,60,60,60,1.69,12000,12000,12000,12000,70,70,70,180,5000,5000,35000,35000,200,,,,,,16500,16500,5000,5000,5000,5000,50,,,,,,,,,wpn_tieadvanced_blaster,5000,5000,1875,2875,0.7,0.7,0.5,wpn_tieadvanced_blaster,5000,5000,1875,2875,0.7,0.7,0.78,wpn_seinar_concussion_missile_s01,5000,5000,2375,3375,0.75,0.75,3,wpn_seinar_concussion_missile_s01,5000,5000,2375,3375,0.75,0.75,3,,,,,,,,,,,,,,,,,,,,,,,,,,,,,,,,
tieadvanced_tier10,11000,90,70,90,90,90,1.9,5000,5000,5000,5000,90,90,90,200,5000,5000,15000,15000,50,,,,,,11000,11000,5000,5000,5000,5000,50,,,,,,,,,wpn_tieadvanced_blaster,5000,5000,1750,2500,0.7,0.7,0.5,,,,,,,,,,,,,,,,,,,,,,,,,,,,,,,,,,,,,,,,,,,,,,,,,,,,,,,,
tieaggressor_tier10,11000,90,70,90,90,90,1.8,5000,5000,5000,5000,90,90,90,200,5000,5000,15000,15000,50,,,,,,11000,11000,5000,5000,5000,5000,50,,,,,,,,,wpn_generic,5000,5000,1750,2500,0.7,0.7,0.5,wpn_tieadvanced_blaster,5000,5000,1750,2500,0.7,0.7,0.78,,,,,,,,,,,,,,,,,,,,,,,,,,,,,,,,,,,,,,,,,,,,,,,,
tiebomber_tier10,14000,80,60,80,80,80,1.8,8000,8000,8000,8000,80,80,80,200,5000,5000,18000,18000,75,,,,,,14000,14000,5000,5000,5000,5000,50,,,,,,,,,wpn_generic,5000,5000,2000,3000,0.7,0.7,0.5,wpn_generic,5000,5000,2000,3000,0.7,0.7,0.78,wpn_seinar_concussion_missile_s01,5000,5000,2500,3500,0.75,0.75,3,wpn_seinar_concussion_missile_s01,5000,5000,2500,3500,0.75,0.75,3,,,,,,,,,,,,,,,,,,,,,,,,,,,,,,,,
tiefighter_tier10,11000,90,70,90,90,90,1.85,5000,5000,5000,5000,90,90,90,200,,,,,,,,,,,11000,11000,5000,5000,5000,5000,50,,,,,,,,,wpn_generic,5000,5000,1500,2000,0.7,0.7,0.5,,,,,,,,,,,,,,,,,,,,,,,,,,,,,,,,,,,,,,,,,,,,,,,,,,,,,,,,
tieinterceptor_tier10,11000,90,70,90,90,90,1.8,5000,5000,5000,5000,90,90,90,200,,,,,,,,,,,11000,11000,5000,5000,5000,5000,50,,,,,,,,,wpn_tieadvanced_blaster,5000,5000,1500,2000,0.7,0.7,0.5,,,,,,,,,,,,,,,,,,,,,,,,,,,,,,,,,,,,,,,,,,,,,,,,,,,,,,,,
tieoppressor_tier10,14000,80,60,80,80,80,1.72,8000,8000,8000,8000,80,80,80,200,5000,5000,15000,15000,50,,,,,,14000,14000,5000,5000,5000,5000,50,,,,,,,,,wpn_tieadvanced_blaster,5000,5000,1750,2500,0.7,0.7,0.5,wpn_tieadvanced_blaster,5000,5000,1750,2500,0.7,0.7,0.78,wpn_seinar_concussion_missile_s01,5000,5000,2500,3500,0.75,0.75,3,wpn_seinar_concussion_missile_s01,5000,5000,2500,3500,0.75,0.75,3,,,,,,,,,,,,,,,,,,,,,,,,,,,,,,,,
decimator_tier10,18000,80,60,80,80,80,1.69,12000,12000,12000,12000,80,80,80,200,5000,5000,35000,35000,200,,,,,,18000,18000,5000,5000,5000,5000,50,,,,,,,,,wpn_tieadvanced_blaster,5000,5000,2000,3000,0.7,0.7,0.5,wpn_tieadvanced_blaster,5000,5000,2000,3000,0.7,0.7,0.78,wpn_seinar_concussion_missile_s01,5000,5000,2500,3500,0.75,0.75,3,wpn_seinar_concussion_missile_s01,5000,5000,2500,3500,0.75,0.75,3,,,,,,,,,,,,,,,,,,,,,,,,,,,,,,,,
z95_tier10,11000,90,70,90,90,90,1.84,5000,5000,5000,5000,90,90,90,200,5000,5000,15000,15000,50,,,,,,11000,11000,5000,5000,5000,5000,50,,,,,,,,,wpn_z95_blaster,5000,5000,1500,2000,0.7,0.7,0.5,,,,,,,,,,,,,,,,,,,,,,,,,,,,,,,,,,,,,,,,,,,,,,,,,,,,,,,,
xwing_tier10,11000,90,70,90,90,90,1.82,5000,5000,5000,5000,90,90,90,200,5000,5000,15000,15000,50,,,,,,11000,11000,5000,5000,5000,5000,50,,,,,,,,,wpn_incom_blaster,5000,5000,1750,2500,0.7,0.7,0.5,wpn_incom_blaster,5000,5000,1750,2500,0.7,0.7,0.78,wpn_seinar_concussion_missile_s01,5000,5000,2500,3500,0.75,0.75,3,,,,,,,,,,,,,,,,,,,,,,,,,,,,,,,,,,,,,,,,
awing_tier10,11000,90,70,90,90,90,1.62,5000,5000,5000,5000,90,90,90,200,5000,5000,12000,12000,50,,,,,,11000,11000,5000,5000,5000,5000,50,,,,,,,,,wpn_awing_blaster,5000,5000,1500,2000,0.7,0.7,0.5,,,,,,,,,,,,,,,,,,,,,,,,,,,,,,,,,,,,,,,,,,,,,,,,,,,,,,,,
bwing_tier10,14000,80,60,80,80,80,1.7,8000,8000,8000,8000,80,80,80,200,5000,5000,18000,18000,50,,,,,,14000,14000,5000,5000,5000,5000,50,,,,,,,,,wpn_bwing_blaster,5000,5000,1750,2500,0.7,0.7,0.5,wpn_bwing_blaster,5000,5000,1750,2500,0.7,0.7,0.78,wpn_bwing_blaster,5000,5000,1750,2500,0.7,0.7,0.78,wpn_bwing_blaster,5000,5000,1750,2500,0.7,0.7,0.78,wpn_seinar_concussion_missile_s01,5000,5000,2500,3500,0.75,0.75,3,wpn_seinar_concussion_missile_s01,5000,5000,2500,3500,0.75,0.75,3,,,,,,,,,,,,,,,,
ywing_tier10,14000,80,60,80,80,80,1.77,8000,8000,8000,8000,80,80,80,200,5000,5000,15000,15000,50,,,,,,14000,14000,5000,5000,5000,5000,50,,,,,,,,,wpn_incom_disruptor,5000,5000,2000,3000,0.7,0.7,0.5,wpn_slayn_ioncannon,5000,5000,2000,3000,0.7,0.7,0.78,wpn_seinar_concussion_missile_s01,5000,5000,2500,3500,0.75,0.75,3,wpn_seinar_concussion_missile_s01,5000,5000,2500,3500,0.75,0.75,3,,,,,,,,,,,,,,,,,,,,,,,,,,,,,,,,
ykl310r_tier10,18000,80,60,80,80,80,1.69,12000,12000,12000,12000,80,80,80,200,5000,5000,35000,35000,200,,,,,,18000,18000,5000,5000,5000,5000,50,,,,,,,,,wpn_tieadvanced_blaster,5000,5000,2000,3000,0.7,0.7,0.5,wpn_tieadvanced_blaster,5000,5000,2000,3000,0.7,0.7,0.78,wpn_seinar_concussion_missile_s01,5000,5000,2500,3500,0.75,0.75,3,wpn_seinar_concussion_missile_s01,5000,5000,2500,3500,0.75,0.75,3,,,,,,,,,,,,,,,,,,,,,,,,,,,,,,,,
scyk_s01_tier10,11000,90,70,90,90,90,1.95,5000,5000,5000,5000,90,90,90,200,5000,5000,12000,12000,50,,,,,,11000,11000,5000,5000,5000,5000,50,,,,,,,,,wpn_generic,5000,5000,1500,2000,0.7,0.7,0.5,,,,,,,,,,,,,,,,,,,,,,,,,,,,,,,,,,,,,,,,,,,,,,,,,,,,,,,,
scyk_s02_tier10,11000,90,70,90,90,90,1.75,5000,5000,5000,5000,90,90,90,200,5000,5000,12000,12000,50,,,,,,11000,11000,5000,5000,5000,5000,50,,,,,,,,,wpn_generic,5000,5000,1500,2000,0.7,0.7,0.5,,,,,,,,,,,,,,,,,,,,,,,,,,,,,,,,,,,,,,,,,,,,,,,,,,,,,,,,
dunelizard_s01_tier10,11000,90,70,90,90,90,1.9,5000,5000,5000,5000,90,90,90,200,5000,5000,15000,15000,50,,,,,,11000,11000,5000,5000,5000,5000,50,,,,,,,,,wpn_generic,5000,5000,1750,2500,0.7,0.7,0.5,wpn_generic,5000,5000,1750,2500,0.7,0.7,0.5,wpn_seinar_concussion_missile_s01,5000,5000,2500,3500,0.75,0.75,3,,,,,,,,,,,,,,,,,,,,,,,,,,,,,,,,,,,,,,,,
dunelizard_s02_tier10,11000,90,70,90,90,90,1.9,5000,5000,5000,5000,90,90,90,200,5000,5000,15000,15000,50,,,,,,11000,11000,5000,5000,5000,5000,50,,,,,,,,,wpn_generic,5000,5000,1750,2500,0.7,0.7,0.5,wpn_generic,5000,5000,1750,2500,0.7,0.7,0.5,wpn_seinar_concussion_missile_s01,5000,5000,2500,3500,0.75,0.75,3,,,,,,,,,,,,,,,,,,,,,,,,,,,,,,,,,,,,,,,,
kimogilla_s01_tier10,14000,80,60,80,80,80,1.95,8000,8000,8000,8000,80,80,80,200,5000,5000,15000,15000,50,,,,,,14000,14000,5000,5000,5000,5000,50,,,,,,,,,wpn_generic,5000,5000,1750,2500,0.7,0.7,0.5,wpn_generic,5000,5000,1750,2500,0.7,0.7,0.5,wpn_generic,5000,5000,1750,2500,0.7,0.7,0.5,wpn_seinar_concussion_missile_s01,5000,5000,2500,3500,0.75,0.75,3,wpn_seinar_concussion_missile_s01,5000,5000,2500,3500,0.75,0.75,3,,,,,,,,,,,,,,,,,,,,,,,,
kimogilla_s02_tier10,14000,80,60,80,80,80,1.76,8000,8000,8000,8000,80,80,80,200,5000,5000,15000,15000,50,,,,,,14000,14000,5000,5000,5000,5000,50,,,,,,,,,wpn_generic,5000,5000,1750,2500,0.7,0.7,0.5,wpn_generic,5000,5000,1750,2500,0.7,0.7,0.5,wpn_generic,5000,5000,1750,2500,0.7,0.7,0.5,wpn_seinar_concussion_missile_s01,5000,5000,2500,3500,0.75,0.75,3,wpn_seinar_concussion_missile_s01,5000,5000,2500,3500,0.75,0.75,3,,,,,,,,,,,,,,,,,,,,,,,,
krayt_tier10,14000,80,60,80,80,80,1.76,8000,8000,8000,8000,80,80,80,200,5000,5000,18000,18000,75,,,,,,14000,14000,5000,5000,5000,5000,50,,,,,,,,,wpn_generic,5000,5000,2000,3000,0.7,0.7,0.5,wpn_generic,5000,5000,2000,3000,0.7,0.7,0.5,wpn_generic,5000,5000,2000,3000,0.7,0.7,0.5,wpn_generic,5000,5000,2000,3000,0.7,0.7,0.5,wpn_seinar_concussion_missile_s01,5000,5000,2500,3500,0.75,0.75,3,,,,,,,,,,,,,,,,,,,,,,,,
firespray_tier10,14000,80,60,80,80,80,1.76,8000,8000,8000,8000,80,80,80,200,5000,5000,18000,18000,75,,,,,,14000,14000,5000,5000,5000,5000,50,,,,,,,,,wpn_generic,5000,5000,2000,3000,0.7,0.7,0.5,wpn_generic,5000,5000,2000,3000,0.7,0.7,0.5,wpn_seinar_concussion_missile_s01,5000,5000,2500,3500,0.75,0.75,3,,,,,,,,,,,,,,,,,,,,,,,,,,,,,,,,,,,,,,,,
rihkxyrk_tier10,14000,80,60,80,80,80,1.77,8000,8000,8000,8000,80,80,80,200,5000,5000,18000,18000,75,,,,,,14000,14000,5000,5000,5000,5000,50,,,,,,,,,wpn_generic,5000,5000,2000,3000,0.7,0.7,0.5,wpn_generic,5000,5000,2000,3000,0.7,0.7,0.5,wpn_generic,5000,5000,2000,3000,0.7,0.7,0.5,wpn_seinar_concussion_missile_s01,5000,5000,2500,3500,0.75,0.75,3,,,,,,,,,,,,,,,,,,,,,,,,,,,,,,,,
kihraxz_tier10,11000,90,70,90,90,90,1.87,5000,5000,5000,5000,90,90,90,200,5000,5000,15000,15000,50,,,,,,11000,11000,5000,5000,5000,5000,50,,,,,,,,,wpn_generic,5000,5000,1500,2000,0.7,0.7,0.5,,,,,,,,,,,,,,,,,,,,,,,,,,,,,,,,,,,,,,,,,,,,,,,,,,,,,,,,
ixiyen_s01_tier10,14000,90,70,90,90,90,1.8,8000,8000,8000,8000,90,90,90,200,5000,5000,15000,15000,50,,,,,,14000,14000,5000,5000,5000,5000,50,,,,,,,,,wpn_generic,5000,5000,1750,2500,0.7,0.7,0.5,wpn_generic,5000,5000,1750,2500,0.7,0.7,0.5,wpn_seinar_concussion_missile_s01,5000,5000,2500,3500,0.75,0.75,3,wpn_seinar_concussion_missile_s01,5000,5000,2500,3500,0.75,0.75,3,,,,,,,,,,,,,,,,,,,,,,,,,,,,,,,,
ixiyen_s02_tier10,14000,90,70,90,90,90,1.8,8000,8000,8000,8000,90,90,90,200,5000,5000,15000,15000,50,,,,,,14000,14000,5000,5000,5000,5000,50,,,,,,,,,wpn_generic,5000,5000,1750,2500,0.7,0.7,0.5,wpn_generic,5000,5000,1750,2500,0.7,0.7,0.5,wpn_seinar_concussion_missile_s01,5000,5000,2500,3500,0.75,0.75,3,wpn_seinar_concussion_missile_s01,5000,5000,2500,3500,0.75,0.75,3,,,,,,,,,,,,,,,,,,,,,,,,,,,,,,,,
ixiyen_s03_tier10,14000,90,70,90,90,90,1.8,8000,8000,8000,8000,90,90,90,200,5000,5000,15000,15000,50,,,,,,14000,14000,5000,5000,5000,5000,50,,,,,,,,,wpn_generic,5000,5000,1750,2500,0.7,0.7,0.5,wpn_generic,5000,5000,1750,2500,0.7,0.7,0.5,wpn_seinar_concussion_missile_s01,5000,5000,2500,3500,0.75,0.75,3,wpn_seinar_concussion_missile_s01,5000,5000,2500,3500,0.75,0.75,3,,,,,,,,,,,,,,,,,,,,,,,,,,,,,,,,
yt1300_tier10,18000,80,60,80,80,80,1.69,12000,12000,12000,12000,80,80,80,200,5000,5000,35000,35000,200,,,,,,18000,18000,5000,5000,5000,5000,50,,,,,,,,,wpn_tieadvanced_blaster,5000,5000,2000,3000,0.7,0.7,0.5,wpn_tieadvanced_blaster,5000,5000,2000,3000,0.7,0.7,0.78,wpn_seinar_concussion_missile_s01,5000,5000,2500,3500,0.75,0.75,3,wpn_seinar_concussion_missile_s01,5000,5000,2500,3500,0.75,0.75,3,,,,,,,,,,,,,,,,,,,,,,,,,,,,,,,,
imperial_lancer,60000,8,8,3,3,3,1.76,15000,15000,15000,15000,3,3,3,32,15000,10000,60000,60000,1000,15000,10000,60000,60000,1000,50000,50000,5000,10000,20,5000,,20,5000,15000,15000,10000,10000,10000,10000,,,,,,,,,,,,,,,,,,,,,,,,,,,,,,,,,,,,,,,,,,,,,,,,,,,,,,,,,,,,,,,,
nebulon_frigate,60000,8,8,3,3,3,1.76,15000,15000,15000,15000,3,3,3,32,15000,10000,60000,60000,1000,15000,10000,60000,60000,1000,50000,50000,5000,10000,20,5000,,20,5000,15000,15000,10000,10000,10000,10000,,,,,,,,,,,,,,,,,,,,,,,,,,,,,,,,,,,,,,,,,,,,,,,,,,,,,,,,,,,,,,,,
player_havoc,1643.2,18.3,16.9,53,53,53,1.5,300,300,300,300,32,32,32,46,300,300,1121,1121,9,300,300,3210,3210,6,400,400,,,20,20,15,20,20,20,,20,,20,,wpn_generic,200,200,510,580,,,0.287,wpn_generic,200,200,510,580,,,0.287,wpn_generic,200,200,510,580,,,0.287,wpn_seinar_concussion_missile_s01,20,20,23.6,23.6,,,0.345,wpn_seinar_concussion_missile_s01,20,20,23.6,23.6,,,0.345,wpn_std_countermeasure,250,250,25,100,,,0.1,,,,,,,,,,,,,,,,
player_tiedefender,1765,33.7,40.1,71,71,71,1.78,300,300,300,300,32,32,32,60,300,300,1099,1099,8,300,300,2865,2865,8,500,500,,,20,20,15,20,20,20,,20,,20,,wpn_generic,200,200,510,580,,,0.287,wpn_generic,200,200,510,580,,,0.287,wpn_generic,200,200,510,580,,,0.287,wpn_seinar_concussion_missile_s01,20,20,23.6,23.6,,,0.345,wpn_std_countermeasure,250,250,25,100,,,0.1,,,,,,,,,,,,,,,,,,,,,,,,
player_twing,1650,12.2,15.67,71,77,82,1.8,300,300,100,100,46,28,53,46,500,400,980,980,5,500,400,400,500,5,200,200,,,20,20,15,20,20,20,,20,,20,,wpn_generic,200,200,510,580,,,0.287,wpn_generic,200,200,510,580,,,0.287,wpn_generic,200,200,510,580,,,0.287,wpn_seinar_concussion_missile_s01,20,20,23.6,23.6,,,0.345,wpn_seinar_concussion_missile_s01,20,20,23.6,23.6,,,0.345,wpn_std_countermeasure,250,250,25,100,,,0.1,,,,,,,,,,,,,,,,
player_blacksun_vaksai_s02,519,16.8,8.4,61,61,61,1.81,300,300,100,100,34,34,34,55,500,400,300,500,5,500,400,400,500,5,300,300,,,20,20,,20,20,20,,20,,20,,wpn_incom_disruptor,200,200,120,250,,,0.345,,,,,,,,,,,,,,,,,,,,,,,,,,,,,,,,,,,,,,,,,,,,,,,,,,,,,,,,
